材料ID,品牌,车系,分析对象名称,车型价格范围,能源形式,车身形式,级别,座位数,来源类型,来源平台,地区,时间,年龄段,职业,家庭结构,是否已购,购车阶段,决策周期,主要决策人,决策影响人,用户原文,数据性质,拟定依据,参考来源标题,参考来源平台,参考来源URL
UM0001,一汽奥迪,奥迪A6L,奥迪A6L,32.89-55.89万,传统燃料/常规混合动力,轿车,中大型,5座,用户评论,车质网,山东,2026-08,30-35岁,私营业主,已婚二孩,未购,试驾体验,2个月以上,家庭共同决策,朋友/同事,看奥迪A6L主要是因为品牌稳、商务场合不出错，后排空间和隔音确实有传统豪华车的底子。我也比较了奔驰E级，奥迪的优惠和开起来的轻松感更吸引我，但车机智能化还是短板。,公开网页用户评论风格改写,奥迪A6L公开口碑中常见空间、隔音、底盘、豪华感和车机智能化、低速顿挫/维修等反馈。,奥迪A6L 车质网口碑,车质网,https://www.12365auto.com/review/1_0_0_1.shtml
UM0002,一汽奥迪,奥迪A6L,奥迪A6L,32.89-55.89万,传统燃料/常规混合动力,轿车,中大型,5座,访谈记录,销售反馈模拟,上海,2026-07,40-45岁,公务员/事业单位,已婚一孩,流失,已购复盘,1-2个月,本人+父母,无明显影响人,家里和公司都能用，所以我会优先考虑奥迪A6L这种成熟车型。它的后排空间和底盘质感是优势，不过现在新能源车配置给得太满，和宝马5系比起来会觉得智能座舱不够新。,公开网页访谈记录风格改写,A6L网友印象中有豪华、科技感、大气、空间不错，以及烧机油、小毛病等负向印象。,奥迪A6L 太平洋汽车车主点评,太平洋汽车,https://price.pcauto.com.cn/comment/sg4313/s48976/t3.0/
UM0003,一汽奥迪,奥迪A6L,奥迪A6L,32.89-55.89万,传统燃料/常规混合动力,轿车,中大型,5座,问卷回答,公开论坛/社区讨论,四川,2026-06,50岁以上,私营业主,商务+家庭兼用,未购,初步了解,1个月内,本人+配偶,父母,我对奥迪A6L的顾虑主要是后期维修保养和车机智能化，但是它的品牌认可度、乘坐体面感和售后体系比较稳。如果销售能把用车成本和保值解释清楚，我会更容易接受。,公开网页问卷回答风格改写,奥迪A6L公开口碑中常见空间、隔音、底盘、豪华感和车机智能化、低速顿挫/维修等反馈。,奥迪A6L 车质网口碑,车质网,https://www.12365auto.com/review/1_0_0_1.shtml
UM0004,一汽奥迪,奥迪A6L,奥迪A6L,32.89-55.89万,传统燃料/常规混合动力,轿车,中大型,5座,销售反馈,销售反馈模拟,湖北,2026-05,30-35岁,公务员/事业单位,已婚二孩,流失,试驾体验,2周左右,本人,朋友/同事,如果客户在奥迪A6L和凯迪拉克CT6之间犹豫，我觉得不能只说品牌，还是要讲清楚后排、隔音、底盘和优惠后的真实成交价值。对商务用户来说，稳定和体面感很重要。,公开网页销售反馈风格改写,奥迪A6L公开口碑中常见空间、隔音、底盘、豪华感和车机智能化、低速顿挫/维修等反馈。,奥迪A6L 车质网口碑,车质网,https://www.12365auto.com/review/1_0_0_1.shtml
UM0005,一汽奥迪,奥迪A6L,奥迪A6L,32.89-55.89万,传统燃料/常规混合动力,轿车,中大型,5座,用户评论,太平洋汽车,江苏,2026-04,40-45岁,私营业主,已婚一孩,未购,已购复盘,1周内,公司/家庭共同使用者,无明显影响人,试驾后我觉得奥迪A6L的底盘质感比很多新势力更扎实，长途开起来轻松。只是车机响应和智能化功能确实没有那么讨喜，年轻用户可能会因此转向新能源竞品。,公开网页用户评论风格改写,A6L网友印象中有豪华、科技感、大气、空间不错，以及烧机油、小毛病等负向印象。,奥迪A6L 太平洋汽车车主点评,太平洋汽车,https://price.pcauto.com.cn/comment/sg4313/s48976/t3.0/
UM0006,上汽通用五菱,星光L,星光L,11.28-13.58万,常规混合动力,SUV,中大型,6座,用户评论,车质网,北京,2026-08,25-30岁,互联网产品/运营,三代同住,意向中,对比评估,2个月以上,家庭共同决策,孩子,关注星光L主要是因为通过性和家庭出行适配，价格在11.28-13.58万这个区间内比较有吸引力。对比同价位竞品时，我会重点看空间、配置和长期用车成本。,公开网页用户评论风格改写,用于非重点品牌车系的公开车主口碑检索入口；具体车型后续可替换为逐车系URL。,车质网口碑通用入口,车质网,https://www.12365auto.com/review/
UM0007,上汽通用五菱,星光L,星光L,11.28-13.58万,常规混合动力,SUV,中大型,6座,访谈记录,公开网页评论整理,河南,2026-07,35-40岁,金融/咨询从业者,已婚一孩,已购,价格谈判,1-2个月,本人+父母,销售顾问,我对星光L的第一印象是实用，SUV车身能满足日常通勤和家庭使用。顾虑是后备厢满载空间，如果销售能把真实续航、保养或售后讲清楚，会更容易推动决策。,公开网页访谈记录风格改写,用于非重点品牌车系的公开车主口碑检索入口；具体车型后续可替换为逐车系URL。,车质网口碑通用入口,车质网,https://www.12365auto.com/review/
UM0008,上汽通用五菱,星光L,星光L,11.28-13.58万,常规混合动力,SUV,中大型,6座,问卷回答,公开问卷语料模拟,广东,2026-06,45-50岁,企业职员,三代同住,意向中,流失反馈,1个月内,本人+配偶,配偶,选车时把星光L和新能源替代车型放在一起比较，主要看价格、配置、能源形式和品牌可信度。它的优势在家庭出行适配，不足可能是油耗/电耗，需要试驾后再判断。,公开网页问卷回答风格改写,用于非重点品牌车系的公开车主口碑检索入口；具体车型后续可替换为逐车系URL。,车质网口碑通用入口,车质网,https://www.12365auto.com/review/
UM0009,特斯拉,Model Y,Model Y,26.35-31.35万,纯电动,SUV,中型,5座,用户评论,太平洋汽车,上海,2026-07,40-45岁,私营业主,已婚一孩,未购,已购复盘,1-2个月,本人+父母,无明显影响人,关注Model Y主要是因为电耗表现和驾驶响应，价格在26.35-31.35万这个区间内比较有吸引力。对比小鹏G6时，我会重点看空间、配置和长期用车成本。,公开网页用户评论风格改写,Model Y公开点评总结强调极简内饰、储物空间、Autopilot、OTA和用车经济性；顾虑涉及内饰质感、舒适性、冬季续航和保险/维修费用。,Model Y 太平洋汽车车主点评,太平洋汽车,https://price.pcauto.com.cn/comment/sg26651/
UM0010,特斯拉,Model Y,Model Y,26.35-31.35万,纯电动,SUV,中型,5座,访谈记录,销售反馈模拟,四川,2026-06,50岁以上,自由职业者,三代同住,流失,初步了解,1个月内,本人+配偶,父母,我对Model Y的第一印象是实用，SUV车身能满足日常通勤和家庭使用。顾虑是舒适性，如果销售能把真实续航、保养或售后讲清楚，会更容易推动决策。,公开网页访谈记录风格改写,Model Y公开点评总结强调极简内饰、储物空间、Autopilot、OTA和用车经济性；顾虑涉及内饰质感、舒适性、冬季续航和保险/维修费用。,Model Y 太平洋汽车车主点评,太平洋汽车,https://price.pcauto.com.cn/comment/sg26651/
UM0011,特斯拉,Model Y,Model Y,26.35-31.35万,纯电动,SUV,中型,5座,问卷回答,公开论坛/社区讨论,湖北,2026-05,30-35岁,公务员/事业单位,未婚/两人家庭,未购,试驾体验,2周左右,本人,朋友/同事,选车时把Model Y和理想L6放在一起比较，主要看价格、配置、能源形式和品牌可信度。它的优势在驾驶响应，不足可能是辅助驾驶付费，需要试驾后再判断。,公开网页问卷回答风格改写,Model Y公开点评总结强调极简内饰、储物空间、Autopilot、OTA和用车经济性；顾虑涉及内饰质感、舒适性、冬季续航和保险/维修费用。,Model Y 太平洋汽车车主点评,太平洋汽车,https://price.pcauto.com.cn/comment/sg26651/
UM0012,方程豹,钛7,钛7,17.98-23.98万,非增程式插混/纯电动,SUV,中型,5座,用户评论,车质网,广东,2026-06,25-30岁,设计/传媒从业者,商务+家庭兼用,已购,对比评估,1个月内,本人+配偶,孩子,关注钛7主要是因为通过性和家庭出行适配，价格在17.98-23.98万这个区间内比较有吸引力。对比新能源替代车型时，我会重点看空间、配置和长期用车成本。,公开网页用户评论风格改写,用于非重点品牌车系的公开车主口碑检索入口；具体车型后续可替换为逐车系URL。,车质网口碑通用入口,车质网,https://www.12365auto.com/review/
UM0013,方程豹,钛7,钛7,17.98-23.98万,非增程式插混/纯电动,SUV,中型,5座,访谈记录,公开问卷语料模拟,浙江,2026-05,35-40岁,个体经营者,已婚未育,意向中,价格谈判,2周左右,本人,销售顾问,我对钛7的第一印象是实用，SUV车身能满足日常通勤和家庭使用。顾虑是后备厢满载空间，如果销售能把真实续航、保养或售后讲清楚，会更容易推动决策。,公开网页访谈记录风格改写,用于非重点品牌车系的公开车主口碑检索入口；具体车型后续可替换为逐车系URL。,车质网口碑通用入口,车质网,https://www.12365auto.com/review/
UM0014,方程豹,钛7,钛7,17.98-23.98万,非增程式插混/纯电动,SUV,中型,5座,问卷回答,公开网页评论整理,湖南,2026-04,45-50岁,制造业管理岗,已婚二孩,已购,流失反馈,1周内,公司/家庭共同使用者,配偶,选车时把钛7和同级别车型放在一起比较，主要看价格、配置、能源形式和品牌可信度。它的优势在家庭出行适配，不足可能是油耗/电耗，需要试驾后再判断。,公开网页问卷回答风格改写,用于非重点品牌车系的公开车主口碑检索入口；具体车型后续可替换为逐车系URL。,车质网口碑通用入口,车质网,https://www.12365auto.com/review/
UM0015,比亚迪,大唐,大唐,23.99-30.99万,纯电动,SUV,大型,7座,用户评论,车质网,湖北,2026-05,40-45岁,互联网产品/运营,商务+家庭兼用,流失,已购复盘,2周左右,本人,无明显影响人,关注大唐主要是因为通过性和家庭出行适配，价格在23.99-30.99万这个区间内比较有吸引力。对比五菱星光时，我会重点看空间、配置和长期用车成本。,公开网页用户评论风格改写,用于非重点品牌车系的公开车主口碑检索入口；具体车型后续可替换为逐车系URL。,车质网口碑通用入口,车质网,https://www.12365auto.com/review/
UM0016,比亚迪,大唐,大唐,23.99-30.99万,纯电动,SUV,大型,7座,访谈记录,公开论坛/社区讨论,江苏,2026-04,50岁以上,金融/咨询从业者,已婚二孩,未购,初步了解,1周内,公司/家庭共同使用者,父母,我对大唐的第一印象是实用，SUV车身能满足日常通勤和家庭使用。顾虑是后备厢满载空间，如果销售能把真实续航、保养或售后讲清楚，会更容易推动决策。,公开网页访谈记录风格改写,用于非重点品牌车系的公开车主口碑检索入口；具体车型后续可替换为逐车系URL。,车质网口碑通用入口,车质网,https://www.12365auto.com/review/
UM0017,比亚迪,大唐,大唐,23.99-30.99万,纯电动,SUV,大型,7座,问卷回答,销售反馈模拟,山东,2026-08,30-35岁,企业职员,商务+家庭兼用,流失,试驾体验,2个月以上,家庭共同决策,朋友/同事,选车时把大唐和吉利银河放在一起比较，主要看价格、配置、能源形式和品牌可信度。它的优势在家庭出行适配，不足可能是油耗/电耗，需要试驾后再判断。,公开网页问卷回答风格改写,用于非重点品牌车系的公开车主口碑检索入口；具体车型后续可替换为逐车系URL。,车质网口碑通用入口,车质网,https://www.12365auto.com/review/
UM0018,吉利汽车,星愿,星愿,6.48-9.48万,纯电动,轿车,小型,5座,用户评论,车质网,湖南,2026-04,25-30岁,私营业主,商务+家庭兼用,意向中,对比评估,1周内,公司/家庭共同使用者,孩子,关注星愿主要是因为通勤舒适和外观协调，价格在6.48-9.48万这个区间内比较有吸引力。对比新能源替代车型时，我会重点看空间、配置和长期用车成本。,公开网页用户评论风格改写,用于非重点品牌车系的公开车主口碑检索入口；具体车型后续可替换为逐车系URL。,车质网口碑通用入口,车质网,https://www.12365auto.com/review/
UM0019,吉利汽车,星愿,星愿,6.48-9.48万,纯电动,轿车,小型,5座,访谈记录,公开网页评论整理,北京,2026-08,35-40岁,自由职业者,已婚未育,已购,价格谈判,2个月以上,家庭共同决策,销售顾问,我对星愿的第一印象是实用，轿车车身能满足日常通勤和家庭使用。顾虑是装载能力，如果销售能把真实续航、保养或售后讲清楚，会更容易推动决策。,公开网页访谈记录风格改写,用于非重点品牌车系的公开车主口碑检索入口；具体车型后续可替换为逐车系URL。,车质网口碑通用入口,车质网,https://www.12365auto.com/review/
UM0020,吉利汽车,星愿,星愿,6.48-9.48万,纯电动,轿车,小型,5座,问卷回答,公开问卷语料模拟,河南,2026-07,45-50岁,公务员/事业单位,已婚二孩,意向中,流失反馈,1-2个月,本人+父母,配偶,选车时把星愿和同级别车型放在一起比较，主要看价格、配置、能源形式和品牌可信度。它的优势在外观协调，不足可能是后排头部空间，需要试驾后再判断。,公开网页问卷回答风格改写,用于非重点品牌车系的公开车主口碑检索入口；具体车型后续可替换为逐车系URL。,车质网口碑通用入口,车质网,https://www.12365auto.com/review/
UM0021,广汽丰田,凯美瑞,凯美瑞,17.98-25.98万,传统燃料/常规混合动力,轿车,中型,5座,用户评论,车质网,山东,2026-08,40-45岁,设计/传媒从业者,已婚一孩,未购,已购复盘,2个月以上,家庭共同决策,无明显影响人,关注凯美瑞主要是因为通勤舒适和外观协调，价格在17.98-25.98万这个区间内比较有吸引力。对比理想L6时，我会重点看空间、配置和长期用车成本。,公开网页用户评论风格改写,用于非重点品牌车系的公开车主口碑检索入口；具体车型后续可替换为逐车系URL。,车质网口碑通用入口,车质网,https://www.12365auto.com/review/
UM0022,广汽丰田,凯美瑞,凯美瑞,17.98-25.98万,传统燃料/常规混合动力,轿车,中型,5座,访谈记录,销售反馈模拟,上海,2026-07,50岁以上,个体经营者,三代同住,流失,初步了解,1-2个月,本人+父母,父母,我对凯美瑞的第一印象是实用，轿车车身能满足日常通勤和家庭使用。顾虑是装载能力，如果销售能把真实续航、保养或售后讲清楚，会更容易推动决策。,公开网页访谈记录风格改写,用于非重点品牌车系的公开车主口碑检索入口；具体车型后续可替换为逐车系URL。,车质网口碑通用入口,车质网,https://www.12365auto.com/review/
UM0023,广汽丰田,凯美瑞,凯美瑞,17.98-25.98万,传统燃料/常规混合动力,轿车,中型,5座,问卷回答,公开论坛/社区讨论,四川,2026-06,30-35岁,制造业管理岗,未婚/两人家庭,未购,试驾体验,1个月内,本人+配偶,朋友/同事,选车时把凯美瑞和本田同级车型放在一起比较，主要看价格、配置、能源形式和品牌可信度。它的优势在外观协调，不足可能是后排头部空间，需要试驾后再判断。,公开网页问卷回答风格改写,用于非重点品牌车系的公开车主口碑检索入口；具体车型后续可替换为逐车系URL。,车质网口碑通用入口,车质网,https://www.12365auto.com/review/
UM0024,上汽通用五菱,华境S,华境S,15.98-20.38万,非增程式插混,SUV,大型,6座,用户评论,车质网,河南,2026-07,25-30岁,互联网产品/运营,已婚一孩,已购,对比评估,1-2个月,本人+父母,孩子,关注华境S主要是因为通过性和家庭出行适配，价格在15.98-20.38万这个区间内比较有吸引力。对比同价位竞品时，我会重点看空间、配置和长期用车成本。,公开网页用户评论风格改写,用于非重点品牌车系的公开车主口碑检索入口；具体车型后续可替换为逐车系URL。,车质网口碑通用入口,车质网,https://www.12365auto.com/review/
UM0025,上汽通用五菱,华境S,华境S,15.98-20.38万,非增程式插混,SUV,大型,6座,访谈记录,公开问卷语料模拟,广东,2026-06,35-40岁,金融/咨询从业者,三代同住,意向中,价格谈判,1个月内,本人+配偶,销售顾问,我对华境S的第一印象是实用，SUV车身能满足日常通勤和家庭使用。顾虑是后备厢满载空间，如果销售能把真实续航、保养或售后讲清楚，会更容易推动决策。,公开网页访谈记录风格改写,用于非重点品牌车系的公开车主口碑检索入口；具体车型后续可替换为逐车系URL。,车质网口碑通用入口,车质网,https://www.12365auto.com/review/
UM0026,上汽通用五菱,华境S,华境S,15.98-20.38万,非增程式插混,SUV,大型,6座,问卷回答,公开网页评论整理,浙江,2026-05,45-50岁,企业职员,已婚一孩,已购,流失反馈,2周左右,本人,配偶,选车时把华境S和新能源替代车型放在一起比较，主要看价格、配置、能源形式和品牌可信度。它的优势在家庭出行适配，不足可能是油耗/电耗，需要试驾后再判断。,公开网页问卷回答风格改写,用于非重点品牌车系的公开车主口碑检索入口；具体车型后续可替换为逐车系URL。,车质网口碑通用入口,车质网,https://www.12365auto.com/review/
UM0027,北京奔驰,奔驰E级,奔驰E级,37.88-59.98万,常规混合动力,轿车,中大型,5座,用户评论,太平洋汽车,四川,2026-06,40-45岁,公务员/事业单位,已婚一孩,流失,已购复盘,1个月内,本人+配偶,无明显影响人,关注奔驰E级主要是因为豪华感和后排空间，价格在37.88-59.98万这个区间内比较有吸引力。对比宝马5系时，我会重点看空间、配置和长期用车成本。,公开网页用户评论风格改写,奔驰E级公开点评总结强调后排空间、豪华内饰和科技感；配置差异和座椅/细节也有反馈。,奔驰E级 太平洋汽车车主点评,太平洋汽车,https://price.pcauto.com.cn/comment/sg1603/m112715/
UM0028,北京奔驰,奔驰E级,奔驰E级,37.88-59.98万,常规混合动力,轿车,中大型,5座,访谈记录,公开论坛/社区讨论,湖北,2026-05,50岁以上,私营业主,商务+家庭兼用,未购,初步了解,2周左右,本人,父母,我对奔驰E级的第一印象是实用，轿车车身能满足日常通勤和家庭使用。顾虑是价格权益，如果销售能把真实续航、保养或售后讲清楚，会更容易推动决策。,公开网页访谈记录风格改写,奔驰E级公开点评总结强调后排空间、豪华内饰和科技感；配置差异和座椅/细节也有反馈。,奔驰E级 太平洋汽车车主点评,太平洋汽车,https://price.pcauto.com.cn/comment/sg1603/m112715/
UM0029,北京奔驰,奔驰E级,奔驰E级,37.88-59.98万,常规混合动力,轿车,中大型,5座,问卷回答,销售反馈模拟,江苏,2026-04,30-35岁,公务员/事业单位,已婚二孩,流失,试驾体验,1周内,公司/家庭共同使用者,朋友/同事,选车时把奔驰E级和奥迪A6L放在一起比较，主要看价格、配置、能源形式和品牌可信度。它的优势在后排空间，不足可能是配置差异，需要试驾后再判断。,公开网页问卷回答风格改写,奔驰E级公开点评总结强调后排空间、豪华内饰和科技感；配置差异和座椅/细节也有反馈。,奔驰E级 太平洋汽车车主点评,太平洋汽车,https://price.pcauto.com.cn/comment/sg1603/m112715/
UM0030,一汽丰田,RAV4荣放,RAV4荣放,16.98-22.88万,传统燃料/常规混合动力,SUV,紧凑型,5座,用户评论,车质网,浙江,2026-05,25-30岁,设计/传媒从业者,商务+家庭兼用,意向中,对比评估,2周左右,本人,孩子,关注RAV4荣放主要是因为通过性和家庭出行适配，价格在16.98-22.88万这个区间内比较有吸引力。对比大众同级车型时，我会重点看空间、配置和长期用车成本。,公开网页用户评论风格改写,用于非重点品牌车系的公开车主口碑检索入口；具体车型后续可替换为逐车系URL。,车质网口碑通用入口,车质网,https://www.12365auto.com/review/
UM0031,一汽丰田,RAV4荣放,RAV4荣放,16.98-22.88万,传统燃料/常规混合动力,SUV,紧凑型,5座,访谈记录,公开网页评论整理,湖南,2026-04,35-40岁,个体经营者,已婚未育,已购,价格谈判,1周内,公司/家庭共同使用者,销售顾问,我对RAV4荣放的第一印象是实用，SUV车身能满足日常通勤和家庭使用。顾虑是后备厢满载空间，如果销售能把真实续航、保养或售后讲清楚，会更容易推动决策。,公开网页访谈记录风格改写,用于非重点品牌车系的公开车主口碑检索入口；具体车型后续可替换为逐车系URL。,车质网口碑通用入口,车质网,https://www.12365auto.com/review/
UM0032,一汽丰田,RAV4荣放,RAV4荣放,16.98-22.88万,传统燃料/常规混合动力,SUV,紧凑型,5座,问卷回答,公开问卷语料模拟,北京,2026-08,45-50岁,制造业管理岗,已婚二孩,意向中,流失反馈,2个月以上,家庭共同决策,配偶,选车时把RAV4荣放和比亚迪唐放在一起比较，主要看价格、配置、能源形式和品牌可信度。它的优势在家庭出行适配，不足可能是油耗/电耗，需要试驾后再判断。,公开网页问卷回答风格改写,用于非重点品牌车系的公开车主口碑检索入口；具体车型后续可替换为逐车系URL。,车质网口碑通用入口,车质网,https://www.12365auto.com/review/
UM0033,零跑,零跑A10,零跑A10,6.58-8.68万,纯电动,SUV,小型,5座,用户评论,车质网,江苏,2026-04,40-45岁,互联网产品/运营,已婚一孩,未购,已购复盘,1周内,公司/家庭共同使用者,无明显影响人,关注零跑A10主要是因为通过性和家庭出行适配，价格在6.58-8.68万这个区间内比较有吸引力。对比新能源替代车型时，我会重点看空间、配置和长期用车成本。,公开网页用户评论风格改写,用于非重点品牌车系的公开车主口碑检索入口；具体车型后续可替换为逐车系URL。,车质网口碑通用入口,车质网,https://www.12365auto.com/review/
UM0034,零跑,零跑A10,零跑A10,6.58-8.68万,纯电动,SUV,小型,5座,访谈记录,销售反馈模拟,山东,2026-08,50岁以上,金融/咨询从业者,三代同住,流失,初步了解,2个月以上,家庭共同决策,父母,我对零跑A10的第一印象是实用，SUV车身能满足日常通勤和家庭使用。顾虑是后备厢满载空间，如果销售能把真实续航、保养或售后讲清楚，会更容易推动决策。,公开网页访谈记录风格改写,用于非重点品牌车系的公开车主口碑检索入口；具体车型后续可替换为逐车系URL。,车质网口碑通用入口,车质网,https://www.12365auto.com/review/
UM0035,零跑,零跑A10,零跑A10,6.58-8.68万,纯电动,SUV,小型,5座,问卷回答,公开论坛/社区讨论,上海,2026-07,30-35岁,企业职员,未婚/两人家庭,未购,试驾体验,1-2个月,本人+父母,朋友/同事,选车时把零跑A10和同级别车型放在一起比较，主要看价格、配置、能源形式和品牌可信度。它的优势在家庭出行适配，不足可能是油耗/电耗，需要试驾后再判断。,公开网页问卷回答风格改写,用于非重点品牌车系的公开车主口碑检索入口；具体车型后续可替换为逐车系URL。,车质网口碑通用入口,车质网,https://www.12365auto.com/review/
UM0036,华晨宝马,宝马3系,宝马3系,25.80-33.80万,传统燃料,轿车,中型,5座,用户评论,汽车之家,北京,2026-08,25-30岁,企业中层管理,已婚一孩,已购,对比评估,2个月以上,家庭共同决策,孩子,看宝马3系主要是冲着操控和品牌去的，转向、动力响应和底盘质感仍然是优势。我也试了奥迪A4L，但宝马开起来更有参与感，只是配置性价比会影响家里人的接受度。,公开网页用户评论风格改写,宝马X3公开口碑整理强调2.0T动力、8AT配合、底盘运动和转向手感，也涉及内饰材料/配置复杂度等权衡。,宝马X3 汽车之家问答/口碑整理,汽车之家,https://www.autohome.com.cn/ask/17012537.html
UM0037,华晨宝马,宝马3系,宝马3系,25.80-33.80万,传统燃料,轿车,中型,5座,访谈记录,公开问卷语料模拟,河南,2026-07,35-40岁,金融/咨询从业者,商务+家庭兼用,意向中,价格谈判,1-2个月,本人+父母,销售顾问,宝马3系适合自己开，动力响应和变速箱匹配比较明显。家里人更关注后排和舒适，我会担心悬挂、配置和用车成本，尤其和奔驰C级放在一起比时性价比没有那么突出。,公开网页访谈记录风格改写,宝马X3公开口碑整理强调2.0T动力、8AT配合、底盘运动和转向手感，也涉及内饰材料/配置复杂度等权衡。,宝马X3 汽车之家问答/口碑整理,汽车之家,https://www.autohome.com.cn/ask/17012537.html
UM0038,华晨宝马,宝马3系,宝马3系,25.80-33.80万,传统燃料,轿车,中型,5座,问卷回答,公开网页评论整理,广东,2026-06,45-50岁,企业中层管理,已婚二孩,已购,流失反馈,1个月内,本人+配偶,配偶,如果预算到这个价位，我希望车既要有品牌，也要有智能化体验。宝马3系的传统机械素质没问题，但在座舱科技和配置完整度上，需要销售解释清楚它的价值。,公开网页问卷回答风格改写,宝马X3公开口碑整理强调2.0T动力、8AT配合、底盘运动和转向手感，也涉及内饰材料/配置复杂度等权衡。,宝马X3 汽车之家问答/口碑整理,汽车之家,https://www.autohome.com.cn/ask/17012537.html
UM0039,华晨宝马,宝马3系,宝马3系,25.80-33.80万,传统燃料,轿车,中型,5座,销售反馈,公开问卷语料模拟,浙江,2026-05,25-30岁,金融/咨询从业者,已婚一孩,意向中,对比评估,2周左右,本人,孩子,我对宝马3系的选择理由是驾驶质感和品牌认可，但如果主要是家庭用车，我会认真比较Model 3的空间和舒适配置。销售最好先判断我是自己开多还是全家坐多。,公开网页销售反馈风格改写,宝马X3公开口碑整理强调2.0T动力、8AT配合、底盘运动和转向手感，也涉及内饰材料/配置复杂度等权衡。,宝马X3 汽车之家问答/口碑整理,汽车之家,https://www.autohome.com.cn/ask/17012537.html
UM0040,华晨宝马,宝马3系,宝马3系,25.80-33.80万,传统燃料,轿车,中型,5座,用户评论,汽车之家,湖南,2026-04,35-40岁,企业中层管理,商务+家庭兼用,已购,价格谈判,1周内,公司/家庭共同使用者,销售顾问,宝马3系给我的感觉是产品性格很鲜明，适合重视驾驶的人。顾虑是智能化不足和后排舒适，如果后期优惠到位、保养方案清楚，我会更愿意下定。,公开网页用户评论风格改写,宝马X3公开口碑整理强调2.0T动力、8AT配合、底盘运动和转向手感，也涉及内饰材料/配置复杂度等权衡。,宝马X3 汽车之家问答/口碑整理,汽车之家,https://www.autohome.com.cn/ask/17012537.html
UM0041,理想,理想L6,理想L6,24.98万,增程式插混,SUV,中大型,5座,用户评论,懂车帝,山东,2026-08,25-30岁,企业职员,恋爱/情侣同住,未购,初步了解,1个月内,本人,配偶,这是我们的第一辆车，平时主要城市通勤，也会周末两个人短途出游。理想L6的五座空间、车机和增程方案比较均衡，但我会重点比较落地价格和首购权益。,Demo用户评论样本,基于理想L6年轻首购、城市通勤与准家庭画像拟定，仅用于产品Demo。,理想L6用户材料演示样本,Demo,
UM0042,理想,理想L6,理想L6,24.98万,增程式插混,SUV,中大型,5座,访谈记录,销售反馈模拟,上海,2026-07,30-35岁,专业人士,已婚无孩,未购,对比评估,2周左右,本人+配偶,配偶,我们准备这两年要孩子，所以想提前换一辆空间更宽松的SUV。理想L6比Model Y坐起来更舒适，长途又没有补能焦虑，但智能驾驶体验和价格权益还需要再比较。,Demo访谈记录,基于理想L6准家庭、空间预备与竞品比较画像拟定，仅用于产品Demo。,理想L6用户材料演示样本,Demo,
UM0043,理想,理想L6,理想L6,24.98万,增程式插混,SUV,中大型,5座,问卷回答,公开论坛/社区讨论,四川,2026-06,25-30岁,互联网/科技从业者,恋爱/情侣同住,未购,试驾体验,1-2个月,本人,配偶,首购预算比较敏感，我关注理想L6主要是车机、辅助驾驶和城市通勤体验。对比小米YU7时，L6的空间和增程便利更稳妥，但科技感和最终成交价会影响选择。,Demo问卷回答,基于理想L6年轻首购、智能体验与价格敏感画像拟定，仅用于产品Demo。,理想L6用户材料演示样本,Demo,
UM0044,理想,理想L6,理想L6,24.98万,增程式插混,SUV,中大型,5座,销售反馈,销售反馈模拟,湖北,2026-05,30-35岁,企业职员,已婚无孩,未购,对比评估,1个月内,本人+配偶,配偶,销售如果能把通勤能耗、周末出行成本和首购金融方案算清楚，会比只讲配置更有效。我们喜欢理想L6的五座空间和静谧性，但担心后续权益变化。,Demo销售反馈,基于理想L6首购决策、使用成本与权益顾虑画像拟定，仅用于产品Demo。,理想L6用户材料演示样本,Demo,
UM0045,理想,理想L6,理想L6,24.98万,增程式插混,SUV,中大型,5座,用户评论,懂车帝,江苏,2026-04,25-30岁,设计/传媒从业者,恋爱/情侣同住,未购,初步了解,2周左右,本人,配偶,我和伴侣都要开车，所以除了外观和智能座舱，也在意好不好上手。理想L6的空间和补能方式适合日常，但还会对比问界M7的智驾和门店服务再决定。,Demo用户评论样本,基于理想L6情侣共用、智能座舱与竞品比较画像拟定，仅用于产品Demo。,理想L6用户材料演示样本,Demo,
UM0046,小鹏,小鹏MONA L03,小鹏MONA L03,12.38-15.68万,纯电动/增程式插混,SUV,紧凑型,5座,用户评论,车质网,北京,2026-08,45-50岁,制造业管理岗,已婚二孩,意向中,流失反馈,2个月以上,家庭共同决策,配偶,关注小鹏MONA L03主要是因为通过性和家庭出行适配，价格在12.38-15.68万这个区间内比较有吸引力。对比同级别车型时，我会重点看空间、配置和长期用车成本。,公开网页用户评论风格改写,用于非重点品牌车系的公开车主口碑检索入口；具体车型后续可替换为逐车系URL。,车质网口碑通用入口,车质网,https://www.12365auto.com/review/
UM0047,小鹏,小鹏MONA L03,小鹏MONA L03,12.38-15.68万,纯电动/增程式插混,SUV,紧凑型,5座,访谈记录,公开网页评论整理,河南,2026-07,25-30岁,私营业主,商务+家庭兼用,已购,对比评估,1-2个月,本人+父母,孩子,我对小鹏MONA L03的第一印象是实用，SUV车身能满足日常通勤和家庭使用。顾虑是后备厢满载空间，如果销售能把真实续航、保养或售后讲清楚，会更容易推动决策。,公开网页访谈记录风格改写,用于非重点品牌车系的公开车主口碑检索入口；具体车型后续可替换为逐车系URL。,车质网口碑通用入口,车质网,https://www.12365auto.com/review/
UM0048,小鹏,小鹏MONA L03,小鹏MONA L03,12.38-15.68万,纯电动/增程式插混,SUV,紧凑型,5座,问卷回答,公开问卷语料模拟,广东,2026-06,35-40岁,自由职业者,已婚未育,意向中,价格谈判,1个月内,本人+配偶,销售顾问,选车时把小鹏MONA L03和同价位竞品放在一起比较，主要看价格、配置、能源形式和品牌可信度。它的优势在家庭出行适配，不足可能是油耗/电耗，需要试驾后再判断。,公开网页问卷回答风格改写,用于非重点品牌车系的公开车主口碑检索入口；具体车型后续可替换为逐车系URL。,车质网口碑通用入口,车质网,https://www.12365auto.com/review/
UM0049,一汽奥迪,奥迪Q5L,奥迪Q5L,30.98-39.98万,传统燃料/常规混合动力,SUV,中型,5座,用户评论,车质网,上海,2026-07,30-35岁,私营业主,已婚二孩,未购,试驾体验,1-2个月,本人+父母,朋友/同事,看奥迪Q5L主要是因为品牌稳、商务场合不出错，后排空间和隔音确实有传统豪华车的底子。我也比较了奔驰GLC，奥迪的优惠和开起来的轻松感更吸引我，但车机智能化还是短板。,公开网页用户评论风格改写,奥迪A6L公开口碑中常见空间、隔音、底盘、豪华感和车机智能化、低速顿挫/维修等反馈。,奥迪A6L 车质网口碑,车质网,https://www.12365auto.com/review/1_0_0_1.shtml
UM0050,一汽奥迪,奥迪Q5L,奥迪Q5L,30.98-39.98万,传统燃料/常规混合动力,SUV,中型,5座,访谈记录,销售反馈模拟,四川,2026-06,40-45岁,公务员/事业单位,已婚一孩,流失,已购复盘,1个月内,本人+配偶,无明显影响人,家里和公司都能用，所以我会优先考虑奥迪Q5L这种成熟车型。它的后排空间和底盘质感是优势，不过现在新能源车配置给得太满，和宝马X3比起来会觉得智能座舱不够新。,公开网页访谈记录风格改写,奥迪A6L公开口碑中常见空间、隔音、底盘、豪华感和车机智能化、低速顿挫/维修等反馈。,奥迪A6L 车质网口碑,车质网,https://www.12365auto.com/review/1_0_0_1.shtml
UM0051,一汽奥迪,奥迪Q5L,奥迪Q5L,30.98-39.98万,传统燃料/常规混合动力,SUV,中型,5座,问卷回答,公开论坛/社区讨论,湖北,2026-05,50岁以上,私营业主,商务+家庭兼用,未购,初步了解,2周左右,本人,父母,我对奥迪Q5L的顾虑主要是后期维修保养和车机智能化，但是它的品牌认可度、乘坐体面感和售后体系比较稳。如果销售能把用车成本和保值解释清楚，我会更容易接受。,公开网页问卷回答风格改写,奥迪A6L公开口碑中常见空间、隔音、底盘、豪华感和车机智能化、低速顿挫/维修等反馈。,奥迪A6L 车质网口碑,车质网,https://www.12365auto.com/review/1_0_0_1.shtml
UM0052,一汽奥迪,奥迪Q5L,奥迪Q5L,30.98-39.98万,传统燃料/常规混合动力,SUV,中型,5座,销售反馈,销售反馈模拟,江苏,2026-04,30-35岁,公务员/事业单位,已婚二孩,流失,试驾体验,1周内,公司/家庭共同使用者,朋友/同事,如果客户在奥迪Q5L和Model Y之间犹豫，我觉得不能只说品牌，还是要讲清楚后排、隔音、底盘和优惠后的真实成交价值。对商务用户来说，稳定和体面感很重要。,公开网页销售反馈风格改写,A6L网友印象中有豪华、科技感、大气、空间不错，以及烧机油、小毛病等负向印象。,奥迪A6L 太平洋汽车车主点评,太平洋汽车,https://price.pcauto.com.cn/comment/sg4313/s48976/t3.0/
UM0053,一汽奥迪,奥迪Q5L,奥迪Q5L,30.98-39.98万,传统燃料/常规混合动力,SUV,中型,5座,用户评论,太平洋汽车,山东,2026-08,40-45岁,私营业主,已婚一孩,未购,已购复盘,2个月以上,家庭共同决策,无明显影响人,试驾后我觉得奥迪Q5L的底盘质感比很多新势力更扎实，长途开起来轻松。只是车机响应和智能化功能确实没有那么讨喜，年轻用户可能会因此转向新能源竞品。,公开网页用户评论风格改写,A6L网友印象中有豪华、科技感、大气、空间不错，以及烧机油、小毛病等负向印象。,奥迪A6L 太平洋汽车车主点评,太平洋汽车,https://price.pcauto.com.cn/comment/sg4313/s48976/t3.0/
UM0054,东风日产,日产NX8,日产NX8,15.99-20.99万,纯电动/增程式插混,SUV,中大型,5座,用户评论,车质网,河南,2026-07,25-30岁,私营业主,商务+家庭兼用,意向中,对比评估,1-2个月,本人+父母,孩子,关注日产NX8主要是因为通过性和家庭出行适配，价格在15.99-20.99万这个区间内比较有吸引力。对比新能源替代车型时，我会重点看空间、配置和长期用车成本。,公开网页用户评论风格改写,用于非重点品牌车系的公开车主口碑检索入口；具体车型后续可替换为逐车系URL。,车质网口碑通用入口,车质网,https://www.12365auto.com/review/
UM0055,东风日产,日产NX8,日产NX8,15.99-20.99万,纯电动/增程式插混,SUV,中大型,5座,访谈记录,公开网页评论整理,广东,2026-06,35-40岁,自由职业者,已婚未育,已购,价格谈判,1个月内,本人+配偶,销售顾问,我对日产NX8的第一印象是实用，SUV车身能满足日常通勤和家庭使用。顾虑是后备厢满载空间，如果销售能把真实续航、保养或售后讲清楚，会更容易推动决策。,公开网页访谈记录风格改写,用于非重点品牌车系的公开车主口碑检索入口；具体车型后续可替换为逐车系URL。,车质网口碑通用入口,车质网,https://www.12365auto.com/review/
UM0056,东风日产,日产NX8,日产NX8,15.99-20.99万,纯电动/增程式插混,SUV,中大型,5座,问卷回答,公开问卷语料模拟,浙江,2026-05,45-50岁,公务员/事业单位,已婚二孩,意向中,流失反馈,2周左右,本人,配偶,选车时把日产NX8和同级别车型放在一起比较，主要看价格、配置、能源形式和品牌可信度。它的优势在家庭出行适配，不足可能是油耗/电耗，需要试驾后再判断。,公开网页问卷回答风格改写,用于非重点品牌车系的公开车主口碑检索入口；具体车型后续可替换为逐车系URL。,车质网口碑通用入口,车质网,https://www.12365auto.com/review/
UM0057,上汽通用五菱,宏光MINIEV,宏光MINIEV,3.58-5.58万,纯电动,轿车,微型,4座,用户评论,车质网,四川,2026-06,40-45岁,设计/传媒从业者,已婚一孩,未购,已购复盘,1个月内,本人+配偶,无明显影响人,关注宏光MINIEV主要是因为通勤舒适和外观协调，价格在3.58-5.58万这个区间内比较有吸引力。对比新能源替代车型时，我会重点看空间、配置和长期用车成本。,公开网页用户评论风格改写,用于非重点品牌车系的公开车主口碑检索入口；具体车型后续可替换为逐车系URL。,车质网口碑通用入口,车质网,https://www.12365auto.com/review/
UM0058,上汽通用五菱,宏光MINIEV,宏光MINIEV,3.58-5.58万,纯电动,轿车,微型,4座,访谈记录,销售反馈模拟,湖北,2026-05,50岁以上,个体经营者,三代同住,流失,初步了解,2周左右,本人,父母,我对宏光MINIEV的第一印象是实用，轿车车身能满足日常通勤和家庭使用。顾虑是装载能力，如果销售能把真实续航、保养或售后讲清楚，会更容易推动决策。,公开网页访谈记录风格改写,用于非重点品牌车系的公开车主口碑检索入口；具体车型后续可替换为逐车系URL。,车质网口碑通用入口,车质网,https://www.12365auto.com/review/
UM0059,上汽通用五菱,宏光MINIEV,宏光MINIEV,3.58-5.58万,纯电动,轿车,微型,4座,问卷回答,公开论坛/社区讨论,江苏,2026-04,30-35岁,制造业管理岗,未婚/两人家庭,未购,试驾体验,1周内,公司/家庭共同使用者,朋友/同事,选车时把宏光MINIEV和同级别车型放在一起比较，主要看价格、配置、能源形式和品牌可信度。它的优势在外观协调，不足可能是后排头部空间，需要试驾后再判断。,公开网页问卷回答风格改写,用于非重点品牌车系的公开车主口碑检索入口；具体车型后续可替换为逐车系URL。,车质网口碑通用入口,车质网,https://www.12365auto.com/review/
UM0060,长安汽车,长安Lumin,长安Lumin,3.79-6.59万,纯电动,轿车,微型,4座,用户评论,车质网,浙江,2026-05,25-30岁,互联网产品/运营,商务+家庭兼用,已购,对比评估,2周左右,本人,孩子,关注长安Lumin主要是因为通勤舒适和外观协调，价格在3.79-6.59万这个区间内比较有吸引力。对比同级别车型时，我会重点看空间、配置和长期用车成本。,公开网页用户评论风格改写,用于非重点品牌车系的公开车主口碑检索入口；具体车型后续可替换为逐车系URL。,车质网口碑通用入口,车质网,https://www.12365auto.com/review/
UM0061,长安汽车,长安Lumin,长安Lumin,3.79-6.59万,纯电动,轿车,微型,4座,访谈记录,公开问卷语料模拟,湖南,2026-04,35-40岁,金融/咨询从业者,已婚未育,意向中,价格谈判,1周内,公司/家庭共同使用者,销售顾问,我对长安Lumin的第一印象是实用，轿车车身能满足日常通勤和家庭使用。顾虑是装载能力，如果销售能把真实续航、保养或售后讲清楚，会更容易推动决策。,公开网页访谈记录风格改写,用于非重点品牌车系的公开车主口碑检索入口；具体车型后续可替换为逐车系URL。,车质网口碑通用入口,车质网,https://www.12365auto.com/review/
UM0062,长安汽车,长安Lumin,长安Lumin,3.79-6.59万,纯电动,轿车,微型,4座,问卷回答,公开网页评论整理,北京,2026-08,45-50岁,企业职员,已婚二孩,已购,流失反馈,2个月以上,家庭共同决策,配偶,选车时把长安Lumin和同价位竞品放在一起比较，主要看价格、配置、能源形式和品牌可信度。它的优势在外观协调，不足可能是后排头部空间，需要试驾后再判断。,公开网页问卷回答风格改写,用于非重点品牌车系的公开车主口碑检索入口；具体车型后续可替换为逐车系URL。,车质网口碑通用入口,车质网,https://www.12365auto.com/review/
UM0063,上汽通用五菱,五菱宏光,五菱宏光,4.60-6.09万,纯电动,轿车,微型,4座,用户评论,车质网,江苏,2026-04,40-45岁,私营业主,已婚一孩,流失,已购复盘,1周内,公司/家庭共同使用者,无明显影响人,关注五菱宏光主要是因为通勤舒适和外观协调，价格在4.60-6.09万这个区间内比较有吸引力。对比同级别车型时，我会重点看空间、配置和长期用车成本。,公开网页用户评论风格改写,用于非重点品牌车系的公开车主口碑检索入口；具体车型后续可替换为逐车系URL。,车质网口碑通用入口,车质网,https://www.12365auto.com/review/
UM0064,上汽通用五菱,五菱宏光,五菱宏光,4.60-6.09万,纯电动,轿车,微型,4座,访谈记录,公开论坛/社区讨论,山东,2026-08,50岁以上,自由职业者,三代同住,未购,初步了解,2个月以上,家庭共同决策,父母,我对五菱宏光的第一印象是实用，轿车车身能满足日常通勤和家庭使用。顾虑是装载能力，如果销售能把真实续航、保养或售后讲清楚，会更容易推动决策。,公开网页访谈记录风格改写,用于非重点品牌车系的公开车主口碑检索入口；具体车型后续可替换为逐车系URL。,车质网口碑通用入口,车质网,https://www.12365auto.com/review/
UM0065,上汽通用五菱,五菱宏光,五菱宏光,4.60-6.09万,纯电动,轿车,微型,4座,问卷回答,销售反馈模拟,上海,2026-07,30-35岁,公务员/事业单位,未婚/两人家庭,流失,试驾体验,1-2个月,本人+父母,朋友/同事,选车时把五菱宏光和同价位竞品放在一起比较，主要看价格、配置、能源形式和品牌可信度。它的优势在外观协调，不足可能是后排头部空间，需要试驾后再判断。,公开网页问卷回答风格改写,用于非重点品牌车系的公开车主口碑检索入口；具体车型后续可替换为逐车系URL。,车质网口碑通用入口,车质网,https://www.12365auto.com/review/
UM0066,一汽奔腾,奔腾小马,奔腾小马,3.49-4.59万,纯电动,轿车,微型,4座,用户评论,车质网,北京,2026-08,25-30岁,设计/传媒从业者,商务+家庭兼用,意向中,对比评估,2个月以上,家庭共同决策,孩子,关注奔腾小马主要是因为通勤舒适和外观协调，价格在3.49-4.59万这个区间内比较有吸引力。对比同级别车型时，我会重点看空间、配置和长期用车成本。,公开网页用户评论风格改写,用于非重点品牌车系的公开车主口碑检索入口；具体车型后续可替换为逐车系URL。,车质网口碑通用入口,车质网,https://www.12365auto.com/review/
UM0067,一汽奔腾,奔腾小马,奔腾小马,3.49-4.59万,纯电动,轿车,微型,4座,访谈记录,公开网页评论整理,河南,2026-07,35-40岁,个体经营者,已婚未育,已购,价格谈判,1-2个月,本人+父母,销售顾问,我对奔腾小马的第一印象是实用，轿车车身能满足日常通勤和家庭使用。顾虑是装载能力，如果销售能把真实续航、保养或售后讲清楚，会更容易推动决策。,公开网页访谈记录风格改写,用于非重点品牌车系的公开车主口碑检索入口；具体车型后续可替换为逐车系URL。,车质网口碑通用入口,车质网,https://www.12365auto.com/review/
UM0068,一汽奔腾,奔腾小马,奔腾小马,3.49-4.59万,纯电动,轿车,微型,4座,问卷回答,公开问卷语料模拟,广东,2026-06,45-50岁,制造业管理岗,已婚二孩,意向中,流失反馈,1个月内,本人+配偶,配偶,选车时把奔腾小马和同价位竞品放在一起比较，主要看价格、配置、能源形式和品牌可信度。它的优势在外观协调，不足可能是后排头部空间，需要试驾后再判断。,公开网页问卷回答风格改写,用于非重点品牌车系的公开车主口碑检索入口；具体车型后续可替换为逐车系URL。,车质网口碑通用入口,车质网,https://www.12365auto.com/review/
UM0069,奇瑞新能源,QQ冰淇淋,QQ冰淇淋,3.69-4.99万,纯电动,轿车,微型,4座,用户评论,车质网,上海,2026-07,40-45岁,互联网产品/运营,已婚一孩,未购,已购复盘,1-2个月,本人+父母,无明显影响人,关注QQ冰淇淋主要是因为通勤舒适和外观协调，价格在3.69-4.99万这个区间内比较有吸引力。对比新能源替代车型时，我会重点看空间、配置和长期用车成本。,公开网页用户评论风格改写,用于非重点品牌车系的公开车主口碑检索入口；具体车型后续可替换为逐车系URL。,车质网口碑通用入口,车质网,https://www.12365auto.com/review/
UM0070,奇瑞新能源,QQ冰淇淋,QQ冰淇淋,3.69-4.99万,纯电动,轿车,微型,4座,访谈记录,销售反馈模拟,四川,2026-06,50岁以上,金融/咨询从业者,三代同住,流失,初步了解,1个月内,本人+配偶,父母,我对QQ冰淇淋的第一印象是实用，轿车车身能满足日常通勤和家庭使用。顾虑是装载能力，如果销售能把真实续航、保养或售后讲清楚，会更容易推动决策。,公开网页访谈记录风格改写,用于非重点品牌车系的公开车主口碑检索入口；具体车型后续可替换为逐车系URL。,车质网口碑通用入口,车质网,https://www.12365auto.com/review/
UM0071,奇瑞新能源,QQ冰淇淋,QQ冰淇淋,3.69-4.99万,纯电动,轿车,微型,4座,问卷回答,公开论坛/社区讨论,湖北,2026-05,30-35岁,企业职员,未婚/两人家庭,未购,试驾体验,2周左右,本人,朋友/同事,选车时把QQ冰淇淋和同级别车型放在一起比较，主要看价格、配置、能源形式和品牌可信度。它的优势在外观协调，不足可能是后排头部空间，需要试驾后再判断。,公开网页问卷回答风格改写,用于非重点品牌车系的公开车主口碑检索入口；具体车型后续可替换为逐车系URL。,车质网口碑通用入口,车质网,https://www.12365auto.com/review/
UM0072,凯翼汽车,凯翼拾月,凯翼拾月,4.79-6.99万,纯电动,轿车,微型,5座,用户评论,车质网,广东,2026-06,25-30岁,私营业主,商务+家庭兼用,已购,对比评估,1个月内,本人+配偶,孩子,关注凯翼拾月主要是因为通勤舒适和外观协调，价格在4.79-6.99万这个区间内比较有吸引力。对比同级别车型时，我会重点看空间、配置和长期用车成本。,公开网页用户评论风格改写,用于非重点品牌车系的公开车主口碑检索入口；具体车型后续可替换为逐车系URL。,车质网口碑通用入口,车质网,https://www.12365auto.com/review/
UM0073,凯翼汽车,凯翼拾月,凯翼拾月,4.79-6.99万,纯电动,轿车,微型,5座,访谈记录,公开问卷语料模拟,浙江,2026-05,35-40岁,自由职业者,已婚未育,意向中,价格谈判,2周左右,本人,销售顾问,我对凯翼拾月的第一印象是实用，轿车车身能满足日常通勤和家庭使用。顾虑是装载能力，如果销售能把真实续航、保养或售后讲清楚，会更容易推动决策。,公开网页访谈记录风格改写,用于非重点品牌车系的公开车主口碑检索入口；具体车型后续可替换为逐车系URL。,车质网口碑通用入口,车质网,https://www.12365auto.com/review/
UM0074,凯翼汽车,凯翼拾月,凯翼拾月,4.79-6.99万,纯电动,轿车,微型,5座,问卷回答,公开网页评论整理,湖南,2026-04,45-50岁,公务员/事业单位,已婚二孩,已购,流失反馈,1周内,公司/家庭共同使用者,配偶,选车时把凯翼拾月和同价位竞品放在一起比较，主要看价格、配置、能源形式和品牌可信度。它的优势在外观协调，不足可能是后排头部空间，需要试驾后再判断。,公开网页问卷回答风格改写,用于非重点品牌车系的公开车主口碑检索入口；具体车型后续可替换为逐车系URL。,车质网口碑通用入口,车质网,https://www.12365auto.com/review/
UM0075,睿蓝汽车,睿蓝蓝气球,睿蓝蓝气球,4.69-5.09万,纯电动,轿车,微型,4座,用户评论,车质网,湖北,2026-05,40-45岁,设计/传媒从业者,已婚一孩,流失,已购复盘,2周左右,本人,无明显影响人,关注睿蓝蓝气球主要是因为通勤舒适和外观协调，价格在4.69-5.09万这个区间内比较有吸引力。对比新能源替代车型时，我会重点看空间、配置和长期用车成本。,公开网页用户评论风格改写,用于非重点品牌车系的公开车主口碑检索入口；具体车型后续可替换为逐车系URL。,车质网口碑通用入口,车质网,https://www.12365auto.com/review/
UM0076,睿蓝汽车,睿蓝蓝气球,睿蓝蓝气球,4.69-5.09万,纯电动,轿车,微型,4座,访谈记录,公开论坛/社区讨论,江苏,2026-04,50岁以上,个体经营者,三代同住,未购,初步了解,1周内,公司/家庭共同使用者,父母,我对睿蓝蓝气球的第一印象是实用，轿车车身能满足日常通勤和家庭使用。顾虑是装载能力，如果销售能把真实续航、保养或售后讲清楚，会更容易推动决策。,公开网页访谈记录风格改写,用于非重点品牌车系的公开车主口碑检索入口；具体车型后续可替换为逐车系URL。,车质网口碑通用入口,车质网,https://www.12365auto.com/review/
UM0077,睿蓝汽车,睿蓝蓝气球,睿蓝蓝气球,4.69-5.09万,纯电动,轿车,微型,4座,问卷回答,销售反馈模拟,山东,2026-08,30-35岁,制造业管理岗,未婚/两人家庭,流失,试驾体验,2个月以上,家庭共同决策,朋友/同事,选车时把睿蓝蓝气球和同级别车型放在一起比较，主要看价格、配置、能源形式和品牌可信度。它的优势在外观协调，不足可能是后排头部空间，需要试驾后再判断。,公开网页问卷回答风格改写,用于非重点品牌车系的公开车主口碑检索入口；具体车型后续可替换为逐车系URL。,车质网口碑通用入口,车质网,https://www.12365auto.com/review/
UM0078,五菱新能源,埃尚,埃尚,3.98-5.28万,纯电动,轿车,微型,4座,用户评论,车质网,湖南,2026-04,25-30岁,互联网产品/运营,商务+家庭兼用,意向中,对比评估,1周内,公司/家庭共同使用者,孩子,关注埃尚主要是因为通勤舒适和外观协调，价格在3.98-5.28万这个区间内比较有吸引力。对比新能源替代车型时，我会重点看空间、配置和长期用车成本。,公开网页用户评论风格改写,用于非重点品牌车系的公开车主口碑检索入口；具体车型后续可替换为逐车系URL。,车质网口碑通用入口,车质网,https://www.12365auto.com/review/
UM0079,五菱新能源,埃尚,埃尚,3.98-5.28万,纯电动,轿车,微型,4座,访谈记录,公开网页评论整理,北京,2026-08,35-40岁,金融/咨询从业者,已婚未育,已购,价格谈判,2个月以上,家庭共同决策,销售顾问,我对埃尚的第一印象是实用，轿车车身能满足日常通勤和家庭使用。顾虑是装载能力，如果销售能把真实续航、保养或售后讲清楚，会更容易推动决策。,公开网页访谈记录风格改写,用于非重点品牌车系的公开车主口碑检索入口；具体车型后续可替换为逐车系URL。,车质网口碑通用入口,车质网,https://www.12365auto.com/review/
UM0080,五菱新能源,埃尚,埃尚,3.98-5.28万,纯电动,轿车,微型,4座,问卷回答,公开问卷语料模拟,河南,2026-07,45-50岁,企业职员,已婚二孩,意向中,流失反馈,1-2个月,本人+父母,配偶,选车时把埃尚和同级别车型放在一起比较，主要看价格、配置、能源形式和品牌可信度。它的优势在外观协调，不足可能是后排头部空间，需要试驾后再判断。,公开网页问卷回答风格改写,用于非重点品牌车系的公开车主口碑检索入口；具体车型后续可替换为逐车系URL。,车质网口碑通用入口,车质网,https://www.12365auto.com/review/
UM0081,比亚迪,海鸥,海鸥,6.98-8.59万,纯电动,轿车,微型,4座,用户评论,车质网,山东,2026-08,40-45岁,私营业主,已婚一孩,未购,已购复盘,2个月以上,家庭共同决策,无明显影响人,关注海鸥主要是因为通勤舒适和外观协调，价格在6.98-8.59万这个区间内比较有吸引力。对比五菱星光时，我会重点看空间、配置和长期用车成本。,公开网页用户评论风格改写,用于非重点品牌车系的公开车主口碑检索入口；具体车型后续可替换为逐车系URL。,车质网口碑通用入口,车质网,https://www.12365auto.com/review/
UM0082,比亚迪,海鸥,海鸥,6.98-8.59万,纯电动,轿车,微型,4座,访谈记录,销售反馈模拟,上海,2026-07,50岁以上,自由职业者,三代同住,流失,初步了解,1-2个月,本人+父母,父母,我对海鸥的第一印象是实用，轿车车身能满足日常通勤和家庭使用。顾虑是装载能力，如果销售能把真实续航、保养或售后讲清楚，会更容易推动决策。,公开网页访谈记录风格改写,用于非重点品牌车系的公开车主口碑检索入口；具体车型后续可替换为逐车系URL。,车质网口碑通用入口,车质网,https://www.12365auto.com/review/
UM0083,比亚迪,海鸥,海鸥,6.98-8.59万,纯电动,轿车,微型,4座,问卷回答,公开论坛/社区讨论,四川,2026-06,30-35岁,公务员/事业单位,未婚/两人家庭,未购,试驾体验,1个月内,本人+配偶,朋友/同事,选车时把海鸥和吉利银河放在一起比较，主要看价格、配置、能源形式和品牌可信度。它的优势在外观协调，不足可能是后排头部空间，需要试驾后再判断。,公开网页问卷回答风格改写,用于非重点品牌车系的公开车主口碑检索入口；具体车型后续可替换为逐车系URL。,车质网口碑通用入口,车质网,https://www.12365auto.com/review/
UM0084,上汽大众,朗逸,朗逸,7.99-15.19万,传统燃料,轿车,紧凑型,5座,用户评论,车质网,河南,2026-07,25-30岁,设计/传媒从业者,商务+家庭兼用,已购,对比评估,1-2个月,本人+父母,孩子,关注朗逸主要是因为通勤舒适和外观协调，价格在7.99-15.19万这个区间内比较有吸引力。对比新能源替代车型时，我会重点看空间、配置和长期用车成本。,公开网页用户评论风格改写,用于非重点品牌车系的公开车主口碑检索入口；具体车型后续可替换为逐车系URL。,车质网口碑通用入口,车质网,https://www.12365auto.com/review/
UM0085,上汽大众,朗逸,朗逸,7.99-15.19万,传统燃料,轿车,紧凑型,5座,访谈记录,公开问卷语料模拟,广东,2026-06,35-40岁,个体经营者,已婚未育,意向中,价格谈判,1个月内,本人+配偶,销售顾问,我对朗逸的第一印象是实用，轿车车身能满足日常通勤和家庭使用。顾虑是装载能力，如果销售能把真实续航、保养或售后讲清楚，会更容易推动决策。,公开网页访谈记录风格改写,用于非重点品牌车系的公开车主口碑检索入口；具体车型后续可替换为逐车系URL。,车质网口碑通用入口,车质网,https://www.12365auto.com/review/
UM0086,上汽大众,朗逸,朗逸,7.99-15.19万,传统燃料,轿车,紧凑型,5座,问卷回答,公开网页评论整理,浙江,2026-05,45-50岁,制造业管理岗,已婚二孩,已购,流失反馈,2周左右,本人,配偶,选车时把朗逸和同级别车型放在一起比较，主要看价格、配置、能源形式和品牌可信度。它的优势在外观协调，不足可能是后排头部空间，需要试驾后再判断。,公开网页问卷回答风格改写,用于非重点品牌车系的公开车主口碑检索入口；具体车型后续可替换为逐车系URL。,车质网口碑通用入口,车质网,https://www.12365auto.com/review/
UM0087,比亚迪,秦PLUS,秦PLUS,7.98-17.98万,纯电动/非增程式插混,轿车,紧凑型,5座,用户评论,车质网,四川,2026-06,40-45岁,互联网产品/运营,已婚一孩,流失,已购复盘,1个月内,本人+配偶,无明显影响人,关注秦PLUS主要是因为通勤舒适和外观协调，价格在7.98-17.98万这个区间内比较有吸引力。对比长安启源时，我会重点看空间、配置和长期用车成本。,公开网页用户评论风格改写,用于非重点品牌车系的公开车主口碑检索入口；具体车型后续可替换为逐车系URL。,车质网口碑通用入口,车质网,https://www.12365auto.com/review/
UM0088,比亚迪,秦PLUS,秦PLUS,7.98-17.98万,纯电动/非增程式插混,轿车,紧凑型,5座,访谈记录,公开论坛/社区讨论,湖北,2026-05,50岁以上,金融/咨询从业者,三代同住,未购,初步了解,2周左右,本人,父母,我对秦PLUS的第一印象是实用，轿车车身能满足日常通勤和家庭使用。顾虑是装载能力，如果销售能把真实续航、保养或售后讲清楚，会更容易推动决策。,公开网页访谈记录风格改写,用于非重点品牌车系的公开车主口碑检索入口；具体车型后续可替换为逐车系URL。,车质网口碑通用入口,车质网,https://www.12365auto.com/review/
UM0089,比亚迪,秦PLUS,秦PLUS,7.98-17.98万,纯电动/非增程式插混,轿车,紧凑型,5座,问卷回答,销售反馈模拟,江苏,2026-04,30-35岁,企业职员,未婚/两人家庭,流失,试驾体验,1周内,公司/家庭共同使用者,朋友/同事,选车时把秦PLUS和特斯拉Model Y放在一起比较，主要看价格、配置、能源形式和品牌可信度。它的优势在外观协调，不足可能是后排头部空间，需要试驾后再判断。,公开网页问卷回答风格改写,用于非重点品牌车系的公开车主口碑检索入口；具体车型后续可替换为逐车系URL。,车质网口碑通用入口,车质网,https://www.12365auto.com/review/
UM0090,长安启源,长安启源Q05,长安启源Q05,7.99-11.49万,纯电动,SUV,紧凑型,5座,用户评论,车质网,浙江,2026-05,25-30岁,私营业主,商务+家庭兼用,意向中,对比评估,2周左右,本人,孩子,关注长安启源Q05主要是因为通过性和家庭出行适配，价格在7.99-11.49万这个区间内比较有吸引力。对比同级别车型时，我会重点看空间、配置和长期用车成本。,公开网页用户评论风格改写,用于非重点品牌车系的公开车主口碑检索入口；具体车型后续可替换为逐车系URL。,车质网口碑通用入口,车质网,https://www.12365auto.com/review/
UM0091,长安启源,长安启源Q05,长安启源Q05,7.99-11.49万,纯电动,SUV,紧凑型,5座,访谈记录,公开网页评论整理,湖南,2026-04,35-40岁,自由职业者,已婚未育,已购,价格谈判,1周内,公司/家庭共同使用者,销售顾问,我对长安启源Q05的第一印象是实用，SUV车身能满足日常通勤和家庭使用。顾虑是后备厢满载空间，如果销售能把真实续航、保养或售后讲清楚，会更容易推动决策。,公开网页访谈记录风格改写,用于非重点品牌车系的公开车主口碑检索入口；具体车型后续可替换为逐车系URL。,车质网口碑通用入口,车质网,https://www.12365auto.com/review/
UM0092,长安启源,长安启源Q05,长安启源Q05,7.99-11.49万,纯电动,SUV,紧凑型,5座,问卷回答,公开问卷语料模拟,北京,2026-08,45-50岁,公务员/事业单位,已婚二孩,意向中,流失反馈,2个月以上,家庭共同决策,配偶,选车时把长安启源Q05和同价位竞品放在一起比较，主要看价格、配置、能源形式和品牌可信度。它的优势在家庭出行适配，不足可能是油耗/电耗，需要试驾后再判断。,公开网页问卷回答风格改写,用于非重点品牌车系的公开车主口碑检索入口；具体车型后续可替换为逐车系URL。,车质网口碑通用入口,车质网,https://www.12365auto.com/review/
UM0093,一汽大众,速腾,速腾,9.38-16.49万,传统燃料,轿车,紧凑型,5座,用户评论,车质网,江苏,2026-04,40-45岁,设计/传媒从业者,已婚一孩,未购,已购复盘,1周内,公司/家庭共同使用者,无明显影响人,关注速腾主要是因为通勤舒适和外观协调，价格在9.38-16.49万这个区间内比较有吸引力。对比新能源替代车型时，我会重点看空间、配置和长期用车成本。,公开网页用户评论风格改写,用于非重点品牌车系的公开车主口碑检索入口；具体车型后续可替换为逐车系URL。,车质网口碑通用入口,车质网,https://www.12365auto.com/review/
UM0094,一汽大众,速腾,速腾,9.38-16.49万,传统燃料,轿车,紧凑型,5座,访谈记录,销售反馈模拟,山东,2026-08,50岁以上,个体经营者,三代同住,流失,初步了解,2个月以上,家庭共同决策,父母,我对速腾的第一印象是实用，轿车车身能满足日常通勤和家庭使用。顾虑是装载能力，如果销售能把真实续航、保养或售后讲清楚，会更容易推动决策。,公开网页访谈记录风格改写,用于非重点品牌车系的公开车主口碑检索入口；具体车型后续可替换为逐车系URL。,车质网口碑通用入口,车质网,https://www.12365auto.com/review/
UM0095,一汽大众,速腾,速腾,9.38-16.49万,传统燃料,轿车,紧凑型,5座,问卷回答,公开论坛/社区讨论,上海,2026-07,30-35岁,制造业管理岗,未婚/两人家庭,未购,试驾体验,1-2个月,本人+父母,朋友/同事,选车时把速腾和同级别车型放在一起比较，主要看价格、配置、能源形式和品牌可信度。它的优势在外观协调，不足可能是后排头部空间，需要试驾后再判断。,公开网页问卷回答风格改写,用于非重点品牌车系的公开车主口碑检索入口；具体车型后续可替换为逐车系URL。,车质网口碑通用入口,车质网,https://www.12365auto.com/review/
UM0096,比亚迪,元UP,元UP,7.48-11.98万,纯电动,SUV,小型,5座,用户评论,车质网,北京,2026-08,25-30岁,互联网产品/运营,商务+家庭兼用,已购,对比评估,2个月以上,家庭共同决策,孩子,关注元UP主要是因为通过性和家庭出行适配，价格在7.48-11.98万这个区间内比较有吸引力。对比特斯拉Model Y时，我会重点看空间、配置和长期用车成本。,公开网页用户评论风格改写,用于非重点品牌车系的公开车主口碑检索入口；具体车型后续可替换为逐车系URL。,车质网口碑通用入口,车质网,https://www.12365auto.com/review/
UM0097,比亚迪,元UP,元UP,7.48-11.98万,纯电动,SUV,小型,5座,访谈记录,公开问卷语料模拟,河南,2026-07,35-40岁,金融/咨询从业者,已婚未育,意向中,价格谈判,1-2个月,本人+父母,销售顾问,我对元UP的第一印象是实用，SUV车身能满足日常通勤和家庭使用。顾虑是后备厢满载空间，如果销售能把真实续航、保养或售后讲清楚，会更容易推动决策。,公开网页访谈记录风格改写,用于非重点品牌车系的公开车主口碑检索入口；具体车型后续可替换为逐车系URL。,车质网口碑通用入口,车质网,https://www.12365auto.com/review/
UM0098,比亚迪,元UP,元UP,7.48-11.98万,纯电动,SUV,小型,5座,问卷回答,公开网页评论整理,广东,2026-06,45-50岁,企业职员,已婚二孩,已购,流失反馈,1个月内,本人+配偶,配偶,选车时把元UP和长安启源放在一起比较，主要看价格、配置、能源形式和品牌可信度。它的优势在家庭出行适配，不足可能是油耗/电耗，需要试驾后再判断。,公开网页问卷回答风格改写,用于非重点品牌车系的公开车主口碑检索入口；具体车型后续可替换为逐车系URL。,车质网口碑通用入口,车质网,https://www.12365auto.com/review/
UM0099,比亚迪,海豹06,海豹06,9.68-13.98万,纯电动/非增程式插混,轿车,中型,5座,用户评论,车质网,上海,2026-07,40-45岁,私营业主,已婚一孩,流失,已购复盘,1-2个月,本人+父母,无明显影响人,关注海豹06主要是因为通勤舒适和外观协调，价格在9.68-13.98万这个区间内比较有吸引力。对比吉利银河时，我会重点看空间、配置和长期用车成本。,公开网页用户评论风格改写,用于非重点品牌车系的公开车主口碑检索入口；具体车型后续可替换为逐车系URL。,车质网口碑通用入口,车质网,https://www.12365auto.com/review/
UM0100,比亚迪,海豹06,海豹06,9.68-13.98万,纯电动/非增程式插混,轿车,中型,5座,访谈记录,公开论坛/社区讨论,四川,2026-06,50岁以上,自由职业者,三代同住,未购,初步了解,1个月内,本人+配偶,父母,我对海豹06的第一印象是实用，轿车车身能满足日常通勤和家庭使用。顾虑是装载能力，如果销售能把真实续航、保养或售后讲清楚，会更容易推动决策。,公开网页访谈记录风格改写,用于非重点品牌车系的公开车主口碑检索入口；具体车型后续可替换为逐车系URL。,车质网口碑通用入口,车质网,https://www.12365auto.com/review/
UM0101,比亚迪,海豹06,海豹06,9.68-13.98万,纯电动/非增程式插混,轿车,中型,5座,问卷回答,销售反馈模拟,湖北,2026-05,30-35岁,公务员/事业单位,未婚/两人家庭,流失,试驾体验,2周左右,本人,朋友/同事,选车时把海豹06和五菱星光放在一起比较，主要看价格、配置、能源形式和品牌可信度。它的优势在外观协调，不足可能是后排头部空间，需要试驾后再判断。,公开网页问卷回答风格改写,用于非重点品牌车系的公开车主口碑检索入口；具体车型后续可替换为逐车系URL。,车质网口碑通用入口,车质网,https://www.12365auto.com/review/
UM0102,比亚迪,秦L,秦L,9.68-15.38万,纯电动/非增程式插混,轿车,中型,5座,用户评论,车质网,广东,2026-06,25-30岁,设计/传媒从业者,商务+家庭兼用,意向中,对比评估,1个月内,本人+配偶,孩子,关注秦L主要是因为通勤舒适和外观协调，价格在9.68-15.38万这个区间内比较有吸引力。对比五菱星光时，我会重点看空间、配置和长期用车成本。,公开网页用户评论风格改写,用于非重点品牌车系的公开车主口碑检索入口；具体车型后续可替换为逐车系URL。,车质网口碑通用入口,车质网,https://www.12365auto.com/review/
UM0103,比亚迪,秦L,秦L,9.68-15.38万,纯电动/非增程式插混,轿车,中型,5座,访谈记录,公开网页评论整理,浙江,2026-05,35-40岁,个体经营者,已婚未育,已购,价格谈判,2周左右,本人,销售顾问,我对秦L的第一印象是实用，轿车车身能满足日常通勤和家庭使用。顾虑是装载能力，如果销售能把真实续航、保养或售后讲清楚，会更容易推动决策。,公开网页访谈记录风格改写,用于非重点品牌车系的公开车主口碑检索入口；具体车型后续可替换为逐车系URL。,车质网口碑通用入口,车质网,https://www.12365auto.com/review/
UM0104,比亚迪,秦L,秦L,9.68-15.38万,纯电动/非增程式插混,轿车,中型,5座,问卷回答,公开问卷语料模拟,湖南,2026-04,45-50岁,制造业管理岗,已婚二孩,意向中,流失反馈,1周内,公司/家庭共同使用者,配偶,选车时把秦L和吉利银河放在一起比较，主要看价格、配置、能源形式和品牌可信度。它的优势在外观协调，不足可能是后排头部空间，需要试驾后再判断。,公开网页问卷回答风格改写,用于非重点品牌车系的公开车主口碑检索入口；具体车型后续可替换为逐车系URL。,车质网口碑通用入口,车质网,https://www.12365auto.com/review/
UM0105,长城汽车,坦克300,坦克300,19.98-23.48万,传统燃料,SUV,紧凑型,5座,用户评论,车质网,湖北,2026-05,40-45岁,互联网产品/运营,已婚一孩,未购,已购复盘,2周左右,本人,无明显影响人,关注坦克300主要是因为通过性和家庭出行适配，价格在19.98-23.48万这个区间内比较有吸引力。对比新能源替代车型时，我会重点看空间、配置和长期用车成本。,公开网页用户评论风格改写,用于非重点品牌车系的公开车主口碑检索入口；具体车型后续可替换为逐车系URL。,车质网口碑通用入口,车质网,https://www.12365auto.com/review/
UM0106,长城汽车,坦克300,坦克300,19.98-23.48万,传统燃料,SUV,紧凑型,5座,访谈记录,销售反馈模拟,江苏,2026-04,50岁以上,金融/咨询从业者,三代同住,流失,初步了解,1周内,公司/家庭共同使用者,父母,我对坦克300的第一印象是实用，SUV车身能满足日常通勤和家庭使用。顾虑是后备厢满载空间，如果销售能把真实续航、保养或售后讲清楚，会更容易推动决策。,公开网页访谈记录风格改写,用于非重点品牌车系的公开车主口碑检索入口；具体车型后续可替换为逐车系URL。,车质网口碑通用入口,车质网,https://www.12365auto.com/review/
UM0107,长城汽车,坦克300,坦克300,19.98-23.48万,传统燃料,SUV,紧凑型,5座,问卷回答,公开论坛/社区讨论,山东,2026-08,30-35岁,企业职员,未婚/两人家庭,未购,试驾体验,2个月以上,家庭共同决策,朋友/同事,选车时把坦克300和同级别车型放在一起比较，主要看价格、配置、能源形式和品牌可信度。它的优势在家庭出行适配，不足可能是油耗/电耗，需要试驾后再判断。,公开网页问卷回答风格改写,用于非重点品牌车系的公开车主口碑检索入口；具体车型后续可替换为逐车系URL。,车质网口碑通用入口,车质网,https://www.12365auto.com/review/
UM0108,一汽大众,迈腾,迈腾,17.49-24.69万,传统燃料,轿车,中型,5座,用户评论,车质网,湖南,2026-04,25-30岁,私营业主,商务+家庭兼用,已购,对比评估,1周内,公司/家庭共同使用者,孩子,关注迈腾主要是因为通勤舒适和外观协调，价格在17.49-24.69万这个区间内比较有吸引力。对比新能源替代车型时，我会重点看空间、配置和长期用车成本。,公开网页用户评论风格改写,用于非重点品牌车系的公开车主口碑检索入口；具体车型后续可替换为逐车系URL。,车质网口碑通用入口,车质网,https://www.12365auto.com/review/
UM0109,一汽大众,迈腾,迈腾,17.49-24.69万,传统燃料,轿车,中型,5座,访谈记录,公开问卷语料模拟,北京,2026-08,35-40岁,自由职业者,已婚未育,意向中,价格谈判,2个月以上,家庭共同决策,销售顾问,我对迈腾的第一印象是实用，轿车车身能满足日常通勤和家庭使用。顾虑是装载能力，如果销售能把真实续航、保养或售后讲清楚，会更容易推动决策。,公开网页访谈记录风格改写,用于非重点品牌车系的公开车主口碑检索入口；具体车型后续可替换为逐车系URL。,车质网口碑通用入口,车质网,https://www.12365auto.com/review/
UM0110,一汽大众,迈腾,迈腾,17.49-24.69万,传统燃料,轿车,中型,5座,问卷回答,公开网页评论整理,河南,2026-07,45-50岁,公务员/事业单位,已婚二孩,已购,流失反馈,1-2个月,本人+父母,配偶,选车时把迈腾和同级别车型放在一起比较，主要看价格、配置、能源形式和品牌可信度。它的优势在外观协调，不足可能是后排头部空间，需要试驾后再判断。,公开网页问卷回答风格改写,用于非重点品牌车系的公开车主口碑检索入口；具体车型后续可替换为逐车系URL。,车质网口碑通用入口,车质网,https://www.12365auto.com/review/
UM0111,上汽大众,帕萨特,帕萨特,16.49-30.98万,传统燃料,轿车,中型,5座,用户评论,车质网,山东,2026-08,40-45岁,设计/传媒从业者,已婚一孩,流失,已购复盘,2个月以上,家庭共同决策,无明显影响人,关注帕萨特主要是因为通勤舒适和外观协调，价格在16.49-30.98万这个区间内比较有吸引力。对比同价位竞品时，我会重点看空间、配置和长期用车成本。,公开网页用户评论风格改写,用于非重点品牌车系的公开车主口碑检索入口；具体车型后续可替换为逐车系URL。,车质网口碑通用入口,车质网,https://www.12365auto.com/review/
UM0112,上汽大众,帕萨特,帕萨特,16.49-30.98万,传统燃料,轿车,中型,5座,访谈记录,公开论坛/社区讨论,上海,2026-07,50岁以上,个体经营者,三代同住,未购,初步了解,1-2个月,本人+父母,父母,我对帕萨特的第一印象是实用，轿车车身能满足日常通勤和家庭使用。顾虑是装载能力，如果销售能把真实续航、保养或售后讲清楚，会更容易推动决策。,公开网页访谈记录风格改写,用于非重点品牌车系的公开车主口碑检索入口；具体车型后续可替换为逐车系URL。,车质网口碑通用入口,车质网,https://www.12365auto.com/review/
UM0113,上汽大众,帕萨特,帕萨特,16.49-30.98万,传统燃料,轿车,中型,5座,问卷回答,销售反馈模拟,四川,2026-06,30-35岁,制造业管理岗,未婚/两人家庭,流失,试驾体验,1个月内,本人+配偶,朋友/同事,选车时把帕萨特和新能源替代车型放在一起比较，主要看价格、配置、能源形式和品牌可信度。它的优势在外观协调，不足可能是后排头部空间，需要试驾后再判断。,公开网页问卷回答风格改写,用于非重点品牌车系的公开车主口碑检索入口；具体车型后续可替换为逐车系URL。,车质网口碑通用入口,车质网,https://www.12365auto.com/review/
UM0114,广汽本田,雅阁,雅阁,17.98-21.48万,传统燃料,轿车,中型,5座,用户评论,车质网,河南,2026-07,25-30岁,互联网产品/运营,商务+家庭兼用,意向中,对比评估,1-2个月,本人+父母,孩子,关注雅阁主要是因为通勤舒适和外观协调，价格在17.98-21.48万这个区间内比较有吸引力。对比新能源替代车型时，我会重点看空间、配置和长期用车成本。,公开网页用户评论风格改写,用于非重点品牌车系的公开车主口碑检索入口；具体车型后续可替换为逐车系URL。,车质网口碑通用入口,车质网,https://www.12365auto.com/review/
UM0115,广汽本田,雅阁,雅阁,17.98-21.48万,传统燃料,轿车,中型,5座,访谈记录,公开网页评论整理,广东,2026-06,35-40岁,金融/咨询从业者,已婚未育,已购,价格谈判,1个月内,本人+配偶,销售顾问,我对雅阁的第一印象是实用，轿车车身能满足日常通勤和家庭使用。顾虑是装载能力，如果销售能把真实续航、保养或售后讲清楚，会更容易推动决策。,公开网页访谈记录风格改写,用于非重点品牌车系的公开车主口碑检索入口；具体车型后续可替换为逐车系URL。,车质网口碑通用入口,车质网,https://www.12365auto.com/review/
UM0116,广汽本田,雅阁,雅阁,17.98-21.48万,传统燃料,轿车,中型,5座,问卷回答,公开问卷语料模拟,浙江,2026-05,45-50岁,企业职员,已婚二孩,意向中,流失反馈,2周左右,本人,配偶,选车时把雅阁和同级别车型放在一起比较，主要看价格、配置、能源形式和品牌可信度。它的优势在外观协调，不足可能是后排头部空间，需要试驾后再判断。,公开网页问卷回答风格改写,用于非重点品牌车系的公开车主口碑检索入口；具体车型后续可替换为逐车系URL。,车质网口碑通用入口,车质网,https://www.12365auto.com/review/
UM0117,吉利汽车,星越L,星越L,13.98-17.77万,传统燃料/常规混合动力,SUV,紧凑型,5座,用户评论,车质网,四川,2026-06,40-45岁,私营业主,已婚一孩,未购,已购复盘,1个月内,本人+配偶,无明显影响人,关注星越L主要是因为通过性和家庭出行适配，价格在13.98-17.77万这个区间内比较有吸引力。对比同价位竞品时，我会重点看空间、配置和长期用车成本。,公开网页用户评论风格改写,用于非重点品牌车系的公开车主口碑检索入口；具体车型后续可替换为逐车系URL。,车质网口碑通用入口,车质网,https://www.12365auto.com/review/
UM0118,吉利汽车,星越L,星越L,13.98-17.77万,传统燃料/常规混合动力,SUV,紧凑型,5座,访谈记录,销售反馈模拟,湖北,2026-05,50岁以上,自由职业者,三代同住,流失,初步了解,2周左右,本人,父母,我对星越L的第一印象是实用，SUV车身能满足日常通勤和家庭使用。顾虑是后备厢满载空间，如果销售能把真实续航、保养或售后讲清楚，会更容易推动决策。,公开网页访谈记录风格改写,用于非重点品牌车系的公开车主口碑检索入口；具体车型后续可替换为逐车系URL。,车质网口碑通用入口,车质网,https://www.12365auto.com/review/
UM0119,吉利汽车,星越L,星越L,13.98-17.77万,传统燃料/常规混合动力,SUV,紧凑型,5座,问卷回答,公开论坛/社区讨论,江苏,2026-04,30-35岁,公务员/事业单位,未婚/两人家庭,未购,试驾体验,1周内,公司/家庭共同使用者,朋友/同事,选车时把星越L和新能源替代车型放在一起比较，主要看价格、配置、能源形式和品牌可信度。它的优势在家庭出行适配，不足可能是油耗/电耗，需要试驾后再判断。,公开网页问卷回答风格改写,用于非重点品牌车系的公开车主口碑检索入口；具体车型后续可替换为逐车系URL。,车质网口碑通用入口,车质网,https://www.12365auto.com/review/
UM0120,AITO问界,问界M6,问界M6,22.98-29.98万,纯电动/增程式插混,SUV,中大型,5座,用户评论,车质网,浙江,2026-05,30-35岁,设计/传媒从业者,已婚一孩,已购,对比评估,2周左右,本人+配偶,父母,关注问界M6主要是因为华为智驾和鸿蒙座舱，手机互联和语音确实很顺。也看过Model Y，理想更偏家庭舒适，问界更打动我的是智能化和科技信任。,公开网页用户评论风格改写,问界M7口碑中常见华为智驾、鸿蒙座舱、六座空间、增程续航优势，以及底盘偏软、满载后备厢和第三排局促等反馈。,问界M7 车质网口碑,车质网,https://www.12365auto.com/review/3363_0_0_1.shtml
UM0121,AITO问界,问界M6,问界M6,22.98-29.98万,纯电动/增程式插混,SUV,中大型,5座,访谈记录,公开问卷语料模拟,湖南,2026-04,40-45岁,个体经营者,三代同住,意向中,价格谈判,1周内,本人+父母,销售顾问,问界M6的六座/大空间和增程方案对家庭用户很友好，日常通勤用电、长途加油没有压力。顾虑主要是底盘偏软和第三排长途舒适，满载出行时还想再实际体验一下。,公开网页访谈记录风格改写,问界M7口碑中常见华为智驾、鸿蒙座舱、六座空间、增程续航优势，以及底盘偏软、满载后备厢和第三排局促等反馈。,问界M7 车质网口碑,车质网,https://www.12365auto.com/review/3363_0_0_1.shtml
UM0122,AITO问界,问界M6,问界M6,22.98-29.98万,纯电动/增程式插混,SUV,中大型,5座,问卷回答,公开网页评论整理,北京,2026-08,35-40岁,制造业管理岗,已婚二孩,已购,流失反馈,2个月以上,家庭共同决策,父母,如果经常高速通勤，我会被问界M6的辅助驾驶吸引，用起来能减少疲劳。和理想L8比较时，我主要看智驾、空间、舒适性和家人认可度，最后还要看价格权益。,公开网页问卷回答风格改写,问界M7口碑中常见华为智驾、鸿蒙座舱、六座空间、增程续航优势，以及底盘偏软、满载后备厢和第三排局促等反馈。,问界M7 车质网口碑,车质网,https://www.12365auto.com/review/3363_0_0_1.shtml
UM0123,AITO问界,问界M6,问界M6,22.98-29.98万,纯电动/增程式插混,SUV,中大型,5座,销售反馈,公开问卷语料模拟,河南,2026-07,30-35岁,私营业主,已婚一孩,意向中,对比评估,1-2个月,本人+配偶,销售顾问,销售讲问界M6时，最好把智驾能力和安全边界同时说清楚，不能只讲厉害。对家庭用户来说，舒适、空间和长期用车稳定性也要一起解释。,公开网页销售反馈风格改写,问界M7口碑中常见华为智驾、鸿蒙座舱、六座空间、增程续航优势，以及底盘偏软、满载后备厢和第三排局促等反馈。,问界M7 车质网口碑,车质网,https://www.12365auto.com/review/3363_0_0_1.shtml
UM0124,AITO问界,问界M6,问界M6,22.98-29.98万,纯电动/增程式插混,SUV,中大型,5座,用户评论,车质网,广东,2026-06,40-45岁,自由职业者,三代同住,已购,价格谈判,1个月内,本人+父母,父母,我对问界M6整体印象不错，座舱流畅、配置丰富，家人坐着也舒服。只是价格偏高，底盘舒适取向对喜欢驾驶的人不一定友好，这些需要在试驾时提前说明。,公开网页用户评论风格改写,问界M7口碑中常见华为智驾、鸿蒙座舱、六座空间、增程续航优势，以及底盘偏软、满载后备厢和第三排局促等反馈。,问界M7 车质网口碑,车质网,https://www.12365auto.com/review/3363_0_0_1.shtml
UM0125,北京奔驰,奔驰C级,奔驰C级,29.99-34.56万,常规混合动力,轿车,中型,5座,用户评论,太平洋汽车,湖北,2026-05,50岁以上,私营业主,商务+家庭兼用,未购,初步了解,2周左右,本人,父母,关注奔驰C级主要是因为豪华感和后排空间，价格在29.99-34.56万这个区间内比较有吸引力。对比同级别车型时，我会重点看空间、配置和长期用车成本。,公开网页用户评论风格改写,奔驰E级公开点评总结强调后排空间、豪华内饰和科技感；配置差异和座椅/细节也有反馈。,奔驰E级 太平洋汽车车主点评,太平洋汽车,https://price.pcauto.com.cn/comment/sg1603/m112715/
UM0126,北京奔驰,奔驰C级,奔驰C级,29.99-34.56万,常规混合动力,轿车,中型,5座,访谈记录,销售反馈模拟,江苏,2026-04,30-35岁,公务员/事业单位,已婚二孩,流失,试驾体验,1周内,公司/家庭共同使用者,朋友/同事,我对奔驰C级的第一印象是实用，轿车车身能满足日常通勤和家庭使用。顾虑是价格权益，如果销售能把真实续航、保养或售后讲清楚，会更容易推动决策。,公开网页访谈记录风格改写,奔驰E级公开点评总结强调后排空间、豪华内饰和科技感；配置差异和座椅/细节也有反馈。,奔驰E级 太平洋汽车车主点评,太平洋汽车,https://price.pcauto.com.cn/comment/sg1603/m112715/
UM0127,北京奔驰,奔驰C级,奔驰C级,29.99-34.56万,常规混合动力,轿车,中型,5座,问卷回答,公开论坛/社区讨论,山东,2026-08,40-45岁,私营业主,已婚一孩,未购,已购复盘,2个月以上,家庭共同决策,无明显影响人,选车时把奔驰C级和同价位竞品放在一起比较，主要看价格、配置、能源形式和品牌可信度。它的优势在后排空间，不足可能是配置差异，需要试驾后再判断。,公开网页问卷回答风格改写,奔驰E级公开点评总结强调后排空间、豪华内饰和科技感；配置差异和座椅/细节也有反馈。,奔驰E级 太平洋汽车车主点评,太平洋汽车,https://price.pcauto.com.cn/comment/sg1603/m112715/
UM0128,比亚迪,海豹08,海豹08,19.69-23.99万,纯电动/非增程式插混,轿车/,中大型,5座,用户评论,车质网,湖南,2026-04,35-40岁,个体经营者,已婚未育,已购,价格谈判,1周内,公司/家庭共同使用者,销售顾问,关注海豹08主要是因为通勤舒适和外观协调，价格在19.69-23.99万这个区间内比较有吸引力。对比吉利银河时，我会重点看空间、配置和长期用车成本。,公开网页用户评论风格改写,用于非重点品牌车系的公开车主口碑检索入口；具体车型后续可替换为逐车系URL。,车质网口碑通用入口,车质网,https://www.12365auto.com/review/
UM0129,比亚迪,海豹08,海豹08,19.69-23.99万,纯电动/非增程式插混,轿车/,中大型,5座,访谈记录,公开问卷语料模拟,北京,2026-08,45-50岁,制造业管理岗,已婚二孩,意向中,流失反馈,2个月以上,家庭共同决策,配偶,我对海豹08的第一印象是实用，轿车/车身能满足日常通勤和家庭使用。顾虑是装载能力，如果销售能把真实续航、保养或售后讲清楚，会更容易推动决策。,公开网页访谈记录风格改写,用于非重点品牌车系的公开车主口碑检索入口；具体车型后续可替换为逐车系URL。,车质网口碑通用入口,车质网,https://www.12365auto.com/review/
UM0130,比亚迪,海豹08,海豹08,19.69-23.99万,纯电动/非增程式插混,轿车/,中大型,5座,问卷回答,公开网页评论整理,河南,2026-07,25-30岁,私营业主,商务+家庭兼用,已购,对比评估,1-2个月,本人+父母,孩子,选车时把海豹08和五菱星光放在一起比较，主要看价格、配置、能源形式和品牌可信度。它的优势在外观协调，不足可能是后排头部空间，需要试驾后再判断。,公开网页问卷回答风格改写,用于非重点品牌车系的公开车主口碑检索入口；具体车型后续可替换为逐车系URL。,车质网口碑通用入口,车质网,https://www.12365auto.com/review/
UM0131,理想汽车,理想i6,理想i6,24.98-26.98万,纯电动,SUV,中大型,5座,用户评论,懂车帝,山东,2026-08,40-45岁,金融/咨询从业者,三代同住,流失,初步了解,2个月以上,本人+父母,配偶,家里有孩子后看车重点变成空间和舒适，理想i6的六座布局、二排体验和车内配置比较打动家人。也看过蔚来ES8，但我觉得理想更像是为全家出行设计的车，唯一还在意的是价格权益。,公开网页用户评论风格改写,理想L8口碑中高频出现整体空间出色、配置丰富、舒适性和驾驶体验，同时也有后备厢、第三排、刹车/底盘等反馈。,理想L8 懂车帝车主口碑,懂车帝,https://www.dongchedi.com/auto/series/score/6095-x-S0-P107-x-x-1
UM0132,理想汽车,理想i6,理想i6,24.98-26.98万,纯电动,SUV,中大型,5座,访谈记录,公开论坛/社区讨论,上海,2026-07,35-40岁,企业职员,已婚二孩,未购,试驾体验,1-2个月,家庭共同决策,孩子,试驾理想i6以后感觉增程方案很适合我们这种周末常出城的家庭，市区用电、长途加油都不焦虑。家里人对座椅和静谧性评价很好，比之前看的小鹏G9更容易形成共识。,公开网页访谈记录风格改写,理想L8口碑中高频出现整体空间出色、配置丰富、舒适性和驾驶体验，同时也有后备厢、第三排、刹车/底盘等反馈。,理想L8 懂车帝车主口碑,懂车帝,https://www.dongchedi.com/auto/series/score/6095-x-S0-P107-x-x-1
UM0133,理想汽车,理想i6,理想i6,24.98-26.98万,纯电动,SUV,中大型,5座,问卷回答,销售反馈模拟,四川,2026-06,30-35岁,设计/传媒从业者,已婚一孩,流失,已购复盘,1个月内,本人+配偶,配偶,我关注理想i6主要是因为增程无续航焦虑和孩子和老人乘坐体验，孩子坐后排不容易闹，老人上下车也方便。价格不算低，但如果把家庭使用频率和配置算进去，我会觉得它比较值。,公开网页问卷回答风格改写,理想L8口碑中高频出现整体空间出色、配置丰富、舒适性和驾驶体验，同时也有后备厢、第三排、刹车/底盘等反馈。,理想L8 懂车帝车主口碑,懂车帝,https://www.dongchedi.com/auto/series/score/6095-x-S0-P107-x-x-1
UM0134,理想汽车,理想i6,理想i6,24.98-26.98万,纯电动,SUV,中大型,5座,销售反馈,公开论坛/社区讨论,湖北,2026-05,40-45岁,个体经营者,三代同住,未购,初步了解,2周左右,本人+父母,孩子,销售讲空间时如果能直接带我们体验儿童座椅、老人乘坐和后备厢装载，会比单纯讲参数更有效。理想i6让我最安心的是长途没有补能焦虑，家人满意度也高。,公开网页销售反馈风格改写,理想L8口碑中高频出现整体空间出色、配置丰富、舒适性和驾驶体验，同时也有后备厢、第三排、刹车/底盘等反馈。,理想L8 懂车帝车主口碑,懂车帝,https://www.dongchedi.com/auto/series/score/6095-x-S0-P107-x-x-1
UM0135,理想汽车,理想i6,理想i6,24.98-26.98万,纯电动,SUV,中大型,5座,用户评论,懂车帝,江苏,2026-04,35-40岁,制造业管理岗,已婚二孩,流失,试驾体验,1周内,家庭共同决策,配偶,对比问界M9时，我知道对方也有强项，但理想i6在家庭场景上的完整度更强，座舱、座椅和补能方式都更符合我们的日常。现在主要等权益合适就会下定。,公开网页用户评论风格改写,公开车主长评中有家庭六座、二三排空间、舒适性、NVH、辅助驾驶和权益变化等表达。,理想L8 懂车帝车主点评,懂车帝,https://www.dongchedi.com/auto/series/score/6095-x-S5-P52-x-1-1
UM0136,北京奔驰,奔驰GLC,奔驰GLC,35.18-46.28万,常规混合动力,SUV,中型,5座/7座,用户评论,太平洋汽车,北京,2026-08,45-50岁,企业中层管理,已婚二孩,已购,流失反馈,2个月以上,家庭共同决策,配偶,关注奔驰GLC主要是因为豪华感和后排空间，价格在35.18-46.28万这个区间内比较有吸引力。对比Model Y时，我会重点看空间、配置和长期用车成本。,公开网页用户评论风格改写,奔驰E级公开点评总结强调后排空间、豪华内饰和科技感；配置差异和座椅/细节也有反馈。,奔驰E级 太平洋汽车车主点评,太平洋汽车,https://price.pcauto.com.cn/comment/sg1603/m112715/
UM0137,北京奔驰,奔驰GLC,奔驰GLC,35.18-46.28万,常规混合动力,SUV,中型,5座/7座,访谈记录,公开问卷语料模拟,河南,2026-07,25-30岁,金融/咨询从业者,已婚一孩,意向中,对比评估,1-2个月,本人+父母,孩子,我对奔驰GLC的第一印象是实用，SUV车身能满足日常通勤和家庭使用。顾虑是价格权益，如果销售能把真实续航、保养或售后讲清楚，会更容易推动决策。,公开网页访谈记录风格改写,奔驰E级公开点评总结强调后排空间、豪华内饰和科技感；配置差异和座椅/细节也有反馈。,奔驰E级 太平洋汽车车主点评,太平洋汽车,https://price.pcauto.com.cn/comment/sg1603/m112715/
UM0138,北京奔驰,奔驰GLC,奔驰GLC,35.18-46.28万,常规混合动力,SUV,中型,5座/7座,问卷回答,公开网页评论整理,广东,2026-06,35-40岁,企业中层管理,商务+家庭兼用,已购,价格谈判,1个月内,本人+配偶,销售顾问,选车时把奔驰GLC和奥迪Q5L放在一起比较，主要看价格、配置、能源形式和品牌可信度。它的优势在后排空间，不足可能是配置差异，需要试驾后再判断。,公开网页问卷回答风格改写,奔驰E级公开点评总结强调后排空间、豪华内饰和科技感；配置差异和座椅/细节也有反馈。,奔驰E级 太平洋汽车车主点评,太平洋汽车,https://price.pcauto.com.cn/comment/sg1603/m112715/
UM0139,华晨宝马,宝马5系,宝马5系,36.80-44.80万,常规混合动力,轿车,中大型,5座,用户评论,太平洋汽车,上海,2026-07,30-35岁,公务员/事业单位,已婚二孩,流失,试驾体验,1-2个月,本人+父母,朋友/同事,看宝马5系主要是冲着操控和品牌去的，转向、动力响应和底盘质感仍然是优势。我也试了奔驰E级，但宝马开起来更有参与感，只是配置性价比会影响家里人的接受度。,公开网页用户评论风格改写,宝马5系网友印象含后排空间大、变速箱聪明、大气、操控性好；缺点涉及内饰、悬挂、空调、异味等。,宝马5系 太平洋汽车车主点评,太平洋汽车,https://price.pcauto.com.cn/comment/sg441/q-z8/
UM0140,华晨宝马,宝马5系,宝马5系,36.80-44.80万,常规混合动力,轿车,中大型,5座,访谈记录,公开论坛/社区讨论,四川,2026-06,40-45岁,私营业主,已婚一孩,未购,已购复盘,1个月内,本人+配偶,无明显影响人,宝马5系适合自己开，动力响应和变速箱匹配比较明显。家里人更关注后排和舒适，我会担心悬挂、配置和用车成本，尤其和奥迪A6L放在一起比时性价比没有那么突出。,公开网页访谈记录风格改写,宝马5系网友印象含后排空间大、变速箱聪明、大气、操控性好；缺点涉及内饰、悬挂、空调、异味等。,宝马5系 太平洋汽车车主点评,太平洋汽车,https://price.pcauto.com.cn/comment/sg441/q-z8/
UM0141,华晨宝马,宝马5系,宝马5系,36.80-44.80万,常规混合动力,轿车,中大型,5座,问卷回答,销售反馈模拟,湖北,2026-05,50岁以上,公务员/事业单位,商务+家庭兼用,流失,初步了解,2周左右,本人,父母,如果预算到这个价位，我希望车既要有品牌，也要有智能化体验。宝马5系的传统机械素质没问题，但在座舱科技和配置完整度上，需要销售解释清楚它的价值。,公开网页问卷回答风格改写,宝马5系网友印象含后排空间大、变速箱聪明、大气、操控性好；缺点涉及内饰、悬挂、空调、异味等。,宝马5系 太平洋汽车车主点评,太平洋汽车,https://price.pcauto.com.cn/comment/sg441/q-z8/
UM0142,华晨宝马,宝马5系,宝马5系,36.80-44.80万,常规混合动力,轿车,中大型,5座,销售反馈,公开论坛/社区讨论,江苏,2026-04,30-35岁,私营业主,已婚二孩,未购,试驾体验,1周内,公司/家庭共同使用者,朋友/同事,我对宝马5系的选择理由是驾驶质感和品牌认可，但如果主要是家庭用车，我会认真比较奥迪A8的空间和舒适配置。销售最好先判断我是自己开多还是全家坐多。,公开网页销售反馈风格改写,宝马5系网友印象含后排空间大、变速箱聪明、大气、操控性好；缺点涉及内饰、悬挂、空调、异味等。,宝马5系 太平洋汽车车主点评,太平洋汽车,https://price.pcauto.com.cn/comment/sg441/q-z8/
UM0143,华晨宝马,宝马5系,宝马5系,36.80-44.80万,常规混合动力,轿车,中大型,5座,用户评论,太平洋汽车,山东,2026-08,40-45岁,公务员/事业单位,已婚一孩,流失,已购复盘,2个月以上,家庭共同决策,无明显影响人,宝马5系给我的感觉是产品性格很鲜明，适合重视驾驶的人。顾虑是智能化不足和后排舒适，如果后期优惠到位、保养方案清楚，我会更愿意下定。,公开网页用户评论风格改写,宝马5系网友印象含后排空间大、变速箱聪明、大气、操控性好；缺点涉及内饰、悬挂、空调、异味等。,宝马5系 太平洋汽车车主点评,太平洋汽车,https://price.pcauto.com.cn/comment/sg441/q-z8/
UM0144,广汽丰田,赛那SIENNA,赛那SIENNA,29.88-39.38万,常规混合动力,MPV,中大型,7座,用户评论,车质网,河南,2026-07,25-30岁,私营业主,已婚一孩,已购,对比评估,1-2个月,本人+父母,孩子,关注赛那SIENNA主要是因为多人乘坐和商务/家庭兼用，价格在29.88-39.38万这个区间内比较有吸引力。对比比亚迪唐时，我会重点看空间、配置和长期用车成本。,公开网页用户评论风格改写,用于非重点品牌车系的公开车主口碑检索入口；具体车型后续可替换为逐车系URL。,车质网口碑通用入口,车质网,https://www.12365auto.com/review/
UM0145,广汽丰田,赛那SIENNA,赛那SIENNA,29.88-39.38万,常规混合动力,MPV,中大型,7座,访谈记录,公开问卷语料模拟,广东,2026-06,35-40岁,自由职业者,三代同住,意向中,价格谈判,1个月内,本人+配偶,销售顾问,我对赛那SIENNA的第一印象是实用，MPV车身能满足日常通勤和家庭使用。顾虑是停车便利性，如果销售能把真实续航、保养或售后讲清楚，会更容易推动决策。,公开网页访谈记录风格改写,用于非重点品牌车系的公开车主口碑检索入口；具体车型后续可替换为逐车系URL。,车质网口碑通用入口,车质网,https://www.12365auto.com/review/
UM0146,广汽丰田,赛那SIENNA,赛那SIENNA,29.88-39.38万,常规混合动力,MPV,中大型,7座,问卷回答,公开网页评论整理,浙江,2026-05,45-50岁,公务员/事业单位,已婚一孩,已购,流失反馈,2周左右,本人,配偶,选车时把赛那SIENNA和大众同级车型放在一起比较，主要看价格、配置、能源形式和品牌可信度。它的优势在商务/家庭兼用，不足可能是车身尺寸，需要试驾后再判断。,公开网页问卷回答风格改写,用于非重点品牌车系的公开车主口碑检索入口；具体车型后续可替换为逐车系URL。,车质网口碑通用入口,车质网,https://www.12365auto.com/review/
UM0147,广汽丰田,汉兰达,汉兰达,24.84-32.58万,传统燃料/常规混合动力,SUV,中型,7座/5座,用户评论,车质网,四川,2026-06,40-45岁,设计/传媒从业者,商务+家庭兼用,流失,已购复盘,1个月内,本人+配偶,无明显影响人,关注汉兰达主要是因为通过性和家庭出行适配，价格在24.84-32.58万这个区间内比较有吸引力。对比理想L6时，我会重点看空间、配置和长期用车成本。,公开网页用户评论风格改写,用于非重点品牌车系的公开车主口碑检索入口；具体车型后续可替换为逐车系URL。,车质网口碑通用入口,车质网,https://www.12365auto.com/review/
UM0148,广汽丰田,汉兰达,汉兰达,24.84-32.58万,传统燃料/常规混合动力,SUV,中型,7座/5座,访谈记录,公开论坛/社区讨论,湖北,2026-05,50岁以上,个体经营者,已婚二孩,未购,初步了解,2周左右,本人,父母,我对汉兰达的第一印象是实用，SUV车身能满足日常通勤和家庭使用。顾虑是后备厢满载空间，如果销售能把真实续航、保养或售后讲清楚，会更容易推动决策。,公开网页访谈记录风格改写,用于非重点品牌车系的公开车主口碑检索入口；具体车型后续可替换为逐车系URL。,车质网口碑通用入口,车质网,https://www.12365auto.com/review/
UM0149,广汽丰田,汉兰达,汉兰达,24.84-32.58万,传统燃料/常规混合动力,SUV,中型,7座/5座,问卷回答,销售反馈模拟,江苏,2026-04,30-35岁,制造业管理岗,商务+家庭兼用,流失,试驾体验,1周内,公司/家庭共同使用者,朋友/同事,选车时把汉兰达和本田同级车型放在一起比较，主要看价格、配置、能源形式和品牌可信度。它的优势在家庭出行适配，不足可能是油耗/电耗，需要试驾后再判断。,公开网页问卷回答风格改写,用于非重点品牌车系的公开车主口碑检索入口；具体车型后续可替换为逐车系URL。,车质网口碑通用入口,车质网,https://www.12365auto.com/review/
UM0150,一汽奥迪,奥迪A4L,奥迪A4L,28.98-36.28万,传统燃料,轿车,中型,5座,用户评论,太平洋汽车,浙江,2026-05,25-30岁,金融/咨询从业者,已婚一孩,意向中,对比评估,2周左右,本人,孩子,看奥迪A4L主要是因为品牌稳、商务场合不出错，后排空间和隔音确实有传统豪华车的底子。我也比较了新能源替代车型，奥迪的优惠和开起来的轻松感更吸引我，但车机智能化还是短板。,公开网页用户评论风格改写,A6L网友印象中有豪华、科技感、大气、空间不错，以及烧机油、小毛病等负向印象。,奥迪A6L 太平洋汽车车主点评,太平洋汽车,https://price.pcauto.com.cn/comment/sg4313/s48976/t3.0/
UM0151,一汽奥迪,奥迪A4L,奥迪A4L,28.98-36.28万,传统燃料,轿车,中型,5座,访谈记录,公开网页评论整理,湖南,2026-04,35-40岁,企业中层管理,商务+家庭兼用,已购,价格谈判,1周内,公司/家庭共同使用者,销售顾问,家里和公司都能用，所以我会优先考虑奥迪A4L这种成熟车型。它的后排空间和底盘质感是优势，不过现在新能源车配置给得太满，和同价位竞品比起来会觉得智能座舱不够新。,公开网页访谈记录风格改写,A6L网友印象中有豪华、科技感、大气、空间不错，以及烧机油、小毛病等负向印象。,奥迪A6L 太平洋汽车车主点评,太平洋汽车,https://price.pcauto.com.cn/comment/sg4313/s48976/t3.0/
UM0152,一汽奥迪,奥迪A4L,奥迪A4L,28.98-36.28万,传统燃料,轿车,中型,5座,问卷回答,公开问卷语料模拟,北京,2026-08,45-50岁,金融/咨询从业者,已婚二孩,意向中,流失反馈,2个月以上,家庭共同决策,配偶,我对奥迪A4L的顾虑主要是后期维修保养和车机智能化，但是它的品牌认可度、乘坐体面感和售后体系比较稳。如果销售能把用车成本和保值解释清楚，我会更容易接受。,公开网页问卷回答风格改写,A6L网友印象中有豪华、科技感、大气、空间不错，以及烧机油、小毛病等负向印象。,奥迪A6L 太平洋汽车车主点评,太平洋汽车,https://price.pcauto.com.cn/comment/sg4313/s48976/t3.0/
UM0153,一汽奥迪,奥迪A4L,奥迪A4L,28.98-36.28万,传统燃料,轿车,中型,5座,销售反馈,公开网页评论整理,河南,2026-07,25-30岁,企业中层管理,已婚一孩,已购,对比评估,1-2个月,本人+父母,孩子,如果客户在奥迪A4L和新能源替代车型之间犹豫，我觉得不能只说品牌，还是要讲清楚后排、隔音、底盘和优惠后的真实成交价值。对商务用户来说，稳定和体面感很重要。,公开网页销售反馈风格改写,A6L网友印象中有豪华、科技感、大气、空间不错，以及烧机油、小毛病等负向印象。,奥迪A6L 太平洋汽车车主点评,太平洋汽车,https://price.pcauto.com.cn/comment/sg4313/s48976/t3.0/
UM0154,一汽奥迪,奥迪A4L,奥迪A4L,28.98-36.28万,传统燃料,轿车,中型,5座,用户评论,车质网,广东,2026-06,35-40岁,金融/咨询从业者,商务+家庭兼用,意向中,价格谈判,1个月内,本人+配偶,销售顾问,试驾后我觉得奥迪A4L的底盘质感比很多新势力更扎实，长途开起来轻松。只是车机响应和智能化功能确实没有那么讨喜，年轻用户可能会因此转向新能源竞品。,公开网页用户评论风格改写,奥迪A6L公开口碑中常见空间、隔音、底盘、豪华感和车机智能化、低速顿挫/维修等反馈。,奥迪A6L 车质网口碑,车质网,https://www.12365auto.com/review/1_0_0_1.shtml
UM0155,小米汽车,小米SU7,小米SU7,21.99-30.39万,纯电动,轿车,中大型车,5座,用户评论,太平洋汽车,湖北,2026-05,35-40岁,企业职员,三代同住,流失,初步了解,2周左右,本人,父母,关注小米SU7最早是被外观和小米生态吸引，车机、手机互联和智能座舱很符合年轻用户习惯。我也看了Model 3，但更担心的是交付周期和软件稳定性，毕竟买车不是买手机。,公开网页用户评论风格改写,小米SU7公开点评总结强调科技配置、五屏联动、HUD、材料与座椅；缺点涉及后排头部空间、储物、系统稳定性。,小米SU7 太平洋汽车车主点评,太平洋汽车,https://price.pcauto.com.cn/sg29425/
UM0156,小米汽车,小米SU7,小米SU7,21.99-30.39万,纯电动,轿车,中大型车,5座,访谈记录,公开论坛/社区讨论,江苏,2026-04,30-35岁,设计/传媒从业者,未婚/两人家庭,未购,试驾体验,1周内,公司/家庭共同使用者,朋友/同事,小米SU7的设计和性能很有吸引力，尤其是操控性能和手机生态联动，身边朋友讨论度很高。问题是交付和售后让我有点犹豫，如果等待时间太长，可能会转向极氪001。,公开网页访谈记录风格改写,小米SU7公开点评总结强调科技配置、五屏联动、HUD、材料与座椅；缺点涉及后排头部空间、储物、系统稳定性。,小米SU7 太平洋汽车车主点评,太平洋汽车,https://price.pcauto.com.cn/sg29425/
UM0157,小米汽车,小米SU7,小米SU7,21.99-30.39万,纯电动,轿车,中大型车,5座,问卷回答,销售反馈模拟,山东,2026-08,25-30岁,企业职员,已婚一孩,流失,已购复盘,2个月以上,家庭共同决策,无明显影响人,我喜欢小米SU7的科技感，屏幕交互和生态联动确实顺手。家用层面会再看后排空间和舒适性，和小鹏P7对比时，最终还是看谁能兼顾好开、好用和稳定。,公开网页问卷回答风格改写,小米SU7公开点评总结强调科技配置、五屏联动、HUD、材料与座椅；缺点涉及后排头部空间、储物、系统稳定性。,小米SU7 太平洋汽车车主点评,太平洋汽车,https://price.pcauto.com.cn/sg29425/
UM0158,小米汽车,小米SU7,小米SU7,21.99-30.39万,纯电动,轿车,中大型车,5座,销售反馈,公开论坛/社区讨论,上海,2026-07,35-40岁,设计/传媒从业者,三代同住,未购,初步了解,1-2个月,本人+父母,父母,如果销售沟通小米SU7，我希望别只讲性能参数，也要明确解释辅助驾驶边界、软件稳定性和交付周期。这样我会更有安全感，也更愿意把它纳入最终选择。,公开网页销售反馈风格改写,公开新闻报道中涉及小米SU7智能泊车相关软件修复，适合支撑用户对软件稳定性/安全感的顾虑设定。,小米SU7 Reuters软件修复报道,Reuters,https://www.reuters.com/business/autos-transportation/chinas-xiaomi-fix-software-30931-su7-evs-says-market-regulator-2025-01-24/
UM0159,小米汽车,小米SU7,小米SU7,21.99-30.39万,纯电动,轿车,中大型车,5座,用户评论,太平洋汽车,四川,2026-06,30-35岁,企业职员,未婚/两人家庭,流失,试驾体验,1个月内,本人+配偶,朋友/同事,选择小米SU7的原因是年轻、好看、有智能生态，但顾虑在于家庭空间。如果官方能给出更清晰的服务保障和交付承诺，我会更倾向于本品而不是奥迪A4L。,公开网页用户评论风格改写,小米SU7公开点评总结强调科技配置、五屏联动、HUD、材料与座椅；缺点涉及后排头部空间、储物、系统稳定性。,小米SU7 太平洋汽车车主点评,太平洋汽车,https://price.pcauto.com.cn/sg29425/
UM0160,岚图汽车,岚图泰山,岚图泰山,37.99-50.99万,非增程式插混,SUV,大型,6座,用户评论,车质网,浙江,2026-05,45-50岁,公务员/事业单位,已婚一孩,已购,流失反馈,2周左右,本人,配偶,关注岚图泰山主要是因为通过性和家庭出行适配，价格在37.99-50.99万这个区间内比较有吸引力。对比同级别车型时，我会重点看空间、配置和长期用车成本。,公开网页用户评论风格改写,用于非重点品牌车系的公开车主口碑检索入口；具体车型后续可替换为逐车系URL。,车质网口碑通用入口,车质网,https://www.12365auto.com/review/
UM0161,岚图汽车,岚图泰山,岚图泰山,37.99-50.99万,非增程式插混,SUV,大型,6座,访谈记录,公开问卷语料模拟,湖南,2026-04,25-30岁,互联网产品/运营,三代同住,意向中,对比评估,1周内,公司/家庭共同使用者,孩子,我对岚图泰山的第一印象是实用，SUV车身能满足日常通勤和家庭使用。顾虑是后备厢满载空间，如果销售能把真实续航、保养或售后讲清楚，会更容易推动决策。,公开网页访谈记录风格改写,用于非重点品牌车系的公开车主口碑检索入口；具体车型后续可替换为逐车系URL。,车质网口碑通用入口,车质网,https://www.12365auto.com/review/
UM0162,岚图汽车,岚图泰山,岚图泰山,37.99-50.99万,非增程式插混,SUV,大型,6座,问卷回答,公开网页评论整理,北京,2026-08,35-40岁,金融/咨询从业者,已婚一孩,已购,价格谈判,2个月以上,家庭共同决策,销售顾问,选车时把岚图泰山和同价位竞品放在一起比较，主要看价格、配置、能源形式和品牌可信度。它的优势在家庭出行适配，不足可能是油耗/电耗，需要试驾后再判断。,公开网页问卷回答风格改写,用于非重点品牌车系的公开车主口碑检索入口；具体车型后续可替换为逐车系URL。,车质网口碑通用入口,车质网,https://www.12365auto.com/review/
UM0163,AITO问界,问界M9,问界M9,53.98-65.98万,纯电动/增程式插混,SUV,大型,5座/6座,用户评论,太平洋汽车,江苏,2026-04,35-40岁,制造业管理岗,已婚二孩,流失,试驾体验,1周内,家庭共同决策,配偶,关注问界M9主要是因为华为智驾和鸿蒙座舱，手机互联和语音确实很顺。也看过Model Y，理想更偏家庭舒适，问界更打动我的是智能化和科技信任。,公开网页用户评论风格改写,问界M9公开点评总结强调科技配置、舒适性和零重力座椅，也有系统稳定性和选装成本等反馈。,问界M9 太平洋汽车车主点评,太平洋汽车,https://price.pcauto.com.cn/comment/sg29744/
UM0164,AITO问界,问界M9,问界M9,53.98-65.98万,纯电动/增程式插混,SUV,大型,5座/6座,访谈记录,公开论坛/社区讨论,山东,2026-08,30-35岁,私营业主,已婚一孩,未购,已购复盘,2个月以上,本人+配偶,孩子,问界M9的六座/大空间和增程方案对家庭用户很友好，日常通勤用电、长途加油没有压力。顾虑主要是底盘偏软和第三排长途舒适，满载出行时还想再实际体验一下。,公开网页访谈记录风格改写,问界M9公开点评总结强调科技配置、舒适性和零重力座椅，也有系统稳定性和选装成本等反馈。,问界M9 太平洋汽车车主点评,太平洋汽车,https://price.pcauto.com.cn/comment/sg29744/
UM0165,AITO问界,问界M9,问界M9,53.98-65.98万,纯电动/增程式插混,SUV,大型,5座/6座,问卷回答,销售反馈模拟,上海,2026-07,40-45岁,自由职业者,三代同住,流失,初步了解,1-2个月,本人+父母,配偶,如果经常高速通勤，我会被问界M9的辅助驾驶吸引，用起来能减少疲劳。和理想L8比较时，我主要看智驾、空间、舒适性和家人认可度，最后还要看价格权益。,公开网页问卷回答风格改写,问界M9公开点评总结强调科技配置、舒适性和零重力座椅，也有系统稳定性和选装成本等反馈。,问界M9 太平洋汽车车主点评,太平洋汽车,https://price.pcauto.com.cn/comment/sg29744/
UM0166,AITO问界,问界M9,问界M9,53.98-65.98万,纯电动/增程式插混,SUV,大型,5座/6座,销售反馈,公开论坛/社区讨论,四川,2026-06,35-40岁,公务员/事业单位,已婚二孩,未购,试驾体验,1个月内,家庭共同决策,孩子,销售讲问界M9时，最好把智驾能力和安全边界同时说清楚，不能只讲厉害。对家庭用户来说，舒适、空间和长期用车稳定性也要一起解释。,公开网页销售反馈风格改写,问界M9公开点评总结强调科技配置、舒适性和零重力座椅，也有系统稳定性和选装成本等反馈。,问界M9 太平洋汽车车主点评,太平洋汽车,https://price.pcauto.com.cn/comment/sg29744/
UM0167,AITO问界,问界M9,问界M9,53.98-65.98万,纯电动/增程式插混,SUV,大型,5座/6座,用户评论,太平洋汽车,湖北,2026-05,30-35岁,互联网产品/运营,已婚一孩,流失,已购复盘,2周左右,本人+配偶,配偶,我对问界M9整体印象不错，座舱流畅、配置丰富，家人坐着也舒服。只是价格偏高，底盘舒适取向对喜欢驾驶的人不一定友好，这些需要在试驾时提前说明。,公开网页用户评论风格改写,问界M9公开点评总结强调科技配置、舒适性和零重力座椅，也有系统稳定性和选装成本等反馈。,问界M9 太平洋汽车车主点评,太平洋汽车,https://price.pcauto.com.cn/comment/sg29744/
UM0168,一汽丰田,普拉多,普拉多,44.98-55.98万,常规混合动力,SUV,中大型,5座/6座,用户评论,车质网,湖南,2026-04,25-30岁,互联网产品/运营,已婚一孩,已购,对比评估,1周内,公司/家庭共同使用者,孩子,关注普拉多主要是因为通过性和家庭出行适配，价格在44.98-55.98万这个区间内比较有吸引力。对比理想L6时，我会重点看空间、配置和长期用车成本。,公开网页用户评论风格改写,用于非重点品牌车系的公开车主口碑检索入口；具体车型后续可替换为逐车系URL。,车质网口碑通用入口,车质网,https://www.12365auto.com/review/
UM0169,一汽丰田,普拉多,普拉多,44.98-55.98万,常规混合动力,SUV,中大型,5座/6座,访谈记录,公开问卷语料模拟,北京,2026-08,35-40岁,金融/咨询从业者,三代同住,意向中,价格谈判,2个月以上,家庭共同决策,销售顾问,我对普拉多的第一印象是实用，SUV车身能满足日常通勤和家庭使用。顾虑是后备厢满载空间，如果销售能把真实续航、保养或售后讲清楚，会更容易推动决策。,公开网页访谈记录风格改写,用于非重点品牌车系的公开车主口碑检索入口；具体车型后续可替换为逐车系URL。,车质网口碑通用入口,车质网,https://www.12365auto.com/review/
UM0170,一汽丰田,普拉多,普拉多,44.98-55.98万,常规混合动力,SUV,中大型,5座/6座,问卷回答,公开网页评论整理,河南,2026-07,45-50岁,企业职员,已婚一孩,已购,流失反馈,1-2个月,本人+父母,配偶,选车时把普拉多和本田同级车型放在一起比较，主要看价格、配置、能源形式和品牌可信度。它的优势在家庭出行适配，不足可能是油耗/电耗，需要试驾后再判断。,公开网页问卷回答风格改写,用于非重点品牌车系的公开车主口碑检索入口；具体车型后续可替换为逐车系URL。,车质网口碑通用入口,车质网,https://www.12365auto.com/review/
UM0171,腾势汽车,腾势D9,腾势D9,30.98-60.06万,纯电动/非增程式插混,MPV,中大型,7座/4座,用户评论,车质网,山东,2026-08,40-45岁,私营业主,商务+家庭兼用,流失,已购复盘,2个月以上,家庭共同决策,无明显影响人,关注腾势D9主要是因为多人乘坐和商务/家庭兼用，价格在30.98-60.06万这个区间内比较有吸引力。对比丰田赛那时，我会重点看空间、配置和长期用车成本。,公开网页用户评论风格改写,用于非重点品牌车系的公开车主口碑检索入口；具体车型后续可替换为逐车系URL。,车质网口碑通用入口,车质网,https://www.12365auto.com/review/
UM0172,腾势汽车,腾势D9,腾势D9,30.98-60.06万,纯电动/非增程式插混,MPV,中大型,7座/4座,访谈记录,公开论坛/社区讨论,上海,2026-07,50岁以上,自由职业者,已婚二孩,未购,初步了解,1-2个月,本人+父母,父母,我对腾势D9的第一印象是实用，MPV车身能满足日常通勤和家庭使用。顾虑是停车便利性，如果销售能把真实续航、保养或售后讲清楚，会更容易推动决策。,公开网页访谈记录风格改写,用于非重点品牌车系的公开车主口碑检索入口；具体车型后续可替换为逐车系URL。,车质网口碑通用入口,车质网,https://www.12365auto.com/review/
UM0173,腾势汽车,腾势D9,腾势D9,30.98-60.06万,纯电动/非增程式插混,MPV,中大型,7座/4座,问卷回答,销售反馈模拟,四川,2026-06,30-35岁,公务员/事业单位,商务+家庭兼用,流失,试驾体验,1个月内,本人+配偶,朋友/同事,选车时把腾势D9和岚图梦想家放在一起比较，主要看价格、配置、能源形式和品牌可信度。它的优势在商务/家庭兼用，不足可能是车身尺寸，需要试驾后再判断。,公开网页问卷回答风格改写,用于非重点品牌车系的公开车主口碑检索入口；具体车型后续可替换为逐车系URL。,车质网口碑通用入口,车质网,https://www.12365auto.com/review/
UM0174,极氪,极氪9X,极氪9X,46.59-59.99万,非增程式插混,SUV,大型,6座,用户评论,车质网,河南,2026-07,25-30岁,设计/传媒从业者,三代同住,意向中,对比评估,1-2个月,本人+父母,孩子,关注极氪9X主要是因为通过性和家庭出行适配，价格在46.59-59.99万这个区间内比较有吸引力。对比同级别车型时，我会重点看空间、配置和长期用车成本。,公开网页用户评论风格改写,用于非重点品牌车系的公开车主口碑检索入口；具体车型后续可替换为逐车系URL。,车质网口碑通用入口,车质网,https://www.12365auto.com/review/
UM0175,极氪,极氪9X,极氪9X,46.59-59.99万,非增程式插混,SUV,大型,6座,访谈记录,公开网页评论整理,广东,2026-06,35-40岁,个体经营者,已婚一孩,已购,价格谈判,1个月内,本人+配偶,销售顾问,我对极氪9X的第一印象是实用，SUV车身能满足日常通勤和家庭使用。顾虑是后备厢满载空间，如果销售能把真实续航、保养或售后讲清楚，会更容易推动决策。,公开网页访谈记录风格改写,用于非重点品牌车系的公开车主口碑检索入口；具体车型后续可替换为逐车系URL。,车质网口碑通用入口,车质网,https://www.12365auto.com/review/
UM0176,极氪,极氪9X,极氪9X,46.59-59.99万,非增程式插混,SUV,大型,6座,问卷回答,公开问卷语料模拟,浙江,2026-05,45-50岁,制造业管理岗,三代同住,意向中,流失反馈,2周左右,本人,配偶,选车时把极氪9X和同价位竞品放在一起比较，主要看价格、配置、能源形式和品牌可信度。它的优势在家庭出行适配，不足可能是油耗/电耗，需要试驾后再判断。,公开网页问卷回答风格改写,用于非重点品牌车系的公开车主口碑检索入口；具体车型后续可替换为逐车系URL。,车质网口碑通用入口,车质网,https://www.12365auto.com/review/
UM0177,蔚来,蔚来ES8,蔚来ES8,38.28-44.68万,纯电动,SUV,大型,5座/6座/7座,用户评论,车质网,四川,2026-06,40-45岁,互联网产品/运营,已婚二孩,未购,已购复盘,1个月内,本人+配偶,无明显影响人,关注蔚来ES8主要是因为通过性和家庭出行适配，价格在38.28-44.68万这个区间内比较有吸引力。对比问界M7时，我会重点看空间、配置和长期用车成本。,公开网页用户评论风格改写,用于非重点品牌车系的公开车主口碑检索入口；具体车型后续可替换为逐车系URL。,车质网口碑通用入口,车质网,https://www.12365auto.com/review/
UM0178,蔚来,蔚来ES8,蔚来ES8,38.28-44.68万,纯电动,SUV,大型,5座/6座/7座,访谈记录,销售反馈模拟,湖北,2026-05,50岁以上,金融/咨询从业者,商务+家庭兼用,流失,初步了解,2周左右,本人,父母,我对蔚来ES8的第一印象是实用，SUV车身能满足日常通勤和家庭使用。顾虑是后备厢满载空间，如果销售能把真实续航、保养或售后讲清楚，会更容易推动决策。,公开网页访谈记录风格改写,用于非重点品牌车系的公开车主口碑检索入口；具体车型后续可替换为逐车系URL。,车质网口碑通用入口,车质网,https://www.12365auto.com/review/
UM0179,蔚来,蔚来ES8,蔚来ES8,38.28-44.68万,纯电动,SUV,大型,5座/6座/7座,问卷回答,公开论坛/社区讨论,江苏,2026-04,30-35岁,企业职员,已婚二孩,未购,试驾体验,1周内,公司/家庭共同使用者,朋友/同事,选车时把蔚来ES8和小鹏G9放在一起比较，主要看价格、配置、能源形式和品牌可信度。它的优势在家庭出行适配，不足可能是油耗/电耗，需要试驾后再判断。,公开网页问卷回答风格改写,用于非重点品牌车系的公开车主口碑检索入口；具体车型后续可替换为逐车系URL。,车质网口碑通用入口,车质网,https://www.12365auto.com/review/
UM0180,岚图汽车,岚图梦想家,岚图梦想家,30.99-70.99万,纯电动/非增程式插混,MPV,中大型,7座/4座,用户评论,车质网,浙江,2026-05,25-30岁,私营业主,已婚一孩,已购,对比评估,2周左右,本人,孩子,关注岚图梦想家主要是因为多人乘坐和商务/家庭兼用，价格在30.99-70.99万这个区间内比较有吸引力。对比腾势D9时，我会重点看空间、配置和长期用车成本。,公开网页用户评论风格改写,用于非重点品牌车系的公开车主口碑检索入口；具体车型后续可替换为逐车系URL。,车质网口碑通用入口,车质网,https://www.12365auto.com/review/
UM0181,岚图汽车,岚图梦想家,岚图梦想家,30.99-70.99万,纯电动/非增程式插混,MPV,中大型,7座/4座,访谈记录,公开问卷语料模拟,湖南,2026-04,35-40岁,自由职业者,三代同住,意向中,价格谈判,1周内,公司/家庭共同使用者,销售顾问,我对岚图梦想家的第一印象是实用，MPV车身能满足日常通勤和家庭使用。顾虑是停车便利性，如果销售能把真实续航、保养或售后讲清楚，会更容易推动决策。,公开网页访谈记录风格改写,用于非重点品牌车系的公开车主口碑检索入口；具体车型后续可替换为逐车系URL。,车质网口碑通用入口,车质网,https://www.12365auto.com/review/
UM0182,岚图汽车,岚图梦想家,岚图梦想家,30.99-70.99万,纯电动/非增程式插混,MPV,中大型,7座/4座,问卷回答,公开网页评论整理,北京,2026-08,45-50岁,公务员/事业单位,已婚一孩,已购,流失反馈,2个月以上,家庭共同决策,配偶,选车时把岚图梦想家和极氪009放在一起比较，主要看价格、配置、能源形式和品牌可信度。它的优势在商务/家庭兼用，不足可能是车身尺寸，需要试驾后再判断。,公开网页问卷回答风格改写,用于非重点品牌车系的公开车主口碑检索入口；具体车型后续可替换为逐车系URL。,车质网口碑通用入口,车质网,https://www.12365auto.com/review/
UM0183,方程豹,豹8,豹8,41.98-42.78万,非增程式插混,SUV,中大型,5座/6座/7座,用户评论,车质网,江苏,2026-04,40-45岁,设计/传媒从业者,商务+家庭兼用,流失,已购复盘,1周内,公司/家庭共同使用者,无明显影响人,关注豹8主要是因为通过性和家庭出行适配，价格在41.98-42.78万这个区间内比较有吸引力。对比新能源替代车型时，我会重点看空间、配置和长期用车成本。,公开网页用户评论风格改写,用于非重点品牌车系的公开车主口碑检索入口；具体车型后续可替换为逐车系URL。,车质网口碑通用入口,车质网,https://www.12365auto.com/review/
UM0184,方程豹,豹8,豹8,41.98-42.78万,非增程式插混,SUV,中大型,5座/6座/7座,访谈记录,公开论坛/社区讨论,山东,2026-08,50岁以上,个体经营者,已婚二孩,未购,初步了解,2个月以上,家庭共同决策,父母,我对豹8的第一印象是实用，SUV车身能满足日常通勤和家庭使用。顾虑是后备厢满载空间，如果销售能把真实续航、保养或售后讲清楚，会更容易推动决策。,公开网页访谈记录风格改写,用于非重点品牌车系的公开车主口碑检索入口；具体车型后续可替换为逐车系URL。,车质网口碑通用入口,车质网,https://www.12365auto.com/review/
UM0185,方程豹,豹8,豹8,41.98-42.78万,非增程式插混,SUV,中大型,5座/6座/7座,问卷回答,销售反馈模拟,上海,2026-07,30-35岁,制造业管理岗,商务+家庭兼用,流失,试驾体验,1-2个月,本人+父母,朋友/同事,选车时把豹8和同级别车型放在一起比较，主要看价格、配置、能源形式和品牌可信度。它的优势在家庭出行适配，不足可能是油耗/电耗，需要试驾后再判断。,公开网页问卷回答风格改写,用于非重点品牌车系的公开车主口碑检索入口；具体车型后续可替换为逐车系URL。,车质网口碑通用入口,车质网,https://www.12365auto.com/review/
UM0186,理想汽车,理想L9,理想L9,45.98-50.98万,增程式插混,SUV,大型,6座,用户评论,懂车帝,北京,2026-08,30-35岁,互联网产品/运营,已婚一孩,意向中,对比评估,2个月以上,本人+配偶,销售顾问,家里有孩子后看车重点变成空间和舒适，理想L9的六座布局、二排体验和车内配置比较打动家人。也看过蔚来ES8，但我觉得理想更像是为全家出行设计的车，唯一还在意的是价格权益。,公开网页用户评论风格改写,理想L8口碑中高频出现整体空间出色、配置丰富、舒适性和驾驶体验，同时也有后备厢、第三排、刹车/底盘等反馈。,理想L8 懂车帝车主口碑,懂车帝,https://www.dongchedi.com/auto/series/score/6095-x-S0-P107-x-x-1
UM0187,理想汽车,理想L9,理想L9,45.98-50.98万,增程式插混,SUV,大型,6座,访谈记录,公开网页评论整理,河南,2026-07,40-45岁,金融/咨询从业者,三代同住,已购,价格谈判,1-2个月,本人+父母,父母,试驾理想L9以后感觉增程方案很适合我们这种周末常出城的家庭，市区用电、长途加油都不焦虑。家里人对座椅和静谧性评价很好，比之前看的小鹏G9更容易形成共识。,公开网页访谈记录风格改写,理想L8口碑中高频出现整体空间出色、配置丰富、舒适性和驾驶体验，同时也有后备厢、第三排、刹车/底盘等反馈。,理想L8 懂车帝车主口碑,懂车帝,https://www.dongchedi.com/auto/series/score/6095-x-S0-P107-x-x-1
UM0188,理想汽车,理想L9,理想L9,45.98-50.98万,增程式插混,SUV,大型,6座,问卷回答,公开问卷语料模拟,广东,2026-06,35-40岁,企业职员,已婚二孩,意向中,流失反馈,1个月内,家庭共同决策,销售顾问,我关注理想L9主要是因为增程无续航焦虑和孩子和老人乘坐体验，孩子坐后排不容易闹，老人上下车也方便。价格不算低，但如果把家庭使用频率和配置算进去，我会觉得它比较值。,公开网页问卷回答风格改写,公开车主长评中有家庭六座、二三排空间、舒适性、NVH、辅助驾驶和权益变化等表达。,理想L8 懂车帝车主点评,懂车帝,https://www.dongchedi.com/auto/series/score/6095-x-S5-P52-x-1-1
UM0189,理想汽车,理想L9,理想L9,45.98-50.98万,增程式插混,SUV,大型,6座,销售反馈,公开网页评论整理,浙江,2026-05,30-35岁,设计/传媒从业者,已婚一孩,已购,对比评估,2周左右,本人+配偶,父母,销售讲空间时如果能直接带我们体验儿童座椅、老人乘坐和后备厢装载，会比单纯讲参数更有效。理想L9让我最安心的是长途没有补能焦虑，家人满意度也高。,公开网页销售反馈风格改写,理想L8口碑中高频出现整体空间出色、配置丰富、舒适性和驾驶体验，同时也有后备厢、第三排、刹车/底盘等反馈。,理想L8 懂车帝车主口碑,懂车帝,https://www.dongchedi.com/auto/series/score/6095-x-S0-P107-x-x-1
UM0190,理想汽车,理想L9,理想L9,45.98-50.98万,增程式插混,SUV,大型,6座,用户评论,懂车帝,湖南,2026-04,40-45岁,个体经营者,三代同住,意向中,价格谈判,1周内,本人+父母,销售顾问,对比问界M9时，我知道对方也有强项，但理想L9在家庭场景上的完整度更强，座舱、座椅和补能方式都更符合我们的日常。现在主要等权益合适就会下定。,公开网页用户评论风格改写,理想L8口碑中高频出现整体空间出色、配置丰富、舒适性和驾驶体验，同时也有后备厢、第三排、刹车/底盘等反馈。,理想L8 懂车帝车主口碑,懂车帝,https://www.dongchedi.com/auto/series/score/6095-x-S0-P107-x-x-1
UM0191,理想汽车,理想L8,理想L8,36.98-42.98万,增程式插混,SUV,中大型,5座,用户评论,懂车帝,山东,2026-08,40-45岁,个体经营者,三代同住,流失,初步了解,2个月以上,本人+父母,配偶,家里有孩子后看车重点变成空间和舒适，理想L8的六座布局、二排体验和车内配置比较打动家人。也看过蔚来ES8，但我觉得理想更像是为全家出行设计的车，唯一还在意的是价格权益。,公开网页用户评论风格改写,公开车主长评中有家庭六座、二三排空间、舒适性、NVH、辅助驾驶和权益变化等表达。,理想L8 懂车帝车主点评,懂车帝,https://www.dongchedi.com/auto/series/score/6095-x-S5-P52-x-1-1
UM0192,理想汽车,理想L8,理想L8,36.98-42.98万,增程式插混,SUV,中大型,5座,访谈记录,公开论坛/社区讨论,上海,2026-07,35-40岁,制造业管理岗,已婚二孩,未购,试驾体验,1-2个月,家庭共同决策,孩子,试驾理想L8以后感觉增程方案很适合我们这种周末常出城的家庭，市区用电、长途加油都不焦虑。家里人对座椅和静谧性评价很好，比之前看的小鹏G9更容易形成共识。,公开网页访谈记录风格改写,理想L8口碑中高频出现整体空间出色、配置丰富、舒适性和驾驶体验，同时也有后备厢、第三排、刹车/底盘等反馈。,理想L8 懂车帝车主口碑,懂车帝,https://www.dongchedi.com/auto/series/score/6095-x-S0-P107-x-x-1
UM0193,理想汽车,理想L8,理想L8,36.98-42.98万,增程式插混,SUV,中大型,5座,问卷回答,销售反馈模拟,四川,2026-06,30-35岁,私营业主,已婚一孩,流失,已购复盘,1个月内,本人+配偶,配偶,我关注理想L8主要是因为增程无续航焦虑和孩子和老人乘坐体验，孩子坐后排不容易闹，老人上下车也方便。价格不算低，但如果把家庭使用频率和配置算进去，我会觉得它比较值。,公开网页问卷回答风格改写,理想L8口碑中高频出现整体空间出色、配置丰富、舒适性和驾驶体验，同时也有后备厢、第三排、刹车/底盘等反馈。,理想L8 懂车帝车主口碑,懂车帝,https://www.dongchedi.com/auto/series/score/6095-x-S0-P107-x-x-1
UM0194,理想汽车,理想L8,理想L8,36.98-42.98万,增程式插混,SUV,中大型,5座,销售反馈,公开论坛/社区讨论,湖北,2026-05,40-45岁,自由职业者,三代同住,未购,初步了解,2周左右,本人+父母,孩子,销售讲空间时如果能直接带我们体验儿童座椅、老人乘坐和后备厢装载，会比单纯讲参数更有效。理想L8让我最安心的是长途没有补能焦虑，家人满意度也高。,公开网页销售反馈风格改写,公开车主长评中有家庭六座、二三排空间、舒适性、NVH、辅助驾驶和权益变化等表达。,理想L8 懂车帝车主点评,懂车帝,https://www.dongchedi.com/auto/series/score/6095-x-S5-P52-x-1-1
UM0195,理想汽车,理想L8,理想L8,36.98-42.98万,增程式插混,SUV,中大型,5座,用户评论,懂车帝,江苏,2026-04,35-40岁,公务员/事业单位,已婚二孩,流失,试驾体验,1周内,家庭共同决策,配偶,对比问界M9时，我知道对方也有强项，但理想L8在家庭场景上的完整度更强，座舱、座椅和补能方式都更符合我们的日常。现在主要等权益合适就会下定。,公开网页用户评论风格改写,理想L8口碑中高频出现整体空间出色、配置丰富、舒适性和驾驶体验，同时也有后备厢、第三排、刹车/底盘等反馈。,理想L8 懂车帝车主口碑,懂车帝,https://www.dongchedi.com/auto/series/score/6095-x-S0-P107-x-x-1
UM0196,奇瑞捷豹路虎,揽胜极光,揽胜极光,42.98-47.58万,常规混合动力,SUV,中性,5座,用户评论,车质网,北京,2026-08,45-50岁,公务员/事业单位,已婚二孩,已购,流失反馈,2个月以上,家庭共同决策,配偶,关注揽胜极光主要是因为通过性和家庭出行适配，价格在42.98-47.58万这个区间内比较有吸引力。对比同级别车型时，我会重点看空间、配置和长期用车成本。,公开网页用户评论风格改写,用于非重点品牌车系的公开车主口碑检索入口；具体车型后续可替换为逐车系URL。,车质网口碑通用入口,车质网,https://www.12365auto.com/review/
UM0197,奇瑞捷豹路虎,揽胜极光,揽胜极光,42.98-47.58万,常规混合动力,SUV,中性,5座,访谈记录,公开问卷语料模拟,河南,2026-07,25-30岁,互联网产品/运营,商务+家庭兼用,意向中,对比评估,1-2个月,本人+父母,孩子,我对揽胜极光的第一印象是实用，SUV车身能满足日常通勤和家庭使用。顾虑是后备厢满载空间，如果销售能把真实续航、保养或售后讲清楚，会更容易推动决策。,公开网页访谈记录风格改写,用于非重点品牌车系的公开车主口碑检索入口；具体车型后续可替换为逐车系URL。,车质网口碑通用入口,车质网,https://www.12365auto.com/review/
UM0198,奇瑞捷豹路虎,揽胜极光,揽胜极光,42.98-47.58万,常规混合动力,SUV,中性,5座,问卷回答,公开网页评论整理,广东,2026-06,35-40岁,金融/咨询从业者,已婚未育,已购,价格谈判,1个月内,本人+配偶,销售顾问,选车时把揽胜极光和同价位竞品放在一起比较，主要看价格、配置、能源形式和品牌可信度。它的优势在家庭出行适配，不足可能是油耗/电耗，需要试驾后再判断。,公开网页问卷回答风格改写,用于非重点品牌车系的公开车主口碑检索入口；具体车型后续可替换为逐车系URL。,车质网口碑通用入口,车质网,https://www.12365auto.com/review/
UM0199,华晨宝马,宝马X5,宝马X5,59.80-74.80万,常规混合动力,SUV,中大型,5座,用户评论,汽车之家,上海,2026-07,30-35岁,公务员/事业单位,已婚二孩,流失,试驾体验,1-2个月,本人+父母,朋友/同事,看宝马X5主要是冲着操控和品牌去的，转向、动力响应和底盘质感仍然是优势。我也试了理想L9，但宝马开起来更有参与感，只是配置性价比会影响家里人的接受度。,公开网页用户评论风格改写,宝马X3公开口碑整理强调2.0T动力、8AT配合、底盘运动和转向手感，也涉及内饰材料/配置复杂度等权衡。,宝马X3 汽车之家问答/口碑整理,汽车之家,https://www.autohome.com.cn/ask/17012537.html
UM0200,华晨宝马,宝马X5,宝马X5,59.80-74.80万,常规混合动力,SUV,中大型,5座,访谈记录,公开论坛/社区讨论,四川,2026-06,40-45岁,私营业主,已婚一孩,未购,已购复盘,1个月内,本人+配偶,无明显影响人,宝马X5适合自己开，动力响应和变速箱匹配比较明显。家里人更关注后排和舒适，我会担心悬挂、配置和用车成本，尤其和奔驰GLC放在一起比时性价比没有那么突出。,公开网页访谈记录风格改写,宝马X3公开口碑整理强调2.0T动力、8AT配合、底盘运动和转向手感，也涉及内饰材料/配置复杂度等权衡。,宝马X3 汽车之家问答/口碑整理,汽车之家,https://www.autohome.com.cn/ask/17012537.html
UM0201,华晨宝马,宝马X5,宝马X5,59.80-74.80万,常规混合动力,SUV,中大型,5座,问卷回答,销售反馈模拟,湖北,2026-05,50岁以上,公务员/事业单位,商务+家庭兼用,流失,初步了解,2周左右,本人,父母,如果预算到这个价位，我希望车既要有品牌，也要有智能化体验。宝马X5的传统机械素质没问题，但在座舱科技和配置完整度上，需要销售解释清楚它的价值。,公开网页问卷回答风格改写,宝马X3公开口碑整理强调2.0T动力、8AT配合、底盘运动和转向手感，也涉及内饰材料/配置复杂度等权衡。,宝马X3 汽车之家问答/口碑整理,汽车之家,https://www.autohome.com.cn/ask/17012537.html
UM0202,华晨宝马,宝马X5,宝马X5,59.80-74.80万,常规混合动力,SUV,中大型,5座,销售反馈,公开论坛/社区讨论,江苏,2026-04,30-35岁,私营业主,已婚二孩,未购,试驾体验,1周内,公司/家庭共同使用者,朋友/同事,我对宝马X5的选择理由是驾驶质感和品牌认可，但如果主要是家庭用车，我会认真比较奥迪Q7的空间和舒适配置。销售最好先判断我是自己开多还是全家坐多。,公开网页销售反馈风格改写,宝马X3公开口碑整理强调2.0T动力、8AT配合、底盘运动和转向手感，也涉及内饰材料/配置复杂度等权衡。,宝马X3 汽车之家问答/口碑整理,汽车之家,https://www.autohome.com.cn/ask/17012537.html
UM0203,华晨宝马,宝马X5,宝马X5,59.80-74.80万,常规混合动力,SUV,中大型,5座,用户评论,汽车之家,山东,2026-08,40-45岁,公务员/事业单位,已婚一孩,流失,已购复盘,2个月以上,家庭共同决策,无明显影响人,宝马X5给我的感觉是产品性格很鲜明，适合重视驾驶的人。顾虑是智能化不足和后排舒适，如果后期优惠到位、保养方案清楚，我会更愿意下定。,公开网页用户评论风格改写,宝马X3公开口碑整理强调2.0T动力、8AT配合、底盘运动和转向手感，也涉及内饰材料/配置复杂度等权衡。,宝马X3 汽车之家问答/口碑整理,汽车之家,https://www.autohome.com.cn/ask/17012537.html
UM0204,北京奔驰,奔驰GLC新能源,奔驰GLC新能源,33.98-51.80万,纯电动/非增程式插混,SUV,中型,5座,用户评论,太平洋汽车,河南,2026-07,25-30岁,企业中层管理,已婚一孩,已购,对比评估,1-2个月,本人+父母,孩子,关注奔驰GLC新能源主要是因为豪华感和后排空间，价格在33.98-51.80万这个区间内比较有吸引力。对比Model Y时，我会重点看空间、配置和长期用车成本。,公开网页用户评论风格改写,奔驰E级公开点评总结强调后排空间、豪华内饰和科技感；配置差异和座椅/细节也有反馈。,奔驰E级 太平洋汽车车主点评,太平洋汽车,https://price.pcauto.com.cn/comment/sg1603/m112715/
UM0205,北京奔驰,奔驰GLC新能源,奔驰GLC新能源,33.98-51.80万,纯电动/非增程式插混,SUV,中型,5座,访谈记录,公开问卷语料模拟,广东,2026-06,35-40岁,金融/咨询从业者,商务+家庭兼用,意向中,价格谈判,1个月内,本人+配偶,销售顾问,我对奔驰GLC新能源的第一印象是实用，SUV车身能满足日常通勤和家庭使用。顾虑是价格权益，如果销售能把真实续航、保养或售后讲清楚，会更容易推动决策。,公开网页访谈记录风格改写,奔驰E级公开点评总结强调后排空间、豪华内饰和科技感；配置差异和座椅/细节也有反馈。,奔驰E级 太平洋汽车车主点评,太平洋汽车,https://price.pcauto.com.cn/comment/sg1603/m112715/
UM0206,北京奔驰,奔驰GLC新能源,奔驰GLC新能源,33.98-51.80万,纯电动/非增程式插混,SUV,中型,5座,问卷回答,公开网页评论整理,浙江,2026-05,45-50岁,企业中层管理,已婚二孩,已购,流失反馈,2周左右,本人,配偶,选车时把奔驰GLC新能源和奥迪Q5L放在一起比较，主要看价格、配置、能源形式和品牌可信度。它的优势在后排空间，不足可能是配置差异，需要试驾后再判断。,公开网页问卷回答风格改写,奔驰E级公开点评总结强调后排空间、豪华内饰和科技感；配置差异和座椅/细节也有反馈。,奔驰E级 太平洋汽车车主点评,太平洋汽车,https://price.pcauto.com.cn/comment/sg1603/m112715/
UM0207,极氪,极氪8X,极氪8X,35.68-50.08万,非增程式插混,SUV,中大型,5座,用户评论,车质网,四川,2026-06,40-45岁,私营业主,已婚一孩,流失,已购复盘,1个月内,本人+配偶,无明显影响人,关注极氪8X主要是因为通过性和家庭出行适配，价格在35.68-50.08万这个区间内比较有吸引力。对比同级别车型时，我会重点看空间、配置和长期用车成本。,公开网页用户评论风格改写,用于非重点品牌车系的公开车主口碑检索入口；具体车型后续可替换为逐车系URL。,车质网口碑通用入口,车质网,https://www.12365auto.com/review/
UM0208,极氪,极氪8X,极氪8X,35.68-50.08万,非增程式插混,SUV,中大型,5座,访谈记录,公开论坛/社区讨论,湖北,2026-05,50岁以上,自由职业者,三代同住,未购,初步了解,2周左右,本人,父母,我对极氪8X的第一印象是实用，SUV车身能满足日常通勤和家庭使用。顾虑是后备厢满载空间，如果销售能把真实续航、保养或售后讲清楚，会更容易推动决策。,公开网页访谈记录风格改写,用于非重点品牌车系的公开车主口碑检索入口；具体车型后续可替换为逐车系URL。,车质网口碑通用入口,车质网,https://www.12365auto.com/review/
UM0209,极氪,极氪8X,极氪8X,35.68-50.08万,非增程式插混,SUV,中大型,5座,问卷回答,销售反馈模拟,江苏,2026-04,30-35岁,公务员/事业单位,未婚/两人家庭,流失,试驾体验,1周内,公司/家庭共同使用者,朋友/同事,选车时把极氪8X和同价位竞品放在一起比较，主要看价格、配置、能源形式和品牌可信度。它的优势在家庭出行适配，不足可能是油耗/电耗，需要试驾后再判断。,公开网页问卷回答风格改写,用于非重点品牌车系的公开车主口碑检索入口；具体车型后续可替换为逐车系URL。,车质网口碑通用入口,车质网,https://www.12365auto.com/review/
UM0210,蔚来,蔚来ES9,蔚来ES9,49.80-62.80万,纯电动,SUV,大型,6座,用户评论,车质网,浙江,2026-05,25-30岁,设计/传媒从业者,三代同住,意向中,对比评估,2周左右,本人,孩子,关注蔚来ES9主要是因为通过性和家庭出行适配，价格在49.80-62.80万这个区间内比较有吸引力。对比问界M7时，我会重点看空间、配置和长期用车成本。,公开网页用户评论风格改写,用于非重点品牌车系的公开车主口碑检索入口；具体车型后续可替换为逐车系URL。,车质网口碑通用入口,车质网,https://www.12365auto.com/review/
UM0211,蔚来,蔚来ES9,蔚来ES9,49.80-62.80万,纯电动,SUV,大型,6座,访谈记录,公开网页评论整理,湖南,2026-04,35-40岁,个体经营者,已婚一孩,已购,价格谈判,1周内,公司/家庭共同使用者,销售顾问,我对蔚来ES9的第一印象是实用，SUV车身能满足日常通勤和家庭使用。顾虑是后备厢满载空间，如果销售能把真实续航、保养或售后讲清楚，会更容易推动决策。,公开网页访谈记录风格改写,用于非重点品牌车系的公开车主口碑检索入口；具体车型后续可替换为逐车系URL。,车质网口碑通用入口,车质网,https://www.12365auto.com/review/
UM0212,蔚来,蔚来ES9,蔚来ES9,49.80-62.80万,纯电动,SUV,大型,6座,问卷回答,公开问卷语料模拟,北京,2026-08,45-50岁,制造业管理岗,三代同住,意向中,流失反馈,2个月以上,家庭共同决策,配偶,选车时把蔚来ES9和小鹏G9放在一起比较，主要看价格、配置、能源形式和品牌可信度。它的优势在家庭出行适配，不足可能是油耗/电耗，需要试驾后再判断。,公开网页问卷回答风格改写,用于非重点品牌车系的公开车主口碑检索入口；具体车型后续可替换为逐车系URL。,车质网口碑通用入口,车质网,https://www.12365auto.com/review/
UM0213,LUXEED智界,智界V9,智界V9,38.98-51.98万,增程式插混,MPV,中大型,7座,用户评论,车质网,江苏,2026-04,40-45岁,互联网产品/运营,已婚二孩,未购,已购复盘,1周内,公司/家庭共同使用者,无明显影响人,关注智界V9主要是因为多人乘坐和商务/家庭兼用，价格在38.98-51.98万这个区间内比较有吸引力。对比同级别车型时，我会重点看空间、配置和长期用车成本。,公开网页用户评论风格改写,用于非重点品牌车系的公开车主口碑检索入口；具体车型后续可替换为逐车系URL。,车质网口碑通用入口,车质网,https://www.12365auto.com/review/
UM0214,LUXEED智界,智界V9,智界V9,38.98-51.98万,增程式插混,MPV,中大型,7座,访谈记录,销售反馈模拟,山东,2026-08,50岁以上,金融/咨询从业者,商务+家庭兼用,流失,初步了解,2个月以上,家庭共同决策,父母,我对智界V9的第一印象是实用，MPV车身能满足日常通勤和家庭使用。顾虑是停车便利性，如果销售能把真实续航、保养或售后讲清楚，会更容易推动决策。,公开网页访谈记录风格改写,用于非重点品牌车系的公开车主口碑检索入口；具体车型后续可替换为逐车系URL。,车质网口碑通用入口,车质网,https://www.12365auto.com/review/
UM0215,LUXEED智界,智界V9,智界V9,38.98-51.98万,增程式插混,MPV,中大型,7座,问卷回答,公开论坛/社区讨论,上海,2026-07,30-35岁,企业职员,已婚二孩,未购,试驾体验,1-2个月,本人+父母,朋友/同事,选车时把智界V9和同价位竞品放在一起比较，主要看价格、配置、能源形式和品牌可信度。它的优势在商务/家庭兼用，不足可能是车身尺寸，需要试驾后再判断。,公开网页问卷回答风格改写,用于非重点品牌车系的公开车主口碑检索入口；具体车型后续可替换为逐车系URL。,车质网口碑通用入口,车质网,https://www.12365auto.com/review/
UM0216,长城汽车,坦克700新能源,坦克700新能源,42.80-70.00万,非增程式插混,SUV,中大型,5座,用户评论,车质网,北京,2026-08,25-30岁,私营业主,商务+家庭兼用,已购,对比评估,2个月以上,家庭共同决策,孩子,关注坦克700新能源主要是因为通过性和家庭出行适配，价格在42.80-70.00万这个区间内比较有吸引力。对比新能源替代车型时，我会重点看空间、配置和长期用车成本。,公开网页用户评论风格改写,用于非重点品牌车系的公开车主口碑检索入口；具体车型后续可替换为逐车系URL。,车质网口碑通用入口,车质网,https://www.12365auto.com/review/
UM0217,长城汽车,坦克700新能源,坦克700新能源,42.80-70.00万,非增程式插混,SUV,中大型,5座,访谈记录,公开问卷语料模拟,河南,2026-07,35-40岁,自由职业者,已婚未育,意向中,价格谈判,1-2个月,本人+父母,销售顾问,我对坦克700新能源的第一印象是实用，SUV车身能满足日常通勤和家庭使用。顾虑是后备厢满载空间，如果销售能把真实续航、保养或售后讲清楚，会更容易推动决策。,公开网页访谈记录风格改写,用于非重点品牌车系的公开车主口碑检索入口；具体车型后续可替换为逐车系URL。,车质网口碑通用入口,车质网,https://www.12365auto.com/review/
UM0218,长城汽车,坦克700新能源,坦克700新能源,42.80-70.00万,非增程式插混,SUV,中大型,5座,问卷回答,公开网页评论整理,广东,2026-06,45-50岁,公务员/事业单位,已婚二孩,已购,流失反馈,1个月内,本人+配偶,配偶,选车时把坦克700新能源和同级别车型放在一起比较，主要看价格、配置、能源形式和品牌可信度。它的优势在家庭出行适配，不足可能是油耗/电耗，需要试驾后再判断。,公开网页问卷回答风格改写,用于非重点品牌车系的公开车主口碑检索入口；具体车型后续可替换为逐车系URL。,车质网口碑通用入口,车质网,https://www.12365auto.com/review/
UM0219,大众,途锐,途锐,50.88-79.38万,传统燃料,SUV,中大型,6座,用户评论,车质网,上海,2026-07,40-45岁,设计/传媒从业者,商务+家庭兼用,流失,已购复盘,1-2个月,本人+父母,无明显影响人,关注途锐主要是因为通过性和家庭出行适配，价格在50.88-79.38万这个区间内比较有吸引力。对比新能源替代车型时，我会重点看空间、配置和长期用车成本。,公开网页用户评论风格改写,用于非重点品牌车系的公开车主口碑检索入口；具体车型后续可替换为逐车系URL。,车质网口碑通用入口,车质网,https://www.12365auto.com/review/
UM0220,大众,途锐,途锐,50.88-79.38万,传统燃料,SUV,中大型,6座,访谈记录,公开论坛/社区讨论,四川,2026-06,50岁以上,个体经营者,已婚二孩,未购,初步了解,1个月内,本人+配偶,父母,我对途锐的第一印象是实用，SUV车身能满足日常通勤和家庭使用。顾虑是后备厢满载空间，如果销售能把真实续航、保养或售后讲清楚，会更容易推动决策。,公开网页访谈记录风格改写,用于非重点品牌车系的公开车主口碑检索入口；具体车型后续可替换为逐车系URL。,车质网口碑通用入口,车质网,https://www.12365auto.com/review/
UM0221,大众,途锐,途锐,50.88-79.38万,传统燃料,SUV,中大型,6座,问卷回答,销售反馈模拟,湖北,2026-05,30-35岁,制造业管理岗,商务+家庭兼用,流失,试驾体验,2周左右,本人,朋友/同事,选车时把途锐和同级别车型放在一起比较，主要看价格、配置、能源形式和品牌可信度。它的优势在家庭出行适配，不足可能是油耗/电耗，需要试驾后再判断。,公开网页问卷回答风格改写,用于非重点品牌车系的公开车主口碑检索入口；具体车型后续可替换为逐车系URL。,车质网口碑通用入口,车质网,https://www.12365auto.com/review/
UM0222,极氪,极氪009,极氪009,43.98-89.90万,纯电动,MPV,中大型,4座/6座/7座,用户评论,车质网,广东,2026-06,25-30岁,互联网产品/运营,三代同住,意向中,对比评估,1个月内,本人+配偶,孩子,关注极氪009主要是因为多人乘坐和商务/家庭兼用，价格在43.98-89.90万这个区间内比较有吸引力。对比腾势D9时，我会重点看空间、配置和长期用车成本。,公开网页用户评论风格改写,用于非重点品牌车系的公开车主口碑检索入口；具体车型后续可替换为逐车系URL。,车质网口碑通用入口,车质网,https://www.12365auto.com/review/
UM0223,极氪,极氪009,极氪009,43.98-89.90万,纯电动,MPV,中大型,4座/6座/7座,访谈记录,公开网页评论整理,浙江,2026-05,35-40岁,金融/咨询从业者,已婚一孩,已购,价格谈判,2周左右,本人,销售顾问,我对极氪009的第一印象是实用，MPV车身能满足日常通勤和家庭使用。顾虑是停车便利性，如果销售能把真实续航、保养或售后讲清楚，会更容易推动决策。,公开网页访谈记录风格改写,用于非重点品牌车系的公开车主口碑检索入口；具体车型后续可替换为逐车系URL。,车质网口碑通用入口,车质网,https://www.12365auto.com/review/
UM0224,极氪,极氪009,极氪009,43.98-89.90万,纯电动,MPV,中大型,4座/6座/7座,问卷回答,公开问卷语料模拟,湖南,2026-04,45-50岁,企业职员,三代同住,意向中,流失反馈,1周内,公司/家庭共同使用者,配偶,选车时把极氪009和极氪009放在一起比较，主要看价格、配置、能源形式和品牌可信度。它的优势在商务/家庭兼用，不足可能是车身尺寸，需要试驾后再判断。,公开网页问卷回答风格改写,用于非重点品牌车系的公开车主口碑检索入口；具体车型后续可替换为逐车系URL。,车质网口碑通用入口,车质网,https://www.12365auto.com/review/
UM0225,奥迪（进口）,奥迪Q7,奥迪Q7,60.98-80.48万,传统燃料/常规混合动力,SUV,中大型,5座/7座,用户评论,太平洋汽车,湖北,2026-05,40-45岁,私营业主,已婚一孩,未购,已购复盘,2周左右,本人,无明显影响人,看奥迪Q7主要是因为品牌稳、商务场合不出错，后排空间和隔音确实有传统豪华车的底子。我也比较了问界M7，奥迪的优惠和开起来的轻松感更吸引我，但车机智能化还是短板。,公开网页用户评论风格改写,A6L网友印象中有豪华、科技感、大气、空间不错，以及烧机油、小毛病等负向印象。,奥迪A6L 太平洋汽车车主点评,太平洋汽车,https://price.pcauto.com.cn/comment/sg4313/s48976/t3.0/
UM0226,奥迪（进口）,奥迪Q7,奥迪Q7,60.98-80.48万,传统燃料/常规混合动力,SUV,中大型,5座/7座,访谈记录,销售反馈模拟,江苏,2026-04,50岁以上,公务员/事业单位,商务+家庭兼用,流失,初步了解,1周内,公司/家庭共同使用者,父母,家里和公司都能用，所以我会优先考虑奥迪Q7这种成熟车型。它的后排空间和底盘质感是优势，不过现在新能源车配置给得太满，和奔驰GLC比起来会觉得智能座舱不够新。,公开网页访谈记录风格改写,奥迪A6L公开口碑中常见空间、隔音、底盘、豪华感和车机智能化、低速顿挫/维修等反馈。,奥迪A6L 车质网口碑,车质网,https://www.12365auto.com/review/1_0_0_1.shtml
UM0227,奥迪（进口）,奥迪Q7,奥迪Q7,60.98-80.48万,传统燃料/常规混合动力,SUV,中大型,5座/7座,问卷回答,公开论坛/社区讨论,山东,2026-08,30-35岁,私营业主,已婚二孩,未购,试驾体验,2个月以上,家庭共同决策,朋友/同事,我对奥迪Q7的顾虑主要是后期维修保养和车机智能化，但是它的品牌认可度、乘坐体面感和售后体系比较稳。如果销售能把用车成本和保值解释清楚，我会更容易接受。,公开网页问卷回答风格改写,奥迪A6L公开口碑中常见空间、隔音、底盘、豪华感和车机智能化、低速顿挫/维修等反馈。,奥迪A6L 车质网口碑,车质网,https://www.12365auto.com/review/1_0_0_1.shtml
UM0228,奥迪（进口）,奥迪Q7,奥迪Q7,60.98-80.48万,传统燃料/常规混合动力,SUV,中大型,5座/7座,销售反馈,销售反馈模拟,上海,2026-07,40-45岁,公务员/事业单位,已婚一孩,流失,已购复盘,1-2个月,本人+父母,无明显影响人,如果客户在奥迪Q7和宝马X5之间犹豫，我觉得不能只说品牌，还是要讲清楚后排、隔音、底盘和优惠后的真实成交价值。对商务用户来说，稳定和体面感很重要。,公开网页销售反馈风格改写,A6L网友印象中有豪华、科技感、大气、空间不错，以及烧机油、小毛病等负向印象。,奥迪A6L 太平洋汽车车主点评,太平洋汽车,https://price.pcauto.com.cn/comment/sg4313/s48976/t3.0/
UM0229,奥迪（进口）,奥迪Q7,奥迪Q7,60.98-80.48万,传统燃料/常规混合动力,SUV,中大型,5座/7座,用户评论,车质网,四川,2026-06,50岁以上,私营业主,商务+家庭兼用,未购,初步了解,1个月内,本人+配偶,父母,试驾后我觉得奥迪Q7的底盘质感比很多新势力更扎实，长途开起来轻松。只是车机响应和智能化功能确实没有那么讨喜，年轻用户可能会因此转向新能源竞品。,公开网页用户评论风格改写,奥迪A6L公开口碑中常见空间、隔音、底盘、豪华感和车机智能化、低速顿挫/维修等反馈。,奥迪A6L 车质网口碑,车质网,https://www.12365auto.com/review/1_0_0_1.shtml
UM0230,路虎(进口),路虎卫士,路虎卫士,68.99-215.80万,传统燃料/常规混合动力,SUV,中大型,5座/8座,用户评论,车质网,浙江,2026-05,35-40岁,金融/咨询从业者,已婚未育,意向中,价格谈判,2周左右,本人,销售顾问,关注路虎卫士主要是因为通过性和家庭出行适配，价格在68.99-215.80万这个区间内比较有吸引力。对比同级别车型时，我会重点看空间、配置和长期用车成本。,公开网页用户评论风格改写,用于非重点品牌车系的公开车主口碑检索入口；具体车型后续可替换为逐车系URL。,车质网口碑通用入口,车质网,https://www.12365auto.com/review/
UM0231,路虎(进口),路虎卫士,路虎卫士,68.99-215.80万,传统燃料/常规混合动力,SUV,中大型,5座/8座,访谈记录,公开网页评论整理,湖南,2026-04,45-50岁,企业职员,已婚二孩,已购,流失反馈,1周内,公司/家庭共同使用者,配偶,我对路虎卫士的第一印象是实用，SUV车身能满足日常通勤和家庭使用。顾虑是后备厢满载空间，如果销售能把真实续航、保养或售后讲清楚，会更容易推动决策。,公开网页访谈记录风格改写,用于非重点品牌车系的公开车主口碑检索入口；具体车型后续可替换为逐车系URL。,车质网口碑通用入口,车质网,https://www.12365auto.com/review/
UM0232,路虎(进口),路虎卫士,路虎卫士,68.99-215.80万,传统燃料/常规混合动力,SUV,中大型,5座/8座,问卷回答,公开问卷语料模拟,北京,2026-08,25-30岁,设计/传媒从业者,商务+家庭兼用,意向中,对比评估,2个月以上,家庭共同决策,孩子,选车时把路虎卫士和同价位竞品放在一起比较，主要看价格、配置、能源形式和品牌可信度。它的优势在家庭出行适配，不足可能是油耗/电耗，需要试驾后再判断。,公开网页问卷回答风格改写,用于非重点品牌车系的公开车主口碑检索入口；具体车型后续可替换为逐车系URL。,车质网口碑通用入口,车质网,https://www.12365auto.com/review/
UM0233,奔驰(进口),奔驰GLE(进口),奔驰GLE(进口),69.98-88.98万,常规混合动力,SUV,中大型,5座,用户评论,太平洋汽车,江苏,2026-04,50岁以上,私营业主,商务+家庭兼用,未购,初步了解,1周内,公司/家庭共同使用者,父母,关注奔驰GLE(进口)主要是因为豪华感和后排空间，价格在69.98-88.98万这个区间内比较有吸引力。对比同价位竞品时，我会重点看空间、配置和长期用车成本。,公开网页用户评论风格改写,奔驰E级公开点评总结强调后排空间、豪华内饰和科技感；配置差异和座椅/细节也有反馈。,奔驰E级 太平洋汽车车主点评,太平洋汽车,https://price.pcauto.com.cn/comment/sg1603/m112715/
UM0234,奔驰(进口),奔驰GLE(进口),奔驰GLE(进口),69.98-88.98万,常规混合动力,SUV,中大型,5座,访谈记录,销售反馈模拟,山东,2026-08,30-35岁,公务员/事业单位,已婚二孩,流失,试驾体验,2个月以上,家庭共同决策,朋友/同事,我对奔驰GLE(进口)的第一印象是实用，SUV车身能满足日常通勤和家庭使用。顾虑是价格权益，如果销售能把真实续航、保养或售后讲清楚，会更容易推动决策。,公开网页访谈记录风格改写,奔驰E级公开点评总结强调后排空间、豪华内饰和科技感；配置差异和座椅/细节也有反馈。,奔驰E级 太平洋汽车车主点评,太平洋汽车,https://price.pcauto.com.cn/comment/sg1603/m112715/
UM0235,奔驰(进口),奔驰GLE(进口),奔驰GLE(进口),69.98-88.98万,常规混合动力,SUV,中大型,5座,问卷回答,公开论坛/社区讨论,上海,2026-07,40-45岁,私营业主,已婚一孩,未购,已购复盘,1-2个月,本人+父母,无明显影响人,选车时把奔驰GLE(进口)和新能源替代车型放在一起比较，主要看价格、配置、能源形式和品牌可信度。它的优势在后排空间，不足可能是配置差异，需要试驾后再判断。,公开网页问卷回答风格改写,奔驰E级公开点评总结强调后排空间、豪华内饰和科技感；配置差异和座椅/细节也有反馈。,奔驰E级 太平洋汽车车主点评,太平洋汽车,https://price.pcauto.com.cn/comment/sg1603/m112715/
UM0236,雷克萨斯,雷克萨斯RX,雷克萨斯RX,38.00-61.90万,传统燃料/常规混合动力,SUV,中大型,5座,用户评论,车质网,北京,2026-08,35-40岁,个体经营者,已婚未育,已购,价格谈判,2个月以上,家庭共同决策,销售顾问,关注雷克萨斯RX主要是因为通过性和家庭出行适配，价格在38.00-61.90万这个区间内比较有吸引力。对比同价位竞品时，我会重点看空间、配置和长期用车成本。,公开网页用户评论风格改写,用于非重点品牌车系的公开车主口碑检索入口；具体车型后续可替换为逐车系URL。,车质网口碑通用入口,车质网,https://www.12365auto.com/review/
UM0237,雷克萨斯,雷克萨斯RX,雷克萨斯RX,38.00-61.90万,传统燃料/常规混合动力,SUV,中大型,5座,访谈记录,公开问卷语料模拟,河南,2026-07,45-50岁,制造业管理岗,已婚二孩,意向中,流失反馈,1-2个月,本人+父母,配偶,我对雷克萨斯RX的第一印象是实用，SUV车身能满足日常通勤和家庭使用。顾虑是后备厢满载空间，如果销售能把真实续航、保养或售后讲清楚，会更容易推动决策。,公开网页访谈记录风格改写,用于非重点品牌车系的公开车主口碑检索入口；具体车型后续可替换为逐车系URL。,车质网口碑通用入口,车质网,https://www.12365auto.com/review/
UM0238,雷克萨斯,雷克萨斯RX,雷克萨斯RX,38.00-61.90万,传统燃料/常规混合动力,SUV,中大型,5座,问卷回答,公开网页评论整理,广东,2026-06,25-30岁,私营业主,商务+家庭兼用,已购,对比评估,1个月内,本人+配偶,孩子,选车时把雷克萨斯RX和新能源替代车型放在一起比较，主要看价格、配置、能源形式和品牌可信度。它的优势在家庭出行适配，不足可能是油耗/电耗，需要试驾后再判断。,公开网页问卷回答风格改写,用于非重点品牌车系的公开车主口碑检索入口；具体车型后续可替换为逐车系URL。,车质网口碑通用入口,车质网,https://www.12365auto.com/review/
UM0239,上汽奥迪,奥迪A7L,奥迪A7L,41.87-66.62万,传统燃料/常规混合动力,轿车,中大型,5座,用户评论,车质网,上海,2026-07,50岁以上,公务员/事业单位,商务+家庭兼用,流失,初步了解,1-2个月,本人+父母,父母,看奥迪A7L主要是因为品牌稳、商务场合不出错，后排空间和隔音确实有传统豪华车的底子。我也比较了新能源替代车型，奥迪的优惠和开起来的轻松感更吸引我，但车机智能化还是短板。,公开网页用户评论风格改写,奥迪A6L公开口碑中常见空间、隔音、底盘、豪华感和车机智能化、低速顿挫/维修等反馈。,奥迪A6L 车质网口碑,车质网,https://www.12365auto.com/review/1_0_0_1.shtml
UM0240,上汽奥迪,奥迪A7L,奥迪A7L,41.87-66.62万,传统燃料/常规混合动力,轿车,中大型,5座,访谈记录,公开论坛/社区讨论,四川,2026-06,30-35岁,私营业主,已婚二孩,未购,试驾体验,1个月内,本人+配偶,朋友/同事,家里和公司都能用，所以我会优先考虑奥迪A7L这种成熟车型。它的后排空间和底盘质感是优势，不过现在新能源车配置给得太满，和同价位竞品比起来会觉得智能座舱不够新。,公开网页访谈记录风格改写,A6L网友印象中有豪华、科技感、大气、空间不错，以及烧机油、小毛病等负向印象。,奥迪A6L 太平洋汽车车主点评,太平洋汽车,https://price.pcauto.com.cn/comment/sg4313/s48976/t3.0/
UM0241,上汽奥迪,奥迪A7L,奥迪A7L,41.87-66.62万,传统燃料/常规混合动力,轿车,中大型,5座,问卷回答,销售反馈模拟,湖北,2026-05,40-45岁,公务员/事业单位,已婚一孩,流失,已购复盘,2周左右,本人,无明显影响人,我对奥迪A7L的顾虑主要是后期维修保养和车机智能化，但是它的品牌认可度、乘坐体面感和售后体系比较稳。如果销售能把用车成本和保值解释清楚，我会更容易接受。,公开网页问卷回答风格改写,A6L网友印象中有豪华、科技感、大气、空间不错，以及烧机油、小毛病等负向印象。,奥迪A6L 太平洋汽车车主点评,太平洋汽车,https://price.pcauto.com.cn/comment/sg4313/s48976/t3.0/
UM0242,上汽奥迪,奥迪A7L,奥迪A7L,41.87-66.62万,传统燃料/常规混合动力,轿车,中大型,5座,销售反馈,公开论坛/社区讨论,江苏,2026-04,50岁以上,私营业主,商务+家庭兼用,未购,初步了解,1周内,公司/家庭共同使用者,父母,如果客户在奥迪A7L和新能源替代车型之间犹豫，我觉得不能只说品牌，还是要讲清楚后排、隔音、底盘和优惠后的真实成交价值。对商务用户来说，稳定和体面感很重要。,公开网页销售反馈风格改写,奥迪A6L公开口碑中常见空间、隔音、底盘、豪华感和车机智能化、低速顿挫/维修等反馈。,奥迪A6L 车质网口碑,车质网,https://www.12365auto.com/review/1_0_0_1.shtml
UM0243,上汽奥迪,奥迪A7L,奥迪A7L,41.87-66.62万,传统燃料/常规混合动力,轿车,中大型,5座,用户评论,太平洋汽车,山东,2026-08,30-35岁,公务员/事业单位,已婚二孩,流失,试驾体验,2个月以上,家庭共同决策,朋友/同事,试驾后我觉得奥迪A7L的底盘质感比很多新势力更扎实，长途开起来轻松。只是车机响应和智能化功能确实没有那么讨喜，年轻用户可能会因此转向新能源竞品。,公开网页用户评论风格改写,A6L网友印象中有豪华、科技感、大气、空间不错，以及烧机油、小毛病等负向印象。,奥迪A6L 太平洋汽车车主点评,太平洋汽车,https://price.pcauto.com.cn/comment/sg4313/s48976/t3.0/
UM0244,路虎(进口),发现,发现,65.88-83.78万,传统燃料/常规混合动力,SUV,中大型,7座,用户评论,车质网,河南,2026-07,45-50岁,制造业管理岗,已婚一孩,已购,流失反馈,1-2个月,本人+父母,配偶,关注发现主要是因为通过性和家庭出行适配，价格在65.88-83.78万这个区间内比较有吸引力。对比新能源替代车型时，我会重点看空间、配置和长期用车成本。,公开网页用户评论风格改写,用于非重点品牌车系的公开车主口碑检索入口；具体车型后续可替换为逐车系URL。,车质网口碑通用入口,车质网,https://www.12365auto.com/review/
UM0245,路虎(进口),发现,发现,65.88-83.78万,传统燃料/常规混合动力,SUV,中大型,7座,访谈记录,公开问卷语料模拟,广东,2026-06,25-30岁,私营业主,三代同住,意向中,对比评估,1个月内,本人+配偶,孩子,我对发现的第一印象是实用，SUV车身能满足日常通勤和家庭使用。顾虑是后备厢满载空间，如果销售能把真实续航、保养或售后讲清楚，会更容易推动决策。,公开网页访谈记录风格改写,用于非重点品牌车系的公开车主口碑检索入口；具体车型后续可替换为逐车系URL。,车质网口碑通用入口,车质网,https://www.12365auto.com/review/
UM0246,路虎(进口),发现,发现,65.88-83.78万,传统燃料/常规混合动力,SUV,中大型,7座,问卷回答,公开网页评论整理,浙江,2026-05,35-40岁,自由职业者,已婚一孩,已购,价格谈判,2周左右,本人,销售顾问,选车时把发现和同级别车型放在一起比较，主要看价格、配置、能源形式和品牌可信度。它的优势在家庭出行适配，不足可能是油耗/电耗，需要试驾后再判断。,公开网页问卷回答风格改写,用于非重点品牌车系的公开车主口碑检索入口；具体车型后续可替换为逐车系URL。,车质网口碑通用入口,车质网,https://www.12365auto.com/review/
UM0247,沃尔沃(进口),沃尔沃XC90,沃尔沃XC90,63.89-78.19万,常规混合动力,SUV,中大型,5座/6座/7座,用户评论,车质网,四川,2026-06,30-35岁,企业职员,商务+家庭兼用,流失,试驾体验,1个月内,本人+配偶,朋友/同事,关注沃尔沃XC90主要是因为通过性和家庭出行适配，价格在63.89-78.19万这个区间内比较有吸引力。对比同级别车型时，我会重点看空间、配置和长期用车成本。,公开网页用户评论风格改写,用于非重点品牌车系的公开车主口碑检索入口；具体车型后续可替换为逐车系URL。,车质网口碑通用入口,车质网,https://www.12365auto.com/review/
UM0248,沃尔沃(进口),沃尔沃XC90,沃尔沃XC90,63.89-78.19万,常规混合动力,SUV,中大型,5座/6座/7座,访谈记录,公开论坛/社区讨论,湖北,2026-05,40-45岁,设计/传媒从业者,已婚二孩,未购,已购复盘,2周左右,本人,无明显影响人,我对沃尔沃XC90的第一印象是实用，SUV车身能满足日常通勤和家庭使用。顾虑是后备厢满载空间，如果销售能把真实续航、保养或售后讲清楚，会更容易推动决策。,公开网页访谈记录风格改写,用于非重点品牌车系的公开车主口碑检索入口；具体车型后续可替换为逐车系URL。,车质网口碑通用入口,车质网,https://www.12365auto.com/review/
UM0249,沃尔沃(进口),沃尔沃XC90,沃尔沃XC90,63.89-78.19万,常规混合动力,SUV,中大型,5座/6座/7座,问卷回答,销售反馈模拟,江苏,2026-04,50岁以上,个体经营者,商务+家庭兼用,流失,初步了解,1周内,公司/家庭共同使用者,父母,选车时把沃尔沃XC90和同价位竞品放在一起比较，主要看价格、配置、能源形式和品牌可信度。它的优势在家庭出行适配，不足可能是油耗/电耗，需要试驾后再判断。,公开网页问卷回答风格改写,用于非重点品牌车系的公开车主口碑检索入口；具体车型后续可替换为逐车系URL。,车质网口碑通用入口,车质网,https://www.12365auto.com/review/
UM0250,保时捷,Macan,Macan,57.80-85.80万,传统燃料,SUV,中型,5座,用户评论,车质网,浙江,2026-05,45-50岁,公务员/事业单位,已婚二孩,意向中,流失反馈,2周左右,本人,配偶,关注Macan主要是因为通过性和家庭出行适配，价格在57.80-85.80万这个区间内比较有吸引力。对比新能源替代车型时，我会重点看空间、配置和长期用车成本。,公开网页用户评论风格改写,用于非重点品牌车系的公开车主口碑检索入口；具体车型后续可替换为逐车系URL。,车质网口碑通用入口,车质网,https://www.12365auto.com/review/
UM0251,保时捷,Macan,Macan,57.80-85.80万,传统燃料,SUV,中型,5座,访谈记录,公开网页评论整理,湖南,2026-04,25-30岁,互联网产品/运营,商务+家庭兼用,已购,对比评估,1周内,公司/家庭共同使用者,孩子,我对Macan的第一印象是实用，SUV车身能满足日常通勤和家庭使用。顾虑是后备厢满载空间，如果销售能把真实续航、保养或售后讲清楚，会更容易推动决策。,公开网页访谈记录风格改写,用于非重点品牌车系的公开车主口碑检索入口；具体车型后续可替换为逐车系URL。,车质网口碑通用入口,车质网,https://www.12365auto.com/review/
UM0252,保时捷,Macan,Macan,57.80-85.80万,传统燃料,SUV,中型,5座,问卷回答,公开问卷语料模拟,北京,2026-08,35-40岁,金融/咨询从业者,已婚未育,意向中,价格谈判,2个月以上,家庭共同决策,销售顾问,选车时把Macan和同级别车型放在一起比较，主要看价格、配置、能源形式和品牌可信度。它的优势在家庭出行适配，不足可能是油耗/电耗，需要试驾后再判断。,公开网页问卷回答风格改写,用于非重点品牌车系的公开车主口碑检索入口；具体车型后续可替换为逐车系URL。,车质网口碑通用入口,车质网,https://www.12365auto.com/review/
UM0253,路虎(进口),揽胜星脉,揽胜星脉,56.80-78.80万,传统燃料/常规混合动力,SUV,中型,5座,用户评论,车质网,江苏,2026-04,30-35岁,制造业管理岗,未婚/两人家庭,未购,试驾体验,1周内,公司/家庭共同使用者,朋友/同事,关注揽胜星脉主要是因为通过性和家庭出行适配，价格在56.80-78.80万这个区间内比较有吸引力。对比同级别车型时，我会重点看空间、配置和长期用车成本。,公开网页用户评论风格改写,用于非重点品牌车系的公开车主口碑检索入口；具体车型后续可替换为逐车系URL。,车质网口碑通用入口,车质网,https://www.12365auto.com/review/
UM0254,路虎(进口),揽胜星脉,揽胜星脉,56.80-78.80万,传统燃料/常规混合动力,SUV,中型,5座,访谈记录,销售反馈模拟,山东,2026-08,40-45岁,私营业主,已婚一孩,流失,已购复盘,2个月以上,家庭共同决策,无明显影响人,我对揽胜星脉的第一印象是实用，SUV车身能满足日常通勤和家庭使用。顾虑是后备厢满载空间，如果销售能把真实续航、保养或售后讲清楚，会更容易推动决策。,公开网页访谈记录风格改写,用于非重点品牌车系的公开车主口碑检索入口；具体车型后续可替换为逐车系URL。,车质网口碑通用入口,车质网,https://www.12365auto.com/review/
UM0255,路虎(进口),揽胜星脉,揽胜星脉,56.80-78.80万,传统燃料/常规混合动力,SUV,中型,5座,问卷回答,公开论坛/社区讨论,上海,2026-07,50岁以上,自由职业者,三代同住,未购,初步了解,1-2个月,本人+父母,父母,选车时把揽胜星脉和同价位竞品放在一起比较，主要看价格、配置、能源形式和品牌可信度。它的优势在家庭出行适配，不足可能是油耗/电耗，需要试驾后再判断。,公开网页问卷回答风格改写,用于非重点品牌车系的公开车主口碑检索入口；具体车型后续可替换为逐车系URL。,车质网口碑通用入口,车质网,https://www.12365auto.com/review/
UM0256,奥迪(进口),奥迪A8,奥迪A8,79.98-207.68万,传统燃料,轿车,大型,5座/4座,用户评论,车质网,北京,2026-08,45-50岁,企业中层管理,已婚二孩,已购,流失反馈,2个月以上,家庭共同决策,配偶,看奥迪A8主要是因为品牌稳、商务场合不出错，后排空间和隔音确实有传统豪华车的底子。我也比较了同级别车型，奥迪的优惠和开起来的轻松感更吸引我，但车机智能化还是短板。,公开网页用户评论风格改写,奥迪A6L公开口碑中常见空间、隔音、底盘、豪华感和车机智能化、低速顿挫/维修等反馈。,奥迪A6L 车质网口碑,车质网,https://www.12365auto.com/review/1_0_0_1.shtml
UM0257,奥迪(进口),奥迪A8,奥迪A8,79.98-207.68万,传统燃料,轿车,大型,5座/4座,访谈记录,公开问卷语料模拟,河南,2026-07,25-30岁,金融/咨询从业者,已婚一孩,意向中,对比评估,1-2个月,本人+父母,孩子,家里和公司都能用，所以我会优先考虑奥迪A8这种成熟车型。它的后排空间和底盘质感是优势，不过现在新能源车配置给得太满，和新能源替代车型比起来会觉得智能座舱不够新。,公开网页访谈记录风格改写,奥迪A6L公开口碑中常见空间、隔音、底盘、豪华感和车机智能化、低速顿挫/维修等反馈。,奥迪A6L 车质网口碑,车质网,https://www.12365auto.com/review/1_0_0_1.shtml
UM0258,奥迪(进口),奥迪A8,奥迪A8,79.98-207.68万,传统燃料,轿车,大型,5座/4座,问卷回答,公开网页评论整理,广东,2026-06,35-40岁,企业中层管理,商务+家庭兼用,已购,价格谈判,1个月内,本人+配偶,销售顾问,我对奥迪A8的顾虑主要是后期维修保养和车机智能化，但是它的品牌认可度、乘坐体面感和售后体系比较稳。如果销售能把用车成本和保值解释清楚，我会更容易接受。,公开网页问卷回答风格改写,A6L网友印象中有豪华、科技感、大气、空间不错，以及烧机油、小毛病等负向印象。,奥迪A6L 太平洋汽车车主点评,太平洋汽车,https://price.pcauto.com.cn/comment/sg4313/s48976/t3.0/
UM0259,奥迪(进口),奥迪A8,奥迪A8,79.98-207.68万,传统燃料,轿车,大型,5座/4座,销售反馈,公开问卷语料模拟,浙江,2026-05,45-50岁,金融/咨询从业者,已婚二孩,意向中,流失反馈,2周左右,本人,配偶,如果客户在奥迪A8和同级别车型之间犹豫，我觉得不能只说品牌，还是要讲清楚后排、隔音、底盘和优惠后的真实成交价值。对商务用户来说，稳定和体面感很重要。,公开网页销售反馈风格改写,奥迪A6L公开口碑中常见空间、隔音、底盘、豪华感和车机智能化、低速顿挫/维修等反馈。,奥迪A6L 车质网口碑,车质网,https://www.12365auto.com/review/1_0_0_1.shtml
UM0260,奥迪(进口),奥迪A8,奥迪A8,79.98-207.68万,传统燃料,轿车,大型,5座/4座,用户评论,车质网,湖南,2026-04,25-30岁,企业中层管理,已婚一孩,已购,对比评估,1周内,公司/家庭共同使用者,孩子,试驾后我觉得奥迪A8的底盘质感比很多新势力更扎实，长途开起来轻松。只是车机响应和智能化功能确实没有那么讨喜，年轻用户可能会因此转向新能源竞品。,公开网页用户评论风格改写,奥迪A6L公开口碑中常见空间、隔音、底盘、豪华感和车机智能化、低速顿挫/维修等反馈。,奥迪A6L 车质网口碑,车质网,https://www.12365auto.com/review/1_0_0_1.shtml
UM0261,MAEXTRO尊界,尊界S800,尊界S800,70.80-138.80万,纯电动/增程式插混,轿车,大型,4座/5座,用户评论,车质网,山东,2026-08,40-45岁,私营业主,已婚一孩,未购,已购复盘,2个月以上,家庭共同决策,无明显影响人,关注尊界S800主要是因为通勤舒适和外观协调，价格在70.80-138.80万这个区间内比较有吸引力。对比同价位竞品时，我会重点看空间、配置和长期用车成本。,公开网页用户评论风格改写,用于非重点品牌车系的公开车主口碑检索入口；具体车型后续可替换为逐车系URL。,车质网口碑通用入口,车质网,https://www.12365auto.com/review/
UM0262,MAEXTRO尊界,尊界S800,尊界S800,70.80-138.80万,纯电动/增程式插混,轿车,大型,4座/5座,访谈记录,销售反馈模拟,上海,2026-07,50岁以上,自由职业者,三代同住,流失,初步了解,1-2个月,本人+父母,父母,我对尊界S800的第一印象是实用，轿车车身能满足日常通勤和家庭使用。顾虑是装载能力，如果销售能把真实续航、保养或售后讲清楚，会更容易推动决策。,公开网页访谈记录风格改写,用于非重点品牌车系的公开车主口碑检索入口；具体车型后续可替换为逐车系URL。,车质网口碑通用入口,车质网,https://www.12365auto.com/review/
UM0263,MAEXTRO尊界,尊界S800,尊界S800,70.80-138.80万,纯电动/增程式插混,轿车,大型,4座/5座,问卷回答,公开论坛/社区讨论,四川,2026-06,30-35岁,公务员/事业单位,未婚/两人家庭,未购,试驾体验,1个月内,本人+配偶,朋友/同事,选车时把尊界S800和新能源替代车型放在一起比较，主要看价格、配置、能源形式和品牌可信度。它的优势在外观协调，不足可能是后排头部空间，需要试驾后再判断。,公开网页问卷回答风格改写,用于非重点品牌车系的公开车主口碑检索入口；具体车型后续可替换为逐车系URL。,车质网口碑通用入口,车质网,https://www.12365auto.com/review/
UM0264,奥迪(进口),奥迪A7,奥迪A7,58.98-78.88万,传统燃料/常规混合动力,SUV,中大型,4座,用户评论,太平洋汽车,河南,2026-07,25-30岁,企业中层管理,已婚一孩,已购,对比评估,1-2个月,本人+父母,孩子,看奥迪A7主要是因为品牌稳、商务场合不出错，后排空间和隔音确实有传统豪华车的底子。我也比较了同级别车型，奥迪的优惠和开起来的轻松感更吸引我，但车机智能化还是短板。,公开网页用户评论风格改写,A6L网友印象中有豪华、科技感、大气、空间不错，以及烧机油、小毛病等负向印象。,奥迪A6L 太平洋汽车车主点评,太平洋汽车,https://price.pcauto.com.cn/comment/sg4313/s48976/t3.0/
UM0265,奥迪(进口),奥迪A7,奥迪A7,58.98-78.88万,传统燃料/常规混合动力,SUV,中大型,4座,访谈记录,公开问卷语料模拟,广东,2026-06,35-40岁,金融/咨询从业者,商务+家庭兼用,意向中,价格谈判,1个月内,本人+配偶,销售顾问,家里和公司都能用，所以我会优先考虑奥迪A7这种成熟车型。它的后排空间和底盘质感是优势，不过现在新能源车配置给得太满，和新能源替代车型比起来会觉得智能座舱不够新。,公开网页访谈记录风格改写,A6L网友印象中有豪华、科技感、大气、空间不错，以及烧机油、小毛病等负向印象。,奥迪A6L 太平洋汽车车主点评,太平洋汽车,https://price.pcauto.com.cn/comment/sg4313/s48976/t3.0/
UM0266,奥迪(进口),奥迪A7,奥迪A7,58.98-78.88万,传统燃料/常规混合动力,SUV,中大型,4座,问卷回答,公开网页评论整理,浙江,2026-05,45-50岁,企业中层管理,已婚二孩,已购,流失反馈,2周左右,本人,配偶,我对奥迪A7的顾虑主要是后期维修保养和车机智能化，但是它的品牌认可度、乘坐体面感和售后体系比较稳。如果销售能把用车成本和保值解释清楚，我会更容易接受。,公开网页问卷回答风格改写,A6L网友印象中有豪华、科技感、大气、空间不错，以及烧机油、小毛病等负向印象。,奥迪A6L 太平洋汽车车主点评,太平洋汽车,https://price.pcauto.com.cn/comment/sg4313/s48976/t3.0/
UM0267,奥迪(进口),奥迪A7,奥迪A7,58.98-78.88万,传统燃料/常规混合动力,SUV,中大型,4座,销售反馈,公开问卷语料模拟,湖南,2026-04,25-30岁,金融/咨询从业者,已婚一孩,意向中,对比评估,1周内,公司/家庭共同使用者,孩子,如果客户在奥迪A7和同级别车型之间犹豫，我觉得不能只说品牌，还是要讲清楚后排、隔音、底盘和优惠后的真实成交价值。对商务用户来说，稳定和体面感很重要。,公开网页销售反馈风格改写,奥迪A6L公开口碑中常见空间、隔音、底盘、豪华感和车机智能化、低速顿挫/维修等反馈。,奥迪A6L 车质网口碑,车质网,https://www.12365auto.com/review/1_0_0_1.shtml
UM0268,奥迪(进口),奥迪A7,奥迪A7,58.98-78.88万,传统燃料/常规混合动力,SUV,中大型,4座,用户评论,太平洋汽车,北京,2026-08,35-40岁,企业中层管理,商务+家庭兼用,已购,价格谈判,2个月以上,家庭共同决策,销售顾问,试驾后我觉得奥迪A7的底盘质感比很多新势力更扎实，长途开起来轻松。只是车机响应和智能化功能确实没有那么讨喜，年轻用户可能会因此转向新能源竞品。,公开网页用户评论风格改写,A6L网友印象中有豪华、科技感、大气、空间不错，以及烧机油、小毛病等负向印象。,奥迪A6L 太平洋汽车车主点评,太平洋汽车,https://price.pcauto.com.cn/comment/sg4313/s48976/t3.0/
UM0269,雷克萨斯,雷克萨斯GX,雷克萨斯GX,77.80-89.98万,常规混合动力,SUV,中大型,5座/6座,用户评论,车质网,上海,2026-07,50岁以上,自由职业者,已婚二孩,未购,初步了解,1-2个月,本人+父母,父母,关注雷克萨斯GX主要是因为通过性和家庭出行适配，价格在77.80-89.98万这个区间内比较有吸引力。对比同价位竞品时，我会重点看空间、配置和长期用车成本。,公开网页用户评论风格改写,用于非重点品牌车系的公开车主口碑检索入口；具体车型后续可替换为逐车系URL。,车质网口碑通用入口,车质网,https://www.12365auto.com/review/
UM0270,雷克萨斯,雷克萨斯GX,雷克萨斯GX,77.80-89.98万,常规混合动力,SUV,中大型,5座/6座,访谈记录,销售反馈模拟,四川,2026-06,30-35岁,公务员/事业单位,商务+家庭兼用,流失,试驾体验,1个月内,本人+配偶,朋友/同事,我对雷克萨斯GX的第一印象是实用，SUV车身能满足日常通勤和家庭使用。顾虑是后备厢满载空间，如果销售能把真实续航、保养或售后讲清楚，会更容易推动决策。,公开网页访谈记录风格改写,用于非重点品牌车系的公开车主口碑检索入口；具体车型后续可替换为逐车系URL。,车质网口碑通用入口,车质网,https://www.12365auto.com/review/
UM0271,雷克萨斯,雷克萨斯GX,雷克萨斯GX,77.80-89.98万,常规混合动力,SUV,中大型,5座/6座,问卷回答,公开论坛/社区讨论,湖北,2026-05,40-45岁,互联网产品/运营,已婚二孩,未购,已购复盘,2周左右,本人,无明显影响人,选车时把雷克萨斯GX和新能源替代车型放在一起比较，主要看价格、配置、能源形式和品牌可信度。它的优势在家庭出行适配，不足可能是油耗/电耗，需要试驾后再判断。,公开网页问卷回答风格改写,用于非重点品牌车系的公开车主口碑检索入口；具体车型后续可替换为逐车系URL。,车质网口碑通用入口,车质网,https://www.12365auto.com/review/
UM0272,奔驰(进口),奔驰S级,奔驰S级,89.88-128.83万,常规混合动力,轿车,大型,5座,用户评论,太平洋汽车,广东,2026-06,35-40岁,企业中层管理,商务+家庭兼用,已购,价格谈判,1个月内,本人+配偶,销售顾问,关注奔驰S级主要是因为豪华感和后排空间，价格在89.88-128.83万这个区间内比较有吸引力。对比同级别车型时，我会重点看空间、配置和长期用车成本。,公开网页用户评论风格改写,奔驰E级公开点评总结强调后排空间、豪华内饰和科技感；配置差异和座椅/细节也有反馈。,奔驰E级 太平洋汽车车主点评,太平洋汽车,https://price.pcauto.com.cn/comment/sg1603/m112715/
UM0273,奔驰(进口),奔驰S级,奔驰S级,89.88-128.83万,常规混合动力,轿车,大型,5座,访谈记录,公开问卷语料模拟,浙江,2026-05,45-50岁,金融/咨询从业者,已婚二孩,意向中,流失反馈,2周左右,本人,配偶,我对奔驰S级的第一印象是实用，轿车车身能满足日常通勤和家庭使用。顾虑是价格权益，如果销售能把真实续航、保养或售后讲清楚，会更容易推动决策。,公开网页访谈记录风格改写,奔驰E级公开点评总结强调后排空间、豪华内饰和科技感；配置差异和座椅/细节也有反馈。,奔驰E级 太平洋汽车车主点评,太平洋汽车,https://price.pcauto.com.cn/comment/sg1603/m112715/
UM0274,奔驰(进口),奔驰S级,奔驰S级,89.88-128.83万,常规混合动力,轿车,大型,5座,问卷回答,公开网页评论整理,湖南,2026-04,25-30岁,企业中层管理,已婚一孩,已购,对比评估,1周内,公司/家庭共同使用者,孩子,选车时把奔驰S级和同价位竞品放在一起比较，主要看价格、配置、能源形式和品牌可信度。它的优势在后排空间，不足可能是配置差异，需要试驾后再判断。,公开网页问卷回答风格改写,奔驰E级公开点评总结强调后排空间、豪华内饰和科技感；配置差异和座椅/细节也有反馈。,奔驰E级 太平洋汽车车主点评,太平洋汽车,https://price.pcauto.com.cn/comment/sg1603/m112715/
UM0275,宝马(进口),宝马7系,宝马7系,80.80-121.80万,常规混合动力,轿车,大型,5座,用户评论,太平洋汽车,湖北,2026-05,50岁以上,公务员/事业单位,商务+家庭兼用,流失,初步了解,2周左右,本人,父母,看宝马7系主要是冲着操控和品牌去的，转向、动力响应和底盘质感仍然是优势。我也试了奔驰E级，但宝马开起来更有参与感，只是配置性价比会影响家里人的接受度。,公开网页用户评论风格改写,宝马5系网友印象含后排空间大、变速箱聪明、大气、操控性好；缺点涉及内饰、悬挂、空调、异味等。,宝马5系 太平洋汽车车主点评,太平洋汽车,https://price.pcauto.com.cn/comment/sg441/q-z8/
UM0276,宝马(进口),宝马7系,宝马7系,80.80-121.80万,常规混合动力,轿车,大型,5座,访谈记录,公开论坛/社区讨论,江苏,2026-04,30-35岁,私营业主,已婚二孩,未购,试驾体验,1周内,公司/家庭共同使用者,朋友/同事,宝马7系适合自己开，动力响应和变速箱匹配比较明显。家里人更关注后排和舒适，我会担心悬挂、配置和用车成本，尤其和奥迪A6L放在一起比时性价比没有那么突出。,公开网页访谈记录风格改写,宝马5系网友印象含后排空间大、变速箱聪明、大气、操控性好；缺点涉及内饰、悬挂、空调、异味等。,宝马5系 太平洋汽车车主点评,太平洋汽车,https://price.pcauto.com.cn/comment/sg441/q-z8/
UM0277,宝马(进口),宝马7系,宝马7系,80.80-121.80万,常规混合动力,轿车,大型,5座,问卷回答,销售反馈模拟,山东,2026-08,40-45岁,公务员/事业单位,已婚一孩,流失,已购复盘,2个月以上,家庭共同决策,无明显影响人,如果预算到这个价位，我希望车既要有品牌，也要有智能化体验。宝马7系的传统机械素质没问题，但在座舱科技和配置完整度上，需要销售解释清楚它的价值。,公开网页问卷回答风格改写,宝马5系网友印象含后排空间大、变速箱聪明、大气、操控性好；缺点涉及内饰、悬挂、空调、异味等。,宝马5系 太平洋汽车车主点评,太平洋汽车,https://price.pcauto.com.cn/comment/sg441/q-z8/
UM0278,宝马(进口),宝马7系,宝马7系,80.80-121.80万,常规混合动力,轿车,大型,5座,销售反馈,公开论坛/社区讨论,上海,2026-07,50岁以上,私营业主,商务+家庭兼用,未购,初步了解,1-2个月,本人+父母,父母,我对宝马7系的选择理由是驾驶质感和品牌认可，但如果主要是家庭用车，我会认真比较奥迪A8的空间和舒适配置。销售最好先判断我是自己开多还是全家坐多。,公开网页销售反馈风格改写,宝马5系网友印象含后排空间大、变速箱聪明、大气、操控性好；缺点涉及内饰、悬挂、空调、异味等。,宝马5系 太平洋汽车车主点评,太平洋汽车,https://price.pcauto.com.cn/comment/sg441/q-z8/
UM0279,宝马(进口),宝马7系,宝马7系,80.80-121.80万,常规混合动力,轿车,大型,5座,用户评论,太平洋汽车,四川,2026-06,30-35岁,公务员/事业单位,已婚二孩,流失,试驾体验,1个月内,本人+配偶,朋友/同事,宝马7系给我的感觉是产品性格很鲜明，适合重视驾驶的人。顾虑是智能化不足和后排舒适，如果后期优惠到位、保养方案清楚，我会更愿意下定。,公开网页用户评论风格改写,宝马5系网友印象含后排空间大、变速箱聪明、大气、操控性好；缺点涉及内饰、悬挂、空调、异味等。,宝马5系 太平洋汽车车主点评,太平洋汽车,https://price.pcauto.com.cn/comment/sg441/q-z8/
UM0280,路虎(进口),揽胜运动,揽胜运动,89.80-218.00万,常规混合动力,SUV,中大型,5座,用户评论,车质网,浙江,2026-05,45-50岁,制造业管理岗,已婚二孩,已购,流失反馈,2周左右,本人,配偶,关注揽胜运动主要是因为通过性和家庭出行适配，价格在89.80-218.00万这个区间内比较有吸引力。对比同级别车型时，我会重点看空间、配置和长期用车成本。,公开网页用户评论风格改写,用于非重点品牌车系的公开车主口碑检索入口；具体车型后续可替换为逐车系URL。,车质网口碑通用入口,车质网,https://www.12365auto.com/review/
UM0281,路虎(进口),揽胜运动,揽胜运动,89.80-218.00万,常规混合动力,SUV,中大型,5座,访谈记录,公开问卷语料模拟,湖南,2026-04,25-30岁,私营业主,商务+家庭兼用,意向中,对比评估,1周内,公司/家庭共同使用者,孩子,我对揽胜运动的第一印象是实用，SUV车身能满足日常通勤和家庭使用。顾虑是后备厢满载空间，如果销售能把真实续航、保养或售后讲清楚，会更容易推动决策。,公开网页访谈记录风格改写,用于非重点品牌车系的公开车主口碑检索入口；具体车型后续可替换为逐车系URL。,车质网口碑通用入口,车质网,https://www.12365auto.com/review/
UM0282,路虎(进口),揽胜运动,揽胜运动,89.80-218.00万,常规混合动力,SUV,中大型,5座,问卷回答,公开网页评论整理,北京,2026-08,35-40岁,自由职业者,已婚未育,已购,价格谈判,2个月以上,家庭共同决策,销售顾问,选车时把揽胜运动和同价位竞品放在一起比较，主要看价格、配置、能源形式和品牌可信度。它的优势在家庭出行适配，不足可能是油耗/电耗，需要试驾后再判断。,公开网页问卷回答风格改写,用于非重点品牌车系的公开车主口碑检索入口；具体车型后续可替换为逐车系URL。,车质网口碑通用入口,车质网,https://www.12365auto.com/review/
UM0283,雷克萨斯,雷克萨斯LS,雷克萨斯LS,88.50-120.00万,常规混合动力,轿车,大型,5座,用户评论,车质网,江苏,2026-04,30-35岁,企业职员,未婚/两人家庭,流失,试驾体验,1周内,公司/家庭共同使用者,朋友/同事,关注雷克萨斯LS主要是因为通勤舒适和外观协调，价格在88.50-120.00万这个区间内比较有吸引力。对比同价位竞品时，我会重点看空间、配置和长期用车成本。,公开网页用户评论风格改写,用于非重点品牌车系的公开车主口碑检索入口；具体车型后续可替换为逐车系URL。,车质网口碑通用入口,车质网,https://www.12365auto.com/review/
UM0284,雷克萨斯,雷克萨斯LS,雷克萨斯LS,88.50-120.00万,常规混合动力,轿车,大型,5座,访谈记录,公开论坛/社区讨论,山东,2026-08,40-45岁,设计/传媒从业者,已婚一孩,未购,已购复盘,2个月以上,家庭共同决策,无明显影响人,我对雷克萨斯LS的第一印象是实用，轿车车身能满足日常通勤和家庭使用。顾虑是装载能力，如果销售能把真实续航、保养或售后讲清楚，会更容易推动决策。,公开网页访谈记录风格改写,用于非重点品牌车系的公开车主口碑检索入口；具体车型后续可替换为逐车系URL。,车质网口碑通用入口,车质网,https://www.12365auto.com/review/
UM0285,雷克萨斯,雷克萨斯LS,雷克萨斯LS,88.50-120.00万,常规混合动力,轿车,大型,5座,问卷回答,销售反馈模拟,上海,2026-07,50岁以上,个体经营者,三代同住,流失,初步了解,1-2个月,本人+父母,父母,选车时把雷克萨斯LS和新能源替代车型放在一起比较，主要看价格、配置、能源形式和品牌可信度。它的优势在外观协调，不足可能是后排头部空间，需要试驾后再判断。,公开网页问卷回答风格改写,用于非重点品牌车系的公开车主口碑检索入口；具体车型后续可替换为逐车系URL。,车质网口碑通用入口,车质网,https://www.12365auto.com/review/
UM0286,丰田(进口),埃尔法,埃尔法,89.90-92.90万,常规混合动力,MPV,中大型,7座,用户评论,车质网,北京,2026-08,45-50岁,公务员/事业单位,三代同住,意向中,流失反馈,2个月以上,家庭共同决策,配偶,关注埃尔法主要是因为多人乘坐和商务/家庭兼用，价格在89.90-92.90万这个区间内比较有吸引力。对比别克GL8时，我会重点看空间、配置和长期用车成本。,公开网页用户评论风格改写,用于非重点品牌车系的公开车主口碑检索入口；具体车型后续可替换为逐车系URL。,车质网口碑通用入口,车质网,https://www.12365auto.com/review/
UM0287,丰田(进口),埃尔法,埃尔法,89.90-92.90万,常规混合动力,MPV,中大型,7座,访谈记录,公开网页评论整理,河南,2026-07,25-30岁,互联网产品/运营,已婚一孩,已购,对比评估,1-2个月,本人+父母,孩子,我对埃尔法的第一印象是实用，MPV车身能满足日常通勤和家庭使用。顾虑是停车便利性，如果销售能把真实续航、保养或售后讲清楚，会更容易推动决策。,公开网页访谈记录风格改写,用于非重点品牌车系的公开车主口碑检索入口；具体车型后续可替换为逐车系URL。,车质网口碑通用入口,车质网,https://www.12365auto.com/review/
UM0288,丰田(进口),埃尔法,埃尔法,89.90-92.90万,常规混合动力,MPV,中大型,7座,问卷回答,公开问卷语料模拟,广东,2026-06,35-40岁,金融/咨询从业者,三代同住,意向中,价格谈判,1个月内,本人+配偶,销售顾问,选车时把埃尔法和腾势D9放在一起比较，主要看价格、配置、能源形式和品牌可信度。它的优势在商务/家庭兼用，不足可能是车身尺寸，需要试驾后再判断。,公开网页问卷回答风格改写,用于非重点品牌车系的公开车主口碑检索入口；具体车型后续可替换为逐车系URL。,车质网口碑通用入口,车质网,https://www.12365auto.com/review/
UM0289,仰望,仰望U7,仰望U7,65.80-88.80万,纯电动/非增程式插混,轿车,大型,4座/5座,用户评论,车质网,上海,2026-07,30-35岁,制造业管理岗,未婚/两人家庭,未购,试驾体验,1-2个月,本人+父母,朋友/同事,关注仰望U7主要是因为通勤舒适和外观协调，价格在65.80-88.80万这个区间内比较有吸引力。对比同级别车型时，我会重点看空间、配置和长期用车成本。,公开网页用户评论风格改写,用于非重点品牌车系的公开车主口碑检索入口；具体车型后续可替换为逐车系URL。,车质网口碑通用入口,车质网,https://www.12365auto.com/review/
UM0290,仰望,仰望U7,仰望U7,65.80-88.80万,纯电动/非增程式插混,轿车,大型,4座/5座,访谈记录,销售反馈模拟,四川,2026-06,40-45岁,私营业主,已婚一孩,流失,已购复盘,1个月内,本人+配偶,无明显影响人,我对仰望U7的第一印象是实用，轿车车身能满足日常通勤和家庭使用。顾虑是装载能力，如果销售能把真实续航、保养或售后讲清楚，会更容易推动决策。,公开网页访谈记录风格改写,用于非重点品牌车系的公开车主口碑检索入口；具体车型后续可替换为逐车系URL。,车质网口碑通用入口,车质网,https://www.12365auto.com/review/
UM0291,仰望,仰望U7,仰望U7,65.80-88.80万,纯电动/非增程式插混,轿车,大型,4座/5座,问卷回答,公开论坛/社区讨论,湖北,2026-05,50岁以上,自由职业者,三代同住,未购,初步了解,2周左右,本人,父母,选车时把仰望U7和同价位竞品放在一起比较，主要看价格、配置、能源形式和品牌可信度。它的优势在外观协调，不足可能是后排头部空间，需要试驾后再判断。,公开网页问卷回答风格改写,用于非重点品牌车系的公开车主口碑检索入口；具体车型后续可替换为逐车系URL。,车质网口碑通用入口,车质网,https://www.12365auto.com/review/
UM0292,保时捷,Panamera,Panamera,99.80-149.80万,传统燃料,轿车,大型,4座,用户评论,车质网,广东,2026-06,45-50岁,企业职员,已婚二孩,已购,流失反馈,1个月内,本人+配偶,配偶,关注Panamera主要是因为通勤舒适和外观协调，价格在99.80-149.80万这个区间内比较有吸引力。对比新能源替代车型时，我会重点看空间、配置和长期用车成本。,公开网页用户评论风格改写,用于非重点品牌车系的公开车主口碑检索入口；具体车型后续可替换为逐车系URL。,车质网口碑通用入口,车质网,https://www.12365auto.com/review/
UM0293,保时捷,Panamera,Panamera,99.80-149.80万,传统燃料,轿车,大型,4座,访谈记录,公开问卷语料模拟,浙江,2026-05,25-30岁,设计/传媒从业者,商务+家庭兼用,意向中,对比评估,2周左右,本人,孩子,我对Panamera的第一印象是实用，轿车车身能满足日常通勤和家庭使用。顾虑是装载能力，如果销售能把真实续航、保养或售后讲清楚，会更容易推动决策。,公开网页访谈记录风格改写,用于非重点品牌车系的公开车主口碑检索入口；具体车型后续可替换为逐车系URL。,车质网口碑通用入口,车质网,https://www.12365auto.com/review/
UM0294,保时捷,Panamera,Panamera,99.80-149.80万,传统燃料,轿车,大型,4座,问卷回答,公开网页评论整理,湖南,2026-04,35-40岁,个体经营者,已婚未育,已购,价格谈判,1周内,公司/家庭共同使用者,销售顾问,选车时把Panamera和同级别车型放在一起比较，主要看价格、配置、能源形式和品牌可信度。它的优势在外观协调，不足可能是后排头部空间，需要试驾后再判断。,公开网页问卷回答风格改写,用于非重点品牌车系的公开车主口碑检索入口；具体车型后续可替换为逐车系URL。,车质网口碑通用入口,车质网,https://www.12365auto.com/review/
UM0295,保时捷,Cayenne,Cayenne,91.80-250.80万,传统燃料,SUV,中大型,4座/5座,用户评论,车质网,湖北,2026-05,30-35岁,公务员/事业单位,未婚/两人家庭,流失,试驾体验,2周左右,本人,朋友/同事,关注Cayenne主要是因为通过性和家庭出行适配，价格在91.80-250.80万这个区间内比较有吸引力。对比同级别车型时，我会重点看空间、配置和长期用车成本。,公开网页用户评论风格改写,用于非重点品牌车系的公开车主口碑检索入口；具体车型后续可替换为逐车系URL。,车质网口碑通用入口,车质网,https://www.12365auto.com/review/
UM0296,保时捷,Cayenne,Cayenne,91.80-250.80万,传统燃料,SUV,中大型,4座/5座,访谈记录,公开论坛/社区讨论,江苏,2026-04,40-45岁,互联网产品/运营,已婚一孩,未购,已购复盘,1周内,公司/家庭共同使用者,无明显影响人,我对Cayenne的第一印象是实用，SUV车身能满足日常通勤和家庭使用。顾虑是后备厢满载空间，如果销售能把真实续航、保养或售后讲清楚，会更容易推动决策。,公开网页访谈记录风格改写,用于非重点品牌车系的公开车主口碑检索入口；具体车型后续可替换为逐车系URL。,车质网口碑通用入口,车质网,https://www.12365auto.com/review/
UM0297,保时捷,Cayenne,Cayenne,91.80-250.80万,传统燃料,SUV,中大型,4座/5座,问卷回答,销售反馈模拟,山东,2026-08,50岁以上,金融/咨询从业者,三代同住,流失,初步了解,2个月以上,家庭共同决策,父母,选车时把Cayenne和同价位竞品放在一起比较，主要看价格、配置、能源形式和品牌可信度。它的优势在家庭出行适配，不足可能是油耗/电耗，需要试驾后再判断。,公开网页问卷回答风格改写,用于非重点品牌车系的公开车主口碑检索入口；具体车型后续可替换为逐车系URL。,车质网口碑通用入口,车质网,https://www.12365auto.com/review/
UM0298,奔驰(进口),奔驰GLS,奔驰GLS,96.80-139.82万,常规混合动力,SUV,大型,7座,用户评论,太平洋汽车,湖南,2026-04,45-50岁,金融/咨询从业者,已婚二孩,意向中,流失反馈,1周内,公司/家庭共同使用者,配偶,关注奔驰GLS主要是因为豪华感和后排空间，价格在96.80-139.82万这个区间内比较有吸引力。对比新能源替代车型时，我会重点看空间、配置和长期用车成本。,公开网页用户评论风格改写,奔驰E级公开点评总结强调后排空间、豪华内饰和科技感；配置差异和座椅/细节也有反馈。,奔驰E级 太平洋汽车车主点评,太平洋汽车,https://price.pcauto.com.cn/comment/sg1603/m112715/
UM0299,奔驰(进口),奔驰GLS,奔驰GLS,96.80-139.82万,常规混合动力,SUV,大型,7座,访谈记录,公开网页评论整理,北京,2026-08,25-30岁,企业中层管理,已婚一孩,已购,对比评估,2个月以上,家庭共同决策,孩子,我对奔驰GLS的第一印象是实用，SUV车身能满足日常通勤和家庭使用。顾虑是价格权益，如果销售能把真实续航、保养或售后讲清楚，会更容易推动决策。,公开网页访谈记录风格改写,奔驰E级公开点评总结强调后排空间、豪华内饰和科技感；配置差异和座椅/细节也有反馈。,奔驰E级 太平洋汽车车主点评,太平洋汽车,https://price.pcauto.com.cn/comment/sg1603/m112715/
UM0300,奔驰(进口),奔驰GLS,奔驰GLS,96.80-139.82万,常规混合动力,SUV,大型,7座,问卷回答,公开问卷语料模拟,河南,2026-07,35-40岁,金融/咨询从业者,商务+家庭兼用,意向中,价格谈判,1-2个月,本人+父母,销售顾问,选车时把奔驰GLS和同级别车型放在一起比较，主要看价格、配置、能源形式和品牌可信度。它的优势在后排空间，不足可能是配置差异，需要试驾后再判断。,公开网页问卷回答风格改写,奔驰E级公开点评总结强调后排空间、豪华内饰和科技感；配置差异和座椅/细节也有反馈。,奔驰E级 太平洋汽车车主点评,太平洋汽车,https://price.pcauto.com.cn/comment/sg1603/m112715/
UM0301,宝马(进口),宝马X7,宝马X7,92.80-117.80万,常规混合动力,SUV,大型,7座,用户评论,汽车之家,山东,2026-08,30-35岁,私营业主,已婚二孩,未购,试驾体验,2个月以上,家庭共同决策,朋友/同事,看宝马X7主要是冲着操控和品牌去的，转向、动力响应和底盘质感仍然是优势。我也试了理想L9，但宝马开起来更有参与感，只是配置性价比会影响家里人的接受度。,公开网页用户评论风格改写,宝马X3公开口碑整理强调2.0T动力、8AT配合、底盘运动和转向手感，也涉及内饰材料/配置复杂度等权衡。,宝马X3 汽车之家问答/口碑整理,汽车之家,https://www.autohome.com.cn/ask/17012537.html
UM0302,宝马(进口),宝马X7,宝马X7,92.80-117.80万,常规混合动力,SUV,大型,7座,访谈记录,销售反馈模拟,上海,2026-07,40-45岁,公务员/事业单位,已婚一孩,流失,已购复盘,1-2个月,本人+父母,无明显影响人,宝马X7适合自己开，动力响应和变速箱匹配比较明显。家里人更关注后排和舒适，我会担心悬挂、配置和用车成本，尤其和奔驰GLC放在一起比时性价比没有那么突出。,公开网页访谈记录风格改写,宝马X3公开口碑整理强调2.0T动力、8AT配合、底盘运动和转向手感，也涉及内饰材料/配置复杂度等权衡。,宝马X3 汽车之家问答/口碑整理,汽车之家,https://www.autohome.com.cn/ask/17012537.html
UM0303,宝马(进口),宝马X7,宝马X7,92.80-117.80万,常规混合动力,SUV,大型,7座,问卷回答,公开论坛/社区讨论,四川,2026-06,50岁以上,私营业主,商务+家庭兼用,未购,初步了解,1个月内,本人+配偶,父母,如果预算到这个价位，我希望车既要有品牌，也要有智能化体验。宝马X7的传统机械素质没问题，但在座舱科技和配置完整度上，需要销售解释清楚它的价值。,公开网页问卷回答风格改写,宝马X3公开口碑整理强调2.0T动力、8AT配合、底盘运动和转向手感，也涉及内饰材料/配置复杂度等权衡。,宝马X3 汽车之家问答/口碑整理,汽车之家,https://www.autohome.com.cn/ask/17012537.html
UM0304,宝马(进口),宝马X7,宝马X7,92.80-117.80万,常规混合动力,SUV,大型,7座,销售反馈,销售反馈模拟,湖北,2026-05,30-35岁,公务员/事业单位,已婚二孩,流失,试驾体验,2周左右,本人,朋友/同事,我对宝马X7的选择理由是驾驶质感和品牌认可，但如果主要是家庭用车，我会认真比较奥迪Q7的空间和舒适配置。销售最好先判断我是自己开多还是全家坐多。,公开网页销售反馈风格改写,宝马X3公开口碑整理强调2.0T动力、8AT配合、底盘运动和转向手感，也涉及内饰材料/配置复杂度等权衡。,宝马X3 汽车之家问答/口碑整理,汽车之家,https://www.autohome.com.cn/ask/17012537.html
UM0305,宝马(进口),宝马X7,宝马X7,92.80-117.80万,常规混合动力,SUV,大型,7座,用户评论,汽车之家,江苏,2026-04,40-45岁,私营业主,已婚一孩,未购,已购复盘,1周内,公司/家庭共同使用者,无明显影响人,宝马X7给我的感觉是产品性格很鲜明，适合重视驾驶的人。顾虑是智能化不足和后排舒适，如果后期优惠到位、保养方案清楚，我会更愿意下定。,公开网页用户评论风格改写,宝马X3公开口碑整理强调2.0T动力、8AT配合、底盘运动和转向手感，也涉及内饰材料/配置复杂度等权衡。,宝马X3 汽车之家问答/口碑整理,汽车之家,https://www.autohome.com.cn/ask/17012537.html
UM0306,奥迪(进口),奥迪Q8,奥迪Q8,76.68-108.48万,传统燃料/常规混合动力,SUV,中大型,5座,用户评论,车质网,北京,2026-08,25-30岁,金融/咨询从业者,已婚一孩,意向中,对比评估,2个月以上,家庭共同决策,孩子,看奥迪Q8主要是因为品牌稳、商务场合不出错，后排空间和隔音确实有传统豪华车的底子。我也比较了问界M7，奥迪的优惠和开起来的轻松感更吸引我，但车机智能化还是短板。,公开网页用户评论风格改写,奥迪A6L公开口碑中常见空间、隔音、底盘、豪华感和车机智能化、低速顿挫/维修等反馈。,奥迪A6L 车质网口碑,车质网,https://www.12365auto.com/review/1_0_0_1.shtml
UM0307,奥迪(进口),奥迪Q8,奥迪Q8,76.68-108.48万,传统燃料/常规混合动力,SUV,中大型,5座,访谈记录,公开网页评论整理,河南,2026-07,35-40岁,企业中层管理,商务+家庭兼用,已购,价格谈判,1-2个月,本人+父母,销售顾问,家里和公司都能用，所以我会优先考虑奥迪Q8这种成熟车型。它的后排空间和底盘质感是优势，不过现在新能源车配置给得太满，和奔驰GLC比起来会觉得智能座舱不够新。,公开网页访谈记录风格改写,A6L网友印象中有豪华、科技感、大气、空间不错，以及烧机油、小毛病等负向印象。,奥迪A6L 太平洋汽车车主点评,太平洋汽车,https://price.pcauto.com.cn/comment/sg4313/s48976/t3.0/
UM0308,奥迪(进口),奥迪Q8,奥迪Q8,76.68-108.48万,传统燃料/常规混合动力,SUV,中大型,5座,问卷回答,公开问卷语料模拟,广东,2026-06,45-50岁,金融/咨询从业者,已婚二孩,意向中,流失反馈,1个月内,本人+配偶,配偶,我对奥迪Q8的顾虑主要是后期维修保养和车机智能化，但是它的品牌认可度、乘坐体面感和售后体系比较稳。如果销售能把用车成本和保值解释清楚，我会更容易接受。,公开网页问卷回答风格改写,奥迪A6L公开口碑中常见空间、隔音、底盘、豪华感和车机智能化、低速顿挫/维修等反馈。,奥迪A6L 车质网口碑,车质网,https://www.12365auto.com/review/1_0_0_1.shtml
UM0309,奥迪(进口),奥迪Q8,奥迪Q8,76.68-108.48万,传统燃料/常规混合动力,SUV,中大型,5座,销售反馈,公开网页评论整理,浙江,2026-05,25-30岁,企业中层管理,已婚一孩,已购,对比评估,2周左右,本人,孩子,如果客户在奥迪Q8和宝马X5之间犹豫，我觉得不能只说品牌，还是要讲清楚后排、隔音、底盘和优惠后的真实成交价值。对商务用户来说，稳定和体面感很重要。,公开网页销售反馈风格改写,奥迪A6L公开口碑中常见空间、隔音、底盘、豪华感和车机智能化、低速顿挫/维修等反馈。,奥迪A6L 车质网口碑,车质网,https://www.12365auto.com/review/1_0_0_1.shtml
UM0310,奥迪(进口),奥迪Q8,奥迪Q8,76.68-108.48万,传统燃料/常规混合动力,SUV,中大型,5座,用户评论,车质网,湖南,2026-04,35-40岁,金融/咨询从业者,商务+家庭兼用,意向中,价格谈判,1周内,公司/家庭共同使用者,销售顾问,试驾后我觉得奥迪Q8的底盘质感比很多新势力更扎实，长途开起来轻松。只是车机响应和智能化功能确实没有那么讨喜，年轻用户可能会因此转向新能源竞品。,公开网页用户评论风格改写,奥迪A6L公开口碑中常见空间、隔音、底盘、豪华感和车机智能化、低速顿挫/维修等反馈。,奥迪A6L 车质网口碑,车质网,https://www.12365auto.com/review/1_0_0_1.shtml
UM0311,保时捷,Taycan,Taycan,91.80-156.80万,纯电动,轿车,中大型,4座,用户评论,车质网,山东,2026-08,50岁以上,金融/咨询从业者,三代同住,流失,初步了解,2个月以上,家庭共同决策,父母,关注Taycan主要是因为通勤舒适和外观协调，价格在91.80-156.80万这个区间内比较有吸引力。对比同价位竞品时，我会重点看空间、配置和长期用车成本。,公开网页用户评论风格改写,用于非重点品牌车系的公开车主口碑检索入口；具体车型后续可替换为逐车系URL。,车质网口碑通用入口,车质网,https://www.12365auto.com/review/
UM0312,保时捷,Taycan,Taycan,91.80-156.80万,纯电动,轿车,中大型,4座,访谈记录,公开论坛/社区讨论,上海,2026-07,30-35岁,企业职员,未婚/两人家庭,未购,试驾体验,1-2个月,本人+父母,朋友/同事,我对Taycan的第一印象是实用，轿车车身能满足日常通勤和家庭使用。顾虑是装载能力，如果销售能把真实续航、保养或售后讲清楚，会更容易推动决策。,公开网页访谈记录风格改写,用于非重点品牌车系的公开车主口碑检索入口；具体车型后续可替换为逐车系URL。,车质网口碑通用入口,车质网,https://www.12365auto.com/review/
UM0313,保时捷,Taycan,Taycan,91.80-156.80万,纯电动,轿车,中大型,4座,问卷回答,销售反馈模拟,四川,2026-06,40-45岁,设计/传媒从业者,已婚一孩,流失,已购复盘,1个月内,本人+配偶,无明显影响人,选车时把Taycan和新能源替代车型放在一起比较，主要看价格、配置、能源形式和品牌可信度。它的优势在外观协调，不足可能是后排头部空间，需要试驾后再判断。,公开网页问卷回答风格改写,用于非重点品牌车系的公开车主口碑检索入口；具体车型后续可替换为逐车系URL。,车质网口碑通用入口,车质网,https://www.12365auto.com/review/
UM0314,路虎(进口),揽胜,揽胜,141.20-333.90万,传统燃料/常规混合动力,SUV,中大型,4座,用户评论,车质网,河南,2026-07,35-40岁,自由职业者,已婚未育,意向中,价格谈判,1-2个月,本人+父母,销售顾问,关注揽胜主要是因为通过性和家庭出行适配，价格在141.20-333.90万这个区间内比较有吸引力。对比新能源替代车型时，我会重点看空间、配置和长期用车成本。,公开网页用户评论风格改写,用于非重点品牌车系的公开车主口碑检索入口；具体车型后续可替换为逐车系URL。,车质网口碑通用入口,车质网,https://www.12365auto.com/review/
UM0315,路虎(进口),揽胜,揽胜,141.20-333.90万,传统燃料/常规混合动力,SUV,中大型,4座,访谈记录,公开网页评论整理,广东,2026-06,45-50岁,公务员/事业单位,已婚二孩,已购,流失反馈,1个月内,本人+配偶,配偶,我对揽胜的第一印象是实用，SUV车身能满足日常通勤和家庭使用。顾虑是后备厢满载空间，如果销售能把真实续航、保养或售后讲清楚，会更容易推动决策。,公开网页访谈记录风格改写,用于非重点品牌车系的公开车主口碑检索入口；具体车型后续可替换为逐车系URL。,车质网口碑通用入口,车质网,https://www.12365auto.com/review/
UM0316,路虎(进口),揽胜,揽胜,141.20-333.90万,传统燃料/常规混合动力,SUV,中大型,4座,问卷回答,公开问卷语料模拟,浙江,2026-05,25-30岁,互联网产品/运营,商务+家庭兼用,意向中,对比评估,2周左右,本人,孩子,选车时把揽胜和同级别车型放在一起比较，主要看价格、配置、能源形式和品牌可信度。它的优势在家庭出行适配，不足可能是油耗/电耗，需要试驾后再判断。,公开网页问卷回答风格改写,用于非重点品牌车系的公开车主口碑检索入口；具体车型后续可替换为逐车系URL。,车质网口碑通用入口,车质网,https://www.12365auto.com/review/
UM0317,梅赛德斯,迈巴赫S级,迈巴赫S级,121.70-364.30万,传统燃料/常规混合动力,轿车,大型,4座/5座,用户评论,车质网,四川,2026-06,50岁以上,个体经营者,三代同住,未购,初步了解,1个月内,本人+配偶,父母,关注迈巴赫S级主要是因为通勤舒适和外观协调，价格在121.70-364.30万这个区间内比较有吸引力。对比新能源替代车型时，我会重点看空间、配置和长期用车成本。,公开网页用户评论风格改写,用于非重点品牌车系的公开车主口碑检索入口；具体车型后续可替换为逐车系URL。,车质网口碑通用入口,车质网,https://www.12365auto.com/review/
UM0318,梅赛德斯,迈巴赫S级,迈巴赫S级,121.70-364.30万,传统燃料/常规混合动力,轿车,大型,4座/5座,访谈记录,销售反馈模拟,湖北,2026-05,30-35岁,制造业管理岗,未婚/两人家庭,流失,试驾体验,2周左右,本人,朋友/同事,我对迈巴赫S级的第一印象是实用，轿车车身能满足日常通勤和家庭使用。顾虑是装载能力，如果销售能把真实续航、保养或售后讲清楚，会更容易推动决策。,公开网页访谈记录风格改写,用于非重点品牌车系的公开车主口碑检索入口；具体车型后续可替换为逐车系URL。,车质网口碑通用入口,车质网,https://www.12365auto.com/review/
UM0319,梅赛德斯,迈巴赫S级,迈巴赫S级,121.70-364.30万,传统燃料/常规混合动力,轿车,大型,4座/5座,问卷回答,公开论坛/社区讨论,江苏,2026-04,40-45岁,私营业主,已婚一孩,未购,已购复盘,1周内,公司/家庭共同使用者,无明显影响人,选车时把迈巴赫S级和同级别车型放在一起比较，主要看价格、配置、能源形式和品牌可信度。它的优势在外观协调，不足可能是后排头部空间，需要试驾后再判断。,公开网页问卷回答风格改写,用于非重点品牌车系的公开车主口碑检索入口；具体车型后续可替换为逐车系URL。,车质网口碑通用入口,车质网,https://www.12365auto.com/review/
UM0320,奔驰(进口),奔驰G级,奔驰G级,186.80万,常规混合动力,SUV,中大型,5座,用户评论,太平洋汽车,浙江,2026-05,35-40岁,企业中层管理,商务+家庭兼用,已购,价格谈判,2周左右,本人,销售顾问,关注奔驰G级主要是因为豪华感和后排空间，价格在186.80万这个区间内比较有吸引力。对比同级别车型时，我会重点看空间、配置和长期用车成本。,公开网页用户评论风格改写,奔驰E级公开点评总结强调后排空间、豪华内饰和科技感；配置差异和座椅/细节也有反馈。,奔驰E级 太平洋汽车车主点评,太平洋汽车,https://price.pcauto.com.cn/comment/sg1603/m112715/
UM0321,奔驰(进口),奔驰G级,奔驰G级,186.80万,常规混合动力,SUV,中大型,5座,访谈记录,公开问卷语料模拟,湖南,2026-04,45-50岁,金融/咨询从业者,已婚二孩,意向中,流失反馈,1周内,公司/家庭共同使用者,配偶,我对奔驰G级的第一印象是实用，SUV车身能满足日常通勤和家庭使用。顾虑是价格权益，如果销售能把真实续航、保养或售后讲清楚，会更容易推动决策。,公开网页访谈记录风格改写,奔驰E级公开点评总结强调后排空间、豪华内饰和科技感；配置差异和座椅/细节也有反馈。,奔驰E级 太平洋汽车车主点评,太平洋汽车,https://price.pcauto.com.cn/comment/sg1603/m112715/
UM0322,奔驰(进口),奔驰G级,奔驰G级,186.80万,常规混合动力,SUV,中大型,5座,问卷回答,公开网页评论整理,北京,2026-08,25-30岁,企业中层管理,已婚一孩,已购,对比评估,2个月以上,家庭共同决策,孩子,选车时把奔驰G级和同价位竞品放在一起比较，主要看价格、配置、能源形式和品牌可信度。它的优势在后排空间，不足可能是配置差异，需要试驾后再判断。,公开网页问卷回答风格改写,奔驰E级公开点评总结强调后排空间、豪华内饰和科技感；配置差异和座椅/细节也有反馈。,奔驰E级 太平洋汽车车主点评,太平洋汽车,https://price.pcauto.com.cn/comment/sg1603/m112715/
UM0323,梅赛德斯,奔驰G级AMG,奔驰G级AMG,259.55万,常规混合动力,SUV,中大型,5座,用户评论,太平洋汽车,江苏,2026-04,50岁以上,公务员/事业单位,商务+家庭兼用,流失,初步了解,1周内,公司/家庭共同使用者,父母,关注奔驰G级AMG主要是因为豪华感和后排空间，价格在259.55万这个区间内比较有吸引力。对比同级别车型时，我会重点看空间、配置和长期用车成本。,公开网页用户评论风格改写,奔驰E级公开点评总结强调后排空间、豪华内饰和科技感；配置差异和座椅/细节也有反馈。,奔驰E级 太平洋汽车车主点评,太平洋汽车,https://price.pcauto.com.cn/comment/sg1603/m112715/
UM0324,梅赛德斯,奔驰G级AMG,奔驰G级AMG,259.55万,常规混合动力,SUV,中大型,5座,访谈记录,公开论坛/社区讨论,山东,2026-08,30-35岁,私营业主,已婚二孩,未购,试驾体验,2个月以上,家庭共同决策,朋友/同事,我对奔驰G级AMG的第一印象是实用，SUV车身能满足日常通勤和家庭使用。顾虑是价格权益，如果销售能把真实续航、保养或售后讲清楚，会更容易推动决策。,公开网页访谈记录风格改写,奔驰E级公开点评总结强调后排空间、豪华内饰和科技感；配置差异和座椅/细节也有反馈。,奔驰E级 太平洋汽车车主点评,太平洋汽车,https://price.pcauto.com.cn/comment/sg1603/m112715/
UM0325,梅赛德斯,奔驰G级AMG,奔驰G级AMG,259.55万,常规混合动力,SUV,中大型,5座,问卷回答,销售反馈模拟,上海,2026-07,40-45岁,公务员/事业单位,已婚一孩,流失,已购复盘,1-2个月,本人+父母,无明显影响人,选车时把奔驰G级AMG和同价位竞品放在一起比较，主要看价格、配置、能源形式和品牌可信度。它的优势在后排空间，不足可能是配置差异，需要试驾后再判断。,公开网页问卷回答风格改写,奔驰E级公开点评总结强调后排空间、豪华内饰和科技感；配置差异和座椅/细节也有反馈。,奔驰E级 太平洋汽车车主点评,太平洋汽车,https://price.pcauto.com.cn/comment/sg1603/m112715/
UM0326,雷克萨斯,雷克萨斯LX,雷克萨斯LX,125.00-155.00万,常规混合动力,SUV,大型,4座/7座,用户评论,车质网,北京,2026-08,35-40岁,个体经营者,三代同住,意向中,价格谈判,2个月以上,家庭共同决策,销售顾问,关注雷克萨斯LX主要是因为通过性和家庭出行适配，价格在125.00-155.00万这个区间内比较有吸引力。对比同价位竞品时，我会重点看空间、配置和长期用车成本。,公开网页用户评论风格改写,用于非重点品牌车系的公开车主口碑检索入口；具体车型后续可替换为逐车系URL。,车质网口碑通用入口,车质网,https://www.12365auto.com/review/
UM0327,雷克萨斯,雷克萨斯LX,雷克萨斯LX,125.00-155.00万,常规混合动力,SUV,大型,4座/7座,访谈记录,公开网页评论整理,河南,2026-07,45-50岁,制造业管理岗,已婚一孩,已购,流失反馈,1-2个月,本人+父母,配偶,我对雷克萨斯LX的第一印象是实用，SUV车身能满足日常通勤和家庭使用。顾虑是后备厢满载空间，如果销售能把真实续航、保养或售后讲清楚，会更容易推动决策。,公开网页访谈记录风格改写,用于非重点品牌车系的公开车主口碑检索入口；具体车型后续可替换为逐车系URL。,车质网口碑通用入口,车质网,https://www.12365auto.com/review/
UM0328,雷克萨斯,雷克萨斯LX,雷克萨斯LX,125.00-155.00万,常规混合动力,SUV,大型,4座/7座,问卷回答,公开问卷语料模拟,广东,2026-06,25-30岁,私营业主,三代同住,意向中,对比评估,1个月内,本人+配偶,孩子,选车时把雷克萨斯LX和新能源替代车型放在一起比较，主要看价格、配置、能源形式和品牌可信度。它的优势在家庭出行适配，不足可能是油耗/电耗，需要试驾后再判断。,公开网页问卷回答风格改写,用于非重点品牌车系的公开车主口碑检索入口；具体车型后续可替换为逐车系URL。,车质网口碑通用入口,车质网,https://www.12365auto.com/review/
