样本ID,品牌,车系,分析对象名称,车型价格范围,价格段,能源形式,车身形式,级别,座位数,地区,调查时间,年龄段,性别,职业,家庭年收入区间,家庭结构,家庭成员,是否有孩,是否有老人同住/常乘坐,当前用车状态,首购/增购/换购,原有车型/品牌,购车预算,购车阶段,决策周期,主要决策人,决策影响人,购车动因,主要使用场景,信息来源,是否试驾,最关注因素,关注理由,主要顾虑,对比车型,最终倾向,是否成交,流失原因,开放题摘要,沟通触点建议,数据性质,拟定依据,参考来源标题,参考来源URL
S001-01,一汽奥迪,奥迪A6L,奥迪A6L,32.89-55.89万,40-50万,传统燃料；常规混合动力,轿车,中大型,5座,湖北省,2026-08-17,41-45岁,男,公务员/事业单位,50-80万,已婚一孩,1人,是,否,15-25万合资/自主车,换购,15-25万合资/自主车,30-60万,已购/用车复盘,2个月以上,企业/业务需求,父母；车主评价,换新能源；家庭品质升级；品牌升级,周末短途；商务接待,品牌直营店/4S店；朋友/同事推荐,是,品牌认知；静谧性；安全性,在意品牌形象和商务/社交场景认可度,底盘舒适性；价格是否值得,宝马5系；奔驰E级,倾向本品,待定,,受访者关注品牌认知，主要用于周末短途；同时对底盘舒适性仍有疑问，决策中会对比宝马5系；奔驰E级。,先围绕周末短途场景切入，再把品牌认知转化为可感知体验；对底盘舒适性需结合竞品对比和真实用车成本解释。,公开资料方向拟定/模拟问卷样本,基于车型定位、价格段、能源形式、公开车主口碑和公开用户画像报告拟定；仅用于产品Demo，不代表真实调研结果。,奥迪A6L公开车主口碑｜懂车帝,https://www.dongchedi.com/auto/series/score/99-x-S0-P107-x-x-x
S001-02,一汽奥迪,奥迪A6L,奥迪A6L,32.89-55.89万,40-50万,传统燃料；常规混合动力,轿车,中大型,5座,河南省,2026-08-24,36-40岁,男,公务员/事业单位,50-80万,已婚二孩及以上,3人,是,否,无车,首购,无车,30-60万,已购/用车复盘,1-2个月,本人+配偶,子女；配偶；父母,商务接待；空间升级；家庭品质升级,周末短途；城市通勤,小红书/抖音内容；懂车帝/汽车之家口碑,是,安全性；品牌体面感；通勤舒适,在意品牌形象和商务/社交场景认可度,竞品是否更强；价格是否值得,宝马5系；奔驰E级,价格合适会买,待定,,受访者关注安全性，主要用于周末短途；同时对竞品是否更强仍有疑问，决策中会对比宝马5系；奔驰E级。,先围绕周末短途场景切入，再把安全性转化为可感知体验；对竞品是否更强需结合竞品对比和真实用车成本解释。,公开资料方向拟定/模拟问卷样本,基于车型定位、价格段、能源形式、公开车主口碑和公开用户画像报告拟定；仅用于产品Demo，不代表真实调研结果。,奥迪A6L公开车主口碑｜懂车帝,https://www.dongchedi.com/auto/series/score/99-x-S0-P107-x-x-x
S001-03,一汽奥迪,奥迪A6L,奥迪A6L,32.89-55.89万,40-50万,传统燃料；常规混合动力,轿车,中大型,5座,四川省,2026-06-16,41-45岁,男,中基层管理者,50-80万,已婚无孩,2人,否,否,15-25万合资/自主车,换购,15-25万合资/自主车,30-60万,对比评估,2周-1个月,本人+配偶,配偶；KOL/博主；车主评价,换新能源；家庭品质升级,商务接待；城市通勤；家庭出行,KOL评测；小红书/抖音内容；懂车帝/汽车之家口碑,是,后排空间；保值率；外观设计；豪华感/质感,希望在预算内获得更稳定的综合体验,后排空间是否够用；配置性价比；后排地台隆起,宝马5系；奔驰E级；奥迪A7L,倾向本品,待定,,受访者关注后排空间，主要用于商务接待；同时对后排空间是否够用仍有疑问，决策中会对比宝马5系；奔驰E级；奥迪A7L。,先围绕商务接待场景切入，再把后排空间转化为可感知体验；对后排空间是否够用需结合竞品对比和真实用车成本解释。,公开资料方向拟定/模拟问卷样本,基于车型定位、价格段、能源形式、公开车主口碑和公开用户画像报告拟定；仅用于产品Demo，不代表真实调研结果。,奥迪A6L公开车主口碑｜懂车帝,https://www.dongchedi.com/auto/series/score/99-x-S0-P107-x-x-x
S001-04,一汽奥迪,奥迪A6L,奥迪A6L,32.89-55.89万,40-50万,传统燃料；常规混合动力,轿车,中大型,5座,湖北省,2026-07-02,31-35岁,男,中基层管理者,50-80万,商务/个人用车,2人,否,是,家中已有新能源车,增购,家中已有新能源车,30-60万,已试驾,2个月以上,本人+配偶,KOL/博主；朋友/同事；车主评价,空间升级；通勤代步,商务接待；家庭出行,朋友/同事推荐；KOL评测；小红书/抖音内容,否,空间舒适；品牌认知；保值率；品牌体面感,希望兼顾家人乘坐和周末出行；在意品牌形象和商务/社交场景认可度,权益透明度；保养维修成本,宝马5系；奔驰E级,倾向本品,待定,,受访者关注空间舒适，主要用于商务接待；同时对权益透明度仍有疑问，决策中会对比宝马5系；奔驰E级。,先围绕商务接待场景切入，再把空间舒适转化为可感知体验；对权益透明度需结合竞品对比和真实用车成本解释。,公开资料方向拟定/模拟问卷样本,基于车型定位、价格段、能源形式、公开车主口碑和公开用户画像报告拟定；仅用于产品Demo，不代表真实调研结果。,奥迪A6L公开车主口碑｜懂车帝,https://www.dongchedi.com/auto/series/score/99-x-S0-P107-x-x-x
S001-05,一汽奥迪,奥迪A6L,奥迪A6L,32.89-55.89万,40-50万,传统燃料；常规混合动力,轿车,中大型,5座,湖北省,2026-08-27,36-40岁,女,中基层管理者,30-50万,已婚无孩,2人,否,否,家中已有燃油车,增购,家中已有燃油车,30-60万,已试驾,2周-1个月,本人+配偶,KOL/博主；朋友/同事；配偶,换新能源；空间升级,周末短途；家庭出行,小红书/抖音内容；车主群/社群讨论,是,商务形象；通勤舒适；价格权益,希望同预算下配置和权益更划算,后排空间是否够用；后排地台隆起,宝马5系；奔驰E级,继续比较,待定,,受访者关注商务形象，主要用于周末短途；同时对后排空间是否够用仍有疑问，决策中会对比宝马5系；奔驰E级。,先围绕周末短途场景切入，再把商务形象转化为可感知体验；对后排空间是否够用需结合竞品对比和真实用车成本解释。,公开资料方向拟定/模拟问卷样本,基于车型定位、价格段、能源形式、公开车主口碑和公开用户画像报告拟定；仅用于产品Demo，不代表真实调研结果。,奥迪A6L公开车主口碑｜懂车帝,https://www.dongchedi.com/auto/series/score/99-x-S0-P107-x-x-x
S001-06,一汽奥迪,奥迪A6L,奥迪A6L,32.89-55.89万,40-50万,传统燃料；常规混合动力,轿车,中大型,5座,山东省,2026-08-09,36-40岁,男,企业高管/企业主,30-50万,已婚一孩,3人,是,否,家中已有新能源车,增购,家中已有新能源车,30-60万,对比评估,2周-1个月,本人,父母；车主评价,通勤代步；商务接待；品牌升级,商务接待；城市通勤,懂车帝/汽车之家口碑；品牌直营店/4S店；朋友/同事推荐,是,驾驶质感；乘坐舒适；后排空间；优惠力度,希望在预算内获得更稳定的综合体验,权益透明度；后备厢空间,宝马5系；奔驰E级；奥迪A7L,倾向本品,待定,,受访者关注驾驶质感，主要用于商务接待；同时对权益透明度仍有疑问，决策中会对比宝马5系；奔驰E级；奥迪A7L。,先围绕商务接待场景切入，再把驾驶质感转化为可感知体验；对权益透明度需结合竞品对比和真实用车成本解释。,公开资料方向拟定/模拟问卷样本,基于车型定位、价格段、能源形式、公开车主口碑和公开用户画像报告拟定；仅用于产品Demo，不代表真实调研结果。,奥迪A6L公开车主口碑｜懂车帝,https://www.dongchedi.com/auto/series/score/99-x-S0-P107-x-x-x
S001-07,一汽奥迪,奥迪A6L,奥迪A6L,32.89-55.89万,40-50万,传统燃料；常规混合动力,轿车,中大型,5座,河南省,2026-06-03,36-40岁,男,企业高管/企业主,50-80万,已婚一孩,5人及以上,是,是,家中已有燃油车,增购,家中已有燃油车,30-60万,已购/用车复盘,1-2个月,本人,父母；车主评价；配偶,商务接待；空间升级,家庭出行；周末短途；商务接待,朋友/同事推荐；车主群/社群讨论；KOL评测,是,价格权益；售后服务；驾驶质感,希望同预算下配置和权益更划算,保值率；保养维修成本；底盘舒适性,宝马5系；奔驰E级,倾向本品,待定,,受访者关注价格权益，主要用于家庭出行；同时对保值率仍有疑问，决策中会对比宝马5系；奔驰E级。,先围绕家庭出行场景切入，再把价格权益转化为可感知体验；对保值率需结合竞品对比和真实用车成本解释。,公开资料方向拟定/模拟问卷样本,基于车型定位、价格段、能源形式、公开车主口碑和公开用户画像报告拟定；仅用于产品Demo，不代表真实调研结果。,奥迪A6L公开车主口碑｜懂车帝,https://www.dongchedi.com/auto/series/score/99-x-S0-P107-x-x-x
S001-08,一汽奥迪,奥迪A6L,奥迪A6L,32.89-55.89万,40-50万,传统燃料；常规混合动力,轿车,中大型,5座,广东省,2026-06-09,41-45岁,男,中基层管理者,100万以上,已婚一孩,5人及以上,是,是,家中已有新能源车,增购,家中已有新能源车,30-60万,流失/转向竞品,2个月以上,本人,子女；KOL/博主,品牌升级；商务接待；通勤代步,商务接待；城市通勤；家庭出行,KOL评测；车主群/社群讨论；小红书/抖音内容,是,品牌认知；安全性；品牌体面感,在意品牌形象和商务/社交场景认可度,后备厢空间；保值率,宝马5系；奔驰E级,已下订,是,,受访者关注品牌认知，主要用于商务接待；同时对后备厢空间仍有疑问，决策中会对比宝马5系；奔驰E级。,先围绕商务接待场景切入，再把品牌认知转化为可感知体验；对后备厢空间需结合竞品对比和真实用车成本解释。,公开资料方向拟定/模拟问卷样本,基于车型定位、价格段、能源形式、公开车主口碑和公开用户画像报告拟定；仅用于产品Demo，不代表真实调研结果。,奥迪A6L公开车主口碑｜懂车帝,https://www.dongchedi.com/auto/series/score/99-x-S0-P107-x-x-x
S001-09,一汽奥迪,奥迪A6L,奥迪A6L,32.89-55.89万,40-50万,传统燃料；常规混合动力,轿车,中大型,5座,湖北省,2026-06-23,31-35岁,男,企业高管/企业主,30-50万,已婚一孩,5人及以上,是,是,无车,首购,无车,30-60万,已试驾,2周-1个月,企业/业务需求,配偶；子女,家庭兼商务；通勤代步；家庭品质升级,商务接待；周末短途,KOL评测；朋友/同事推荐；小红书/抖音内容,是,通勤舒适；可靠性；品牌认知,在意品牌形象和商务/社交场景认可度,竞品是否更强；后排空间是否够用,宝马5系；奔驰E级；奥迪A7L,倾向本品,待定,,受访者关注通勤舒适，主要用于商务接待；同时对竞品是否更强仍有疑问，决策中会对比宝马5系；奔驰E级；奥迪A7L。,先围绕商务接待场景切入，再把通勤舒适转化为可感知体验；对竞品是否更强需结合竞品对比和真实用车成本解释。,公开资料方向拟定/模拟问卷样本,基于车型定位、价格段、能源形式、公开车主口碑和公开用户画像报告拟定；仅用于产品Demo，不代表真实调研结果。,奥迪A6L公开车主口碑｜懂车帝,https://www.dongchedi.com/auto/series/score/99-x-S0-P107-x-x-x
S001-10,一汽奥迪,奥迪A6L,奥迪A6L,32.89-55.89万,40-50万,传统燃料；常规混合动力,轿车,中大型,5座,北京市,2026-06-07,41-45岁,男,中基层管理者,50-80万,已婚无孩,5人及以上,否,否,15-25万合资/自主车,换购,15-25万合资/自主车,30-60万,价格谈判,1-2个月,本人,车主评价；朋友/同事；配偶,通勤代步；空间升级,周末短途；商务接待,KOL评测；品牌直营店/4S店；懂车帝/汽车之家口碑,是,商务形象；乘坐舒适；品牌认知；品牌体面感,在意品牌形象和商务/社交场景认可度,价格是否值得；后排地台隆起；油耗是否偏高,宝马5系；奔驰E级,价格合适会买,待定,,受访者关注商务形象，主要用于周末短途；同时对价格是否值得仍有疑问，决策中会对比宝马5系；奔驰E级。,先围绕周末短途场景切入，再把商务形象转化为可感知体验；对价格是否值得需结合竞品对比和真实用车成本解释。,公开资料方向拟定/模拟问卷样本,基于车型定位、价格段、能源形式、公开车主口碑和公开用户画像报告拟定；仅用于产品Demo，不代表真实调研结果。,奥迪A6L公开车主口碑｜懂车帝,https://www.dongchedi.com/auto/series/score/99-x-S0-P107-x-x-x
S001-11,一汽奥迪,奥迪A6L,奥迪A6L,32.89-55.89万,40-50万,传统燃料；常规混合动力,轿车,中大型,5座,广东省,2026-08-28,36-40岁,女,企业高管/企业主,80-100万,已婚一孩,4人,是,否,家中已有燃油车,增购,家中已有燃油车,30-60万,已试驾,1-2个月,本人+配偶,子女；车主评价；KOL/博主,换新能源；通勤代步；家庭品质升级,家庭出行；周末短途,朋友/同事推荐；KOL评测；小红书/抖音内容,是,驾驶质感；静谧性；售后服务,希望在预算内获得更稳定的综合体验,后排空间是否够用；油耗是否偏高；售后维修成本,宝马5系；奔驰E级,倾向本品,待定,,受访者关注驾驶质感，主要用于家庭出行；同时对后排空间是否够用仍有疑问，决策中会对比宝马5系；奔驰E级。,先围绕家庭出行场景切入，再把驾驶质感转化为可感知体验；对后排空间是否够用需结合竞品对比和真实用车成本解释。,公开资料方向拟定/模拟问卷样本,基于车型定位、价格段、能源形式、公开车主口碑和公开用户画像报告拟定；仅用于产品Demo，不代表真实调研结果。,奥迪A6L公开车主口碑｜懂车帝,https://www.dongchedi.com/auto/series/score/99-x-S0-P107-x-x-x
S001-12,一汽奥迪,奥迪A6L,奥迪A6L,32.89-55.89万,40-50万,传统燃料；常规混合动力,轿车,中大型,5座,福建省,2026-07-06,31-35岁,女,私营业主/个体经营者,30-50万,商务/个人用车,3人,否,是,无车,首购,无车,30-60万,已试驾,2个月以上,本人,KOL/博主；销售顾问,换新能源；家庭兼商务；通勤代步,家庭出行；周末短途；商务接待,懂车帝/汽车之家口碑；KOL评测；品牌直营店/4S店,是,后排空间；保值率；通勤舒适；静谧性,希望在预算内获得更稳定的综合体验,后排地台隆起；售后维修成本；价格是否值得,宝马5系；奔驰E级；奥迪A7L,倾向本品,待定,,受访者关注后排空间，主要用于家庭出行；同时对后排地台隆起仍有疑问，决策中会对比宝马5系；奔驰E级；奥迪A7L。,先围绕家庭出行场景切入，再把后排空间转化为可感知体验；对后排地台隆起需结合竞品对比和真实用车成本解释。,公开资料方向拟定/模拟问卷样本,基于车型定位、价格段、能源形式、公开车主口碑和公开用户画像报告拟定；仅用于产品Demo，不代表真实调研结果。,奥迪A6L公开车主口碑｜懂车帝,https://www.dongchedi.com/auto/series/score/99-x-S0-P107-x-x-x
S001-13,一汽奥迪,奥迪A6L,奥迪A6L,32.89-55.89万,40-50万,传统燃料；常规混合动力,轿车,中大型,5座,广东省,2026-08-05,36-40岁,不便透露,中基层管理者,50-80万,商务/个人用车,1人,否,否,15-25万合资/自主车,换购,15-25万合资/自主车,30-60万,价格谈判,2周-1个月,本人+配偶,销售顾问；KOL/博主；车主评价,品牌升级；空间升级；家庭出行升级,城市通勤；家庭出行；商务接待,KOL评测；车主群/社群讨论；懂车帝/汽车之家口碑,是,空间舒适；静谧性；可靠性；安全性,希望兼顾家人乘坐和周末出行,价格是否值得；车机/智能化是否落后,宝马5系；奔驰E级,已下订,是,,受访者关注空间舒适，主要用于城市通勤；同时对价格是否值得仍有疑问，决策中会对比宝马5系；奔驰E级。,先围绕城市通勤场景切入，再把空间舒适转化为可感知体验；对价格是否值得需结合竞品对比和真实用车成本解释。,公开资料方向拟定/模拟问卷样本,基于车型定位、价格段、能源形式、公开车主口碑和公开用户画像报告拟定；仅用于产品Demo，不代表真实调研结果。,奥迪A6L公开车主口碑｜懂车帝,https://www.dongchedi.com/auto/series/score/99-x-S0-P107-x-x-x
S001-14,一汽奥迪,奥迪A6L,奥迪A6L,32.89-55.89万,40-50万,传统燃料；常规混合动力,轿车,中大型,5座,北京市,2026-07-10,41-45岁,女,中基层管理者,80-100万,已婚二孩及以上,1人,是,是,15-25万合资/自主车,换购,15-25万合资/自主车,30-60万,流失/转向竞品,1-2个月,企业/业务需求,配偶；KOL/博主,空间升级；家庭出行升级,周末短途；城市通勤；家庭出行,车主群/社群讨论；KOL评测；懂车帝/汽车之家口碑,否,保值率；驾驶质感；优惠力度；商务形象,希望在预算内获得更稳定的综合体验,后备厢空间；后排空间是否够用；价格是否值得,宝马5系；奔驰E级,转向竞品,否,补能/售后更方便,受访者关注保值率，主要用于周末短途；同时对后备厢空间仍有疑问，决策中会对比宝马5系；奔驰E级。,先围绕周末短途场景切入，再把保值率转化为可感知体验；对后备厢空间需结合竞品对比和真实用车成本解释。,公开资料方向拟定/模拟问卷样本,基于车型定位、价格段、能源形式、公开车主口碑和公开用户画像报告拟定；仅用于产品Demo，不代表真实调研结果。,奥迪A6L公开车主口碑｜懂车帝,https://www.dongchedi.com/auto/series/score/99-x-S0-P107-x-x-x
S001-15,一汽奥迪,奥迪A6L,奥迪A6L,32.89-55.89万,40-50万,传统燃料；常规混合动力,轿车,中大型,5座,安徽省,2026-06-27,36-40岁,不便透露,私营业主/个体经营者,80-100万,已婚一孩,3人,是,否,家中已有燃油车,增购,家中已有燃油车,30-60万,已试驾,2个月以上,本人,KOL/博主；父母,商务接待；家庭兼商务,家庭出行；城市通勤；周末短途,小红书/抖音内容；品牌直营店/4S店；懂车帝/汽车之家口碑,是,优惠力度；空间舒适；后排空间；安全性,希望兼顾家人乘坐和周末出行,配置性价比；保养维修费用；价格是否值得,宝马5系；奔驰E级；奥迪A7L,倾向本品,待定,,受访者关注优惠力度，主要用于家庭出行；同时对配置性价比仍有疑问，决策中会对比宝马5系；奔驰E级；奥迪A7L。,先围绕家庭出行场景切入，再把优惠力度转化为可感知体验；对配置性价比需结合竞品对比和真实用车成本解释。,公开资料方向拟定/模拟问卷样本,基于车型定位、价格段、能源形式、公开车主口碑和公开用户画像报告拟定；仅用于产品Demo，不代表真实调研结果。,奥迪A6L公开车主口碑｜懂车帝,https://www.dongchedi.com/auto/series/score/99-x-S0-P107-x-x-x
S001-16,一汽奥迪,奥迪A6L,奥迪A6L,32.89-55.89万,40-50万,传统燃料；常规混合动力,轿车,中大型,5座,北京市,2026-07-21,41-45岁,女,公务员/事业单位,80-100万,已婚二孩及以上,3人,是,是,15-25万合资/自主车,换购,15-25万合资/自主车,30-60万,对比评估,2周-1个月,企业/业务需求,配偶；父母；KOL/博主,品牌升级；家庭兼商务；换新能源,城市通勤；商务接待,小红书/抖音内容；KOL评测；品牌直营店/4S店,否,品牌体面感；乘坐舒适；售后服务；商务形象,在意品牌形象和商务/社交场景认可度,配置性价比；竞品是否更强,宝马5系；奔驰E级,倾向本品,待定,,受访者关注品牌体面感，主要用于城市通勤；同时对配置性价比仍有疑问，决策中会对比宝马5系；奔驰E级。,先围绕城市通勤场景切入，再把品牌体面感转化为可感知体验；对配置性价比需结合竞品对比和真实用车成本解释。,公开资料方向拟定/模拟问卷样本,基于车型定位、价格段、能源形式、公开车主口碑和公开用户画像报告拟定；仅用于产品Demo，不代表真实调研结果。,奥迪A6L公开车主口碑｜懂车帝,https://www.dongchedi.com/auto/series/score/99-x-S0-P107-x-x-x
S001-17,一汽奥迪,奥迪A6L,奥迪A6L,32.89-55.89万,40-50万,传统燃料；常规混合动力,轿车,中大型,5座,湖北省,2026-06-24,46岁以上,男,企业高管/企业主,50-80万,已婚一孩,3人,是,否,15-25万合资/自主车,换购,15-25万合资/自主车,30-60万,已购/用车复盘,1-2个月,本人+配偶,配偶；父母,通勤代步；空间升级；商务接待,商务接待；周末短途；城市通勤,朋友/同事推荐；小红书/抖音内容；懂车帝/汽车之家口碑,是,外观设计；品牌体面感；品牌认知,在意品牌形象和商务/社交场景认可度,车机/智能化是否落后；配置性价比,宝马5系；奔驰E级,继续比较,待定,,受访者关注外观设计，主要用于商务接待；同时对车机/智能化是否落后仍有疑问，决策中会对比宝马5系；奔驰E级。,先围绕商务接待场景切入，再把外观设计转化为可感知体验；对车机/智能化是否落后需结合竞品对比和真实用车成本解释。,公开资料方向拟定/模拟问卷样本,基于车型定位、价格段、能源形式、公开车主口碑和公开用户画像报告拟定；仅用于产品Demo，不代表真实调研结果。,奥迪A6L公开车主口碑｜懂车帝,https://www.dongchedi.com/auto/series/score/99-x-S0-P107-x-x-x
S001-18,一汽奥迪,奥迪A6L,奥迪A6L,32.89-55.89万,40-50万,传统燃料；常规混合动力,轿车,中大型,5座,安徽省,2026-07-27,36-40岁,男,公务员/事业单位,80-100万,商务/个人用车,2人,否,否,15-25万合资/自主车,换购,15-25万合资/自主车,30-60万,初步了解,1-2个月,本人,销售顾问；朋友/同事；KOL/博主,品牌升级；商务接待,商务接待；家庭出行,朋友/同事推荐；品牌直营店/4S店,是,乘坐舒适；后排空间；品牌认知,在意品牌形象和商务/社交场景认可度,保值率；底盘舒适性,宝马5系；奔驰E级；奥迪A7L,继续比较,待定,,受访者关注乘坐舒适，主要用于商务接待；同时对保值率仍有疑问，决策中会对比宝马5系；奔驰E级；奥迪A7L。,先围绕商务接待场景切入，再把乘坐舒适转化为可感知体验；对保值率需结合竞品对比和真实用车成本解释。,公开资料方向拟定/模拟问卷样本,基于车型定位、价格段、能源形式、公开车主口碑和公开用户画像报告拟定；仅用于产品Demo，不代表真实调研结果。,奥迪A6L公开车主口碑｜懂车帝,https://www.dongchedi.com/auto/series/score/99-x-S0-P107-x-x-x
S001-19,一汽奥迪,奥迪A6L,奥迪A6L,32.89-55.89万,40-50万,传统燃料；常规混合动力,轿车,中大型,5座,河南省,2026-07-17,36-40岁,女,金融/地产从业者,100万以上,已婚一孩,3人,是,否,15-25万合资/自主车,换购,15-25万合资/自主车,30-60万,对比评估,1-2个月,本人,车主评价；配偶；子女,商务接待；品牌升级,家庭出行；商务接待,朋友/同事推荐；KOL评测,是,静谧性；品牌体面感；空间舒适；安全性,希望兼顾家人乘坐和周末出行；在意品牌形象和商务/社交场景认可度,竞品是否更强；后备厢空间；后排地台隆起,宝马5系；奔驰E级,已下订,是,,受访者关注静谧性，主要用于家庭出行；同时对竞品是否更强仍有疑问，决策中会对比宝马5系；奔驰E级。,先围绕家庭出行场景切入，再把静谧性转化为可感知体验；对竞品是否更强需结合竞品对比和真实用车成本解释。,公开资料方向拟定/模拟问卷样本,基于车型定位、价格段、能源形式、公开车主口碑和公开用户画像报告拟定；仅用于产品Demo，不代表真实调研结果。,奥迪A6L公开车主口碑｜懂车帝,https://www.dongchedi.com/auto/series/score/99-x-S0-P107-x-x-x
S001-20,一汽奥迪,奥迪A6L,奥迪A6L,32.89-55.89万,40-50万,传统燃料；常规混合动力,轿车,中大型,5座,重庆市,2026-07-02,36-40岁,男,中基层管理者,50-80万,已婚一孩,3人,是,否,家中已有新能源车,增购,家中已有新能源车,30-60万,已购/用车复盘,1-2个月,本人+配偶,车主评价；配偶；KOL/博主,家庭兼商务；商务接待；家庭出行升级,商务接待；城市通勤；周末短途,车主群/社群讨论；品牌直营店/4S店,是,通勤舒适；驾驶质感；豪华感/质感；空间舒适,希望兼顾家人乘坐和周末出行,售后维修成本；配置性价比,宝马5系；奔驰E级,转向竞品,否,品牌认可度更高,受访者关注通勤舒适，主要用于商务接待；同时对售后维修成本仍有疑问，决策中会对比宝马5系；奔驰E级。,先围绕商务接待场景切入，再把通勤舒适转化为可感知体验；对售后维修成本需结合竞品对比和真实用车成本解释。,公开资料方向拟定/模拟问卷样本,基于车型定位、价格段、能源形式、公开车主口碑和公开用户画像报告拟定；仅用于产品Demo，不代表真实调研结果。,奥迪A6L公开车主口碑｜懂车帝,https://www.dongchedi.com/auto/series/score/99-x-S0-P107-x-x-x
S002-01,上汽通用五菱,星光L,星光L,11.28-13.58万,10-20万,常规混合动力,SUV,中大型,6座,上海市,2026-08-10,36-40岁,男,企业职员,10-20万,已婚二孩及以上,4人,是,是,无车,首购,无车,10-20万,对比评估,2个月以上,父母参与,KOL/博主；父母；子女,通勤代步；商务接待,家庭出行；长途自驾；周末短途,朋友/同事推荐；品牌直营店/4S店；KOL评测,是,保值率；售后服务；第三排/多人乘坐,希望在预算内获得更稳定的综合体验,车身尺寸是否好开；竞品是否更强,小鹏MONA L03；元UP,已下订,是,,受访者关注保值率，主要用于家庭出行；同时对车身尺寸是否好开仍有疑问，决策中会对比小鹏MONA L03；元UP。,先围绕家庭出行场景切入，再把保值率转化为可感知体验；对车身尺寸是否好开需结合竞品对比和真实用车成本解释。,公开资料方向拟定/模拟问卷样本,基于车型定位、价格段、能源形式、公开车主口碑和公开用户画像报告拟定；仅用于产品Demo，不代表真实调研结果。,2024增换购用户需求洞察｜汽车之家研究院,https://www.autohome.com.cn/news/202409/1300865.html
S002-02,上汽通用五菱,星光L,星光L,11.28-13.58万,10-20万,常规混合动力,SUV,中大型,6座,福建省,2026-08-06,26-30岁,女,公务员/事业单位,20-30万,已婚二孩及以上,1人,是,否,15-25万合资/自主车,换购,15-25万合资/自主车,10-20万,价格谈判,2周-1个月,本人+配偶,父母；车主评价,空间升级；家庭出行升级,长途自驾；周末短途,朋友/同事推荐；品牌直营店/4S店,是,价格权益；可靠性；品牌认知；售后服务,在意品牌形象和商务/社交场景认可度；希望同预算下配置和权益更划算,油耗是否偏高；竞品是否更强；价格是否值得,元UP；长安启源Q05,倾向本品,待定,,受访者关注价格权益，主要用于长途自驾；同时对油耗是否偏高仍有疑问，决策中会对比元UP；长安启源Q05。,先围绕长途自驾场景切入，再把价格权益转化为可感知体验；对油耗是否偏高需结合竞品对比和真实用车成本解释。,公开资料方向拟定/模拟问卷样本,基于车型定位、价格段、能源形式、公开车主口碑和公开用户画像报告拟定；仅用于产品Demo，不代表真实调研结果。,2024增换购用户需求洞察｜汽车之家研究院,https://www.autohome.com.cn/news/202409/1300865.html
S002-03,上汽通用五菱,星光L,星光L,11.28-13.58万,10-20万,常规混合动力,SUV,中大型,6座,湖北省,2026-06-08,31-35岁,男,互联网/科技从业者,30-50万,已婚二孩及以上,3人,是,否,15-25万合资/自主车,换购,15-25万合资/自主车,10-20万,已购/用车复盘,1-2个月,家庭共同决策,父母；配偶；子女,换新能源；通勤代步,城市通勤；长途自驾；周末短途,朋友/同事推荐；KOL评测；懂车帝/汽车之家口碑,是,可靠性；售后服务；驾驶质感；保值率,希望在预算内获得更稳定的综合体验,保值率；第三排舒适性,长安启源Q05；小鹏MONA L03；元UP,已下订,是,,受访者关注可靠性，主要用于城市通勤；同时对保值率仍有疑问，决策中会对比长安启源Q05；小鹏MONA L03；元UP。,先围绕城市通勤场景切入，再把可靠性转化为可感知体验；对保值率需结合竞品对比和真实用车成本解释。,公开资料方向拟定/模拟问卷样本,基于车型定位、价格段、能源形式、公开车主口碑和公开用户画像报告拟定；仅用于产品Demo，不代表真实调研结果。,2024增换购用户需求洞察｜汽车之家研究院,https://www.autohome.com.cn/news/202409/1300865.html
S002-04,上汽通用五菱,星光L,星光L,11.28-13.58万,10-20万,常规混合动力,SUV,中大型,6座,湖南省,2026-07-26,31-35岁,女,企业职员,30-50万,已婚一孩,1人,是,否,无车,首购,无车,10-20万,已购/用车复盘,2周-1个月,家庭共同决策,子女；父母；车主评价,通勤代步；商务接待,城市通勤；周末短途；长途自驾,KOL评测；品牌直营店/4S店,否,保值率；价格权益；安全性,希望同预算下配置和权益更划算,保值率；售后维修成本,小鹏MONA L03；元UP,价格合适会买,待定,,受访者关注保值率，主要用于城市通勤；同时对保值率仍有疑问，决策中会对比小鹏MONA L03；元UP。,先围绕城市通勤场景切入，再把保值率转化为可感知体验；对保值率需结合竞品对比和真实用车成本解释。,公开资料方向拟定/模拟问卷样本,基于车型定位、价格段、能源形式、公开车主口碑和公开用户画像报告拟定；仅用于产品Demo，不代表真实调研结果。,2024增换购用户需求洞察｜汽车之家研究院,https://www.autohome.com.cn/news/202409/1300865.html
S002-05,上汽通用五菱,星光L,星光L,11.28-13.58万,10-20万,常规混合动力,SUV,中大型,6座,安徽省,2026-07-12,26-30岁,男,企业职员,20-30万,已婚一孩,1人,是,否,家中已有燃油车,增购,家中已有燃油车,10-20万,初步了解,1-2周,本人+配偶,父母；配偶；车主评价,商务接待；换新能源；品牌升级,接送孩子；城市通勤；多成员家庭出行,朋友/同事推荐；小红书/抖音内容,否,可靠性；价格权益；驾驶质感；安全性,希望同预算下配置和权益更划算,保值率；价格是否值得；售后维修成本,元UP；长安启源Q05,价格合适会买,待定,,受访者关注可靠性，主要用于接送孩子；同时对保值率仍有疑问，决策中会对比元UP；长安启源Q05。,先围绕接送孩子场景切入，再把可靠性转化为可感知体验；对保值率需结合竞品对比和真实用车成本解释。,公开资料方向拟定/模拟问卷样本,基于车型定位、价格段、能源形式、公开车主口碑和公开用户画像报告拟定；仅用于产品Demo，不代表真实调研结果。,2024增换购用户需求洞察｜汽车之家研究院,https://www.autohome.com.cn/news/202409/1300865.html
S002-06,上汽通用五菱,星光L,星光L,11.28-13.58万,10-20万,常规混合动力,SUV,中大型,6座,重庆市,2026-07-05,36-40岁,女,企业职员,20-30万,已婚无孩,3人,否,否,无车,首购,无车,10-20万,已购/用车复盘,1-2个月,本人+配偶,配偶；KOL/博主；朋友/同事,通勤代步；品牌升级；换新能源,多成员家庭出行；接送孩子；长途自驾,车主群/社群讨论；KOL评测；品牌直营店/4S店,是,空间舒适；可靠性；保值率；驾驶质感,希望兼顾家人乘坐和周末出行,保养维修费用；价格是否值得；油耗是否偏高,长安启源Q05；小鹏MONA L03；元UP,倾向本品,待定,,受访者关注空间舒适，主要用于多成员家庭出行；同时对保养维修费用仍有疑问，决策中会对比长安启源Q05；小鹏MONA L03；元UP。,先围绕多成员家庭出行场景切入，再把空间舒适转化为可感知体验；对保养维修费用需结合竞品对比和真实用车成本解释。,公开资料方向拟定/模拟问卷样本,基于车型定位、价格段、能源形式、公开车主口碑和公开用户画像报告拟定；仅用于产品Demo，不代表真实调研结果。,2024增换购用户需求洞察｜汽车之家研究院,https://www.autohome.com.cn/news/202409/1300865.html
S002-07,上汽通用五菱,星光L,星光L,11.28-13.58万,10-20万,常规混合动力,SUV,中大型,6座,山东省,2026-08-17,31-35岁,不便透露,公务员/事业单位,20-30万,已婚二孩及以上,4人,是,是,无车,首购,无车,10-20万,初步了解,2周-1个月,家庭共同决策,子女；父母；车主评价,商务接待；家庭出行升级,周末短途；长途自驾,小红书/抖音内容；车主群/社群讨论,是,驾驶质感；品牌认知；可靠性；家庭适配,希望兼顾家人乘坐和周末出行；在意品牌形象和商务/社交场景认可度,车身尺寸是否好开；价格是否值得；竞品是否更强,小鹏MONA L03；元UP,已下订,是,,受访者关注驾驶质感，主要用于周末短途；同时对车身尺寸是否好开仍有疑问，决策中会对比小鹏MONA L03；元UP。,先围绕周末短途场景切入，再把驾驶质感转化为可感知体验；对车身尺寸是否好开需结合竞品对比和真实用车成本解释。,公开资料方向拟定/模拟问卷样本,基于车型定位、价格段、能源形式、公开车主口碑和公开用户画像报告拟定；仅用于产品Demo，不代表真实调研结果。,2024增换购用户需求洞察｜汽车之家研究院,https://www.autohome.com.cn/news/202409/1300865.html
S002-08,上汽通用五菱,星光L,星光L,11.28-13.58万,10-20万,常规混合动力,SUV,中大型,6座,江苏省,2026-06-15,31-35岁,女,中基层管理者,20-30万,三代同堂,3人,是,是,无车,首购,无车,10-20万,价格谈判,1-2个月,本人+配偶,父母；子女；车主评价,品牌升级；商务接待；家庭出行升级,接送孩子；家庭出行,KOL评测；懂车帝/汽车之家口碑,是,可靠性；安全性；售后服务,希望在预算内获得更稳定的综合体验,第三排舒适性；保养维修费用；车机/智能化是否落后,元UP；长安启源Q05,价格合适会买,待定,,受访者关注可靠性，主要用于接送孩子；同时对第三排舒适性仍有疑问，决策中会对比元UP；长安启源Q05。,先围绕接送孩子场景切入，再把可靠性转化为可感知体验；对第三排舒适性需结合竞品对比和真实用车成本解释。,公开资料方向拟定/模拟问卷样本,基于车型定位、价格段、能源形式、公开车主口碑和公开用户画像报告拟定；仅用于产品Demo，不代表真实调研结果。,2024增换购用户需求洞察｜汽车之家研究院,https://www.autohome.com.cn/news/202409/1300865.html
S003-01,特斯拉,Model Y,Model Y,26.35-31.35万,20-30万,纯电动,SUV,中型,5座,广东省,2026-07-01,36-40岁,男,互联网/科技从业者,30-50万,已婚一孩,3人,是,否,15-25万合资/自主车,换购,15-25万合资/自主车,20-40万,初步了解,2周-1个月,本人+配偶,父母；配偶；KOL/博主,低成本出行；家庭出行升级,家庭出行；周末短途,品牌直营店/4S店；KOL评测；车主群/社群讨论,是,价格权益；低使用成本；安全性；空间舒适,希望兼顾家人乘坐和周末出行；希望同预算下配置和权益更划算,续航达成率；价格是否值得；智能化是否稳定,小米SU7；理想L6,倾向本品,待定,,受访者关注价格权益，主要用于家庭出行；同时对续航达成率仍有疑问，决策中会对比小米SU7；理想L6。,先围绕家庭出行场景切入，再把价格权益转化为可感知体验；对续航达成率需结合竞品对比和真实用车成本解释。,公开资料方向拟定/模拟问卷样本,基于车型定位、价格段、能源形式、公开车主口碑和公开用户画像报告拟定；仅用于产品Demo，不代表真实调研结果。,2024增换购用户需求洞察｜汽车之家研究院,https://www.autohome.com.cn/news/202409/1300865.html
S003-02,特斯拉,Model Y,Model Y,26.35-31.35万,20-30万,纯电动,SUV,中型,5座,湖北省,2026-07-21,26-30岁,女,中基层管理者,20-30万,已婚二孩及以上,3人,是,是,无车,首购,无车,20-40万,对比评估,2周-1个月,本人+配偶,配偶；父母；子女,智能化体验；通勤代步,充电便利场景；周末短途；家庭出行,车主群/社群讨论；朋友/同事推荐,是,智能座舱；外观设计；安全性,希望在预算内获得更稳定的综合体验,竞品是否更强；售后维修成本,小米SU7；理想L6,继续比较,待定,,受访者关注智能座舱，主要用于充电便利场景；同时对竞品是否更强仍有疑问，决策中会对比小米SU7；理想L6。,先围绕充电便利场景场景切入，再把智能座舱转化为可感知体验；对竞品是否更强需结合竞品对比和真实用车成本解释。,公开资料方向拟定/模拟问卷样本,基于车型定位、价格段、能源形式、公开车主口碑和公开用户画像报告拟定；仅用于产品Demo，不代表真实调研结果。,2024增换购用户需求洞察｜汽车之家研究院,https://www.autohome.com.cn/news/202409/1300865.html
S003-03,特斯拉,Model Y,Model Y,26.35-31.35万,20-30万,纯电动,SUV,中型,5座,浙江省,2026-07-20,31-35岁,男,企业职员,30-50万,已婚一孩,3人,是,否,无车,首购,无车,20-40万,初步了解,2周-1个月,家庭共同决策,父母；车主评价,家庭出行升级；低成本出行；换新能源,城市通勤；周末短途；家庭出行,品牌直营店/4S店；朋友/同事推荐；懂车帝/汽车之家口碑,是,外观设计；低使用成本；安全性；保值率,希望在预算内获得更稳定的综合体验,价格是否值得；智能化是否稳定,小米SU7；理想L6；问界M6,已下订,是,,受访者关注外观设计，主要用于城市通勤；同时对价格是否值得仍有疑问，决策中会对比小米SU7；理想L6；问界M6。,先围绕城市通勤场景切入，再把外观设计转化为可感知体验；对价格是否值得需结合竞品对比和真实用车成本解释。,公开资料方向拟定/模拟问卷样本,基于车型定位、价格段、能源形式、公开车主口碑和公开用户画像报告拟定；仅用于产品Demo，不代表真实调研结果。,2024增换购用户需求洞察｜汽车之家研究院,https://www.autohome.com.cn/news/202409/1300865.html
S003-04,特斯拉,Model Y,Model Y,26.35-31.35万,20-30万,纯电动,SUV,中型,5座,陕西省,2026-08-16,26-30岁,女,企业职员,50-80万,恋爱/情侣同住,3人,否,否,15-25万合资/自主车,换购,15-25万合资/自主车,20-40万,已购/用车复盘,1-2个月,本人+配偶,KOL/博主；朋友/同事,通勤代步；换新能源,城市通勤；家庭出行,懂车帝/汽车之家口碑；KOL评测；品牌直营店/4S店,是,外观设计；安全性；售后服务,希望在预算内获得更稳定的综合体验,价格是否值得；竞品是否更强,小米SU7；理想L6,倾向本品,待定,,受访者关注外观设计，主要用于城市通勤；同时对价格是否值得仍有疑问，决策中会对比小米SU7；理想L6。,先围绕城市通勤场景切入，再把外观设计转化为可感知体验；对价格是否值得需结合竞品对比和真实用车成本解释。,公开资料方向拟定/模拟问卷样本,基于车型定位、价格段、能源形式、公开车主口碑和公开用户画像报告拟定；仅用于产品Demo，不代表真实调研结果。,2024增换购用户需求洞察｜汽车之家研究院,https://www.autohome.com.cn/news/202409/1300865.html
S003-05,特斯拉,Model Y,Model Y,26.35-31.35万,20-30万,纯电动,SUV,中型,5座,上海市,2026-06-12,36-40岁,男,企业职员,30-50万,已婚一孩,3人,是,否,家中已有燃油车,增购,家中已有燃油车,20-40万,价格谈判,2周-1个月,家庭共同决策,父母；配偶；子女,家庭出行升级；智能化体验；空间升级,周末短途；城市通勤；家庭出行,朋友/同事推荐；小红书/抖音内容；车主群/社群讨论,是,智能座舱；售后服务；安全性；保值率,希望在预算内获得更稳定的综合体验,价格是否值得；售后网络是否成熟,小米SU7；理想L6,已购,是,,受访者关注智能座舱，主要用于周末短途；同时对价格是否值得仍有疑问，决策中会对比小米SU7；理想L6。,先围绕周末短途场景切入，再把智能座舱转化为可感知体验；对价格是否值得需结合竞品对比和真实用车成本解释。,公开资料方向拟定/模拟问卷样本,基于车型定位、价格段、能源形式、公开车主口碑和公开用户画像报告拟定；仅用于产品Demo，不代表真实调研结果。,2024增换购用户需求洞察｜汽车之家研究院,https://www.autohome.com.cn/news/202409/1300865.html
S003-06,特斯拉,Model Y,Model Y,26.35-31.35万,20-30万,纯电动,SUV,中型,5座,浙江省,2026-07-23,31-35岁,男,互联网/科技从业者,30-50万,已婚无孩,2人,否,否,无车,首购,无车,20-40万,对比评估,2周-1个月,本人,KOL/博主；车主评价,空间升级；通勤代步,城市通勤；周末短途,小红书/抖音内容；KOL评测,是,售后服务；智能驾驶；空间舒适；价格权益,希望兼顾家人乘坐和周末出行；希望降低通勤和长途驾驶压力；希望同预算下配置和权益更划算,保值率；补能是否方便,小米SU7；理想L6；问界M6,倾向本品,待定,,受访者关注售后服务，主要用于城市通勤；同时对保值率仍有疑问，决策中会对比小米SU7；理想L6；问界M6。,先围绕城市通勤场景切入，再把售后服务转化为可感知体验；对保值率需结合竞品对比和真实用车成本解释。,公开资料方向拟定/模拟问卷样本,基于车型定位、价格段、能源形式、公开车主口碑和公开用户画像报告拟定；仅用于产品Demo，不代表真实调研结果。,2024增换购用户需求洞察｜汽车之家研究院,https://www.autohome.com.cn/news/202409/1300865.html
S003-07,特斯拉,Model Y,Model Y,26.35-31.35万,20-30万,纯电动,SUV,中型,5座,北京市,2026-06-10,36-40岁,不便透露,企业职员,20-30万,恋爱/情侣同住,2人,否,否,无车,首购,无车,20-40万,已购/用车复盘,2周-1个月,本人,朋友/同事；配偶；KOL/博主,通勤代步；空间升级,充电便利场景；周末短途；家庭出行,品牌直营店/4S店；KOL评测,是,外观设计；保值率；智能驾驶；智能座舱,希望降低通勤和长途驾驶压力,智能化是否稳定；售后网络是否成熟,小米SU7；理想L6,转向竞品,否,竞品智驾更强,受访者关注外观设计，主要用于充电便利场景；同时对智能化是否稳定仍有疑问，决策中会对比小米SU7；理想L6。,先围绕充电便利场景场景切入，再把外观设计转化为可感知体验；对智能化是否稳定需结合竞品对比和真实用车成本解释。,公开资料方向拟定/模拟问卷样本,基于车型定位、价格段、能源形式、公开车主口碑和公开用户画像报告拟定；仅用于产品Demo，不代表真实调研结果。,2024增换购用户需求洞察｜汽车之家研究院,https://www.autohome.com.cn/news/202409/1300865.html
S003-08,特斯拉,Model Y,Model Y,26.35-31.35万,20-30万,纯电动,SUV,中型,5座,福建省,2026-07-05,26-30岁,不便透露,中基层管理者,20-30万,已婚无孩,2人,否,否,15-25万合资/自主车,换购,15-25万合资/自主车,20-40万,对比评估,2个月以上,本人,KOL/博主；配偶；车主评价,智能化体验；空间升级,家庭出行；周末短途；城市通勤,车主群/社群讨论；小红书/抖音内容,是,保值率；低使用成本；售后服务；空间舒适,希望兼顾家人乘坐和周末出行,智能化是否稳定；竞品是否更强；价格是否值得,小米SU7；理想L6,继续比较,待定,,受访者关注保值率，主要用于家庭出行；同时对智能化是否稳定仍有疑问，决策中会对比小米SU7；理想L6。,先围绕家庭出行场景切入，再把保值率转化为可感知体验；对智能化是否稳定需结合竞品对比和真实用车成本解释。,公开资料方向拟定/模拟问卷样本,基于车型定位、价格段、能源形式、公开车主口碑和公开用户画像报告拟定；仅用于产品Demo，不代表真实调研结果。,2024增换购用户需求洞察｜汽车之家研究院,https://www.autohome.com.cn/news/202409/1300865.html
S004-01,方程豹,钛7,钛7,17.98-23.98万,20-30万,插电式混合动力；纯电动,SUV,中型,5座,重庆市,2026-08-24,31-35岁,女,企业职员,30-50万,已婚一孩,2人,是,是,无车,首购,无车,10-30万,对比评估,1-2个月,家庭共同决策,车主评价；父母,空间升级；低成本出行；品牌升级,家庭出行；充电便利场景,懂车帝/汽车之家口碑；KOL评测；品牌直营店/4S店,是,智能驾驶；驾驶质感；保值率,希望降低通勤和长途驾驶压力,保养维修费用；智能化是否稳定,日产NX8；问界M6,继续比较,待定,,受访者关注智能驾驶，主要用于家庭出行；同时对保养维修费用仍有疑问，决策中会对比日产NX8；问界M6。,先围绕家庭出行场景切入，再把智能驾驶转化为可感知体验；对保养维修费用需结合竞品对比和真实用车成本解释。,公开资料方向拟定/模拟问卷样本,基于车型定位、价格段、能源形式、公开车主口碑和公开用户画像报告拟定；仅用于产品Demo，不代表真实调研结果。,2024增换购用户需求洞察｜汽车之家研究院,https://www.autohome.com.cn/news/202409/1300865.html
S004-02,方程豹,钛7,钛7,17.98-23.98万,20-30万,插电式混合动力；纯电动,SUV,中型,5座,湖南省,2026-06-28,36-40岁,男,企业职员,30-50万,已婚无孩,3人,否,否,家中已有新能源车,增购,家中已有新能源车,10-30万,价格谈判,1-2个月,本人+配偶,KOL/博主；朋友/同事；车主评价,空间升级；换新能源,城市通勤；家庭出行,小红书/抖音内容；车主群/社群讨论；KOL评测,是,保值率；价格权益；品牌认知；可靠性,在意品牌形象和商务/社交场景认可度；希望同预算下配置和权益更划算,智能化是否稳定；补能是否方便；保值率,问界M6；RAV4荣放,倾向本品,待定,,受访者关注保值率，主要用于城市通勤；同时对智能化是否稳定仍有疑问，决策中会对比问界M6；RAV4荣放。,先围绕城市通勤场景切入，再把保值率转化为可感知体验；对智能化是否稳定需结合竞品对比和真实用车成本解释。,公开资料方向拟定/模拟问卷样本,基于车型定位、价格段、能源形式、公开车主口碑和公开用户画像报告拟定；仅用于产品Demo，不代表真实调研结果。,2024增换购用户需求洞察｜汽车之家研究院,https://www.autohome.com.cn/news/202409/1300865.html
S004-03,方程豹,钛7,钛7,17.98-23.98万,20-30万,插电式混合动力；纯电动,SUV,中型,5座,河南省,2026-07-14,31-35岁,男,互联网/科技从业者,50-80万,恋爱/情侣同住,1人,否,否,家中已有燃油车,增购,家中已有燃油车,10-30万,对比评估,2周-1个月,本人+配偶,车主评价；配偶；朋友/同事,智能化体验；低成本出行；商务接待,家庭出行；周末短途；充电便利场景,朋友/同事推荐；懂车帝/汽车之家口碑,否,安全性；品牌认知；售后服务,在意品牌形象和商务/社交场景认可度,保养维修费用；竞品是否更强,RAV4荣放；坦克300；华境S,倾向本品,待定,,受访者关注安全性，主要用于家庭出行；同时对保养维修费用仍有疑问，决策中会对比RAV4荣放；坦克300；华境S。,先围绕家庭出行场景切入，再把安全性转化为可感知体验；对保养维修费用需结合竞品对比和真实用车成本解释。,公开资料方向拟定/模拟问卷样本,基于车型定位、价格段、能源形式、公开车主口碑和公开用户画像报告拟定；仅用于产品Demo，不代表真实调研结果。,2024增换购用户需求洞察｜汽车之家研究院,https://www.autohome.com.cn/news/202409/1300865.html
S004-04,方程豹,钛7,钛7,17.98-23.98万,20-30万,插电式混合动力；纯电动,SUV,中型,5座,福建省,2026-07-27,31-35岁,男,企业职员,30-50万,恋爱/情侣同住,1人,否,否,家中已有新能源车,增购,家中已有新能源车,10-30万,流失/转向竞品,1-2周,本人+配偶,配偶；车主评价,空间升级；低成本出行；通勤代步,城市通勤；家庭出行；周末短途,车主群/社群讨论；朋友/同事推荐；品牌直营店/4S店,是,售后服务；外观设计；可靠性,希望在预算内获得更稳定的综合体验,售后网络是否成熟；保值率；车机/智能化是否落后,坦克300；华境S,继续比较,待定,,受访者关注售后服务，主要用于城市通勤；同时对售后网络是否成熟仍有疑问，决策中会对比坦克300；华境S。,先围绕城市通勤场景切入，再把售后服务转化为可感知体验；对售后网络是否成熟需结合竞品对比和真实用车成本解释。,公开资料方向拟定/模拟问卷样本,基于车型定位、价格段、能源形式、公开车主口碑和公开用户画像报告拟定；仅用于产品Demo，不代表真实调研结果。,2024增换购用户需求洞察｜汽车之家研究院,https://www.autohome.com.cn/news/202409/1300865.html
S004-05,方程豹,钛7,钛7,17.98-23.98万,20-30万,插电式混合动力；纯电动,SUV,中型,5座,湖南省,2026-06-07,36-40岁,男,互联网/科技从业者,20-30万,已婚一孩,3人,是,否,15-25万合资/自主车,换购,15-25万合资/自主车,10-30万,已试驾,2周-1个月,本人+配偶,子女；配偶；车主评价,低成本出行；品牌升级；商务接待,城市通勤；充电便利场景,车主群/社群讨论；KOL评测；品牌直营店/4S店,否,驾驶质感；售后服务；空间舒适,希望兼顾家人乘坐和周末出行,竞品是否更强；保值率；售后网络是否成熟,华境S；日产NX8,继续比较,待定,,受访者关注驾驶质感，主要用于城市通勤；同时对竞品是否更强仍有疑问，决策中会对比华境S；日产NX8。,先围绕城市通勤场景切入，再把驾驶质感转化为可感知体验；对竞品是否更强需结合竞品对比和真实用车成本解释。,公开资料方向拟定/模拟问卷样本,基于车型定位、价格段、能源形式、公开车主口碑和公开用户画像报告拟定；仅用于产品Demo，不代表真实调研结果。,2024增换购用户需求洞察｜汽车之家研究院,https://www.autohome.com.cn/news/202409/1300865.html
S004-06,方程豹,钛7,钛7,17.98-23.98万,20-30万,插电式混合动力；纯电动,SUV,中型,5座,山东省,2026-07-16,26-30岁,女,中基层管理者,30-50万,已婚二孩及以上,3人,是,否,家中已有新能源车,增购,家中已有新能源车,10-30万,已购/用车复盘,1-2个月,本人,子女；父母；KOL/博主,家庭出行升级；商务接待,城市通勤；充电便利场景,朋友/同事推荐；小红书/抖音内容,是,低使用成本；售后服务；驾驶质感；保值率,希望在预算内获得更稳定的综合体验,价格是否值得；补能是否方便；续航达成率,日产NX8；问界M6；RAV4荣放,转向竞品,否,竞品智驾更强,受访者关注低使用成本，主要用于城市通勤；同时对价格是否值得仍有疑问，决策中会对比日产NX8；问界M6；RAV4荣放。,先围绕城市通勤场景切入，再把低使用成本转化为可感知体验；对价格是否值得需结合竞品对比和真实用车成本解释。,公开资料方向拟定/模拟问卷样本,基于车型定位、价格段、能源形式、公开车主口碑和公开用户画像报告拟定；仅用于产品Demo，不代表真实调研结果。,2024增换购用户需求洞察｜汽车之家研究院,https://www.autohome.com.cn/news/202409/1300865.html
S004-07,方程豹,钛7,钛7,17.98-23.98万,20-30万,插电式混合动力；纯电动,SUV,中型,5座,湖北省,2026-08-15,36-40岁,女,互联网/科技从业者,20-30万,已婚一孩,2人,是,是,无车,首购,无车,10-30万,流失/转向竞品,1-2个月,家庭共同决策,KOL/博主；配偶；父母,空间升级；家庭出行升级；商务接待,家庭出行；周末短途；城市通勤,品牌直营店/4S店；朋友/同事推荐；KOL评测,是,可靠性；智能座舱；外观设计；保值率,希望在预算内获得更稳定的综合体验,价格是否值得；保值率,问界M6；RAV4荣放,已购,是,,受访者关注可靠性，主要用于家庭出行；同时对价格是否值得仍有疑问，决策中会对比问界M6；RAV4荣放。,先围绕家庭出行场景切入，再把可靠性转化为可感知体验；对价格是否值得需结合竞品对比和真实用车成本解释。,公开资料方向拟定/模拟问卷样本,基于车型定位、价格段、能源形式、公开车主口碑和公开用户画像报告拟定；仅用于产品Demo，不代表真实调研结果。,2024增换购用户需求洞察｜汽车之家研究院,https://www.autohome.com.cn/news/202409/1300865.html
S004-08,方程豹,钛7,钛7,17.98-23.98万,20-30万,插电式混合动力；纯电动,SUV,中型,5座,山东省,2026-08-05,36-40岁,男,中基层管理者,30-50万,已婚一孩,2人,是,否,无车,首购,无车,10-30万,对比评估,1-2个月,本人,KOL/博主；车主评价；配偶,换新能源；通勤代步；智能化体验,周末短途；城市通勤；充电便利场景,品牌直营店/4S店；KOL评测；车主群/社群讨论,是,低使用成本；可靠性；安全性,希望在预算内获得更稳定的综合体验,竞品是否更强；保养维修费用；价格是否值得,RAV4荣放；坦克300,倾向本品,待定,,受访者关注低使用成本，主要用于周末短途；同时对竞品是否更强仍有疑问，决策中会对比RAV4荣放；坦克300。,先围绕周末短途场景切入，再把低使用成本转化为可感知体验；对竞品是否更强需结合竞品对比和真实用车成本解释。,公开资料方向拟定/模拟问卷样本,基于车型定位、价格段、能源形式、公开车主口碑和公开用户画像报告拟定；仅用于产品Demo，不代表真实调研结果。,2024增换购用户需求洞察｜汽车之家研究院,https://www.autohome.com.cn/news/202409/1300865.html
S005-01,比亚迪,大唐,大唐,23.99-30.99万,20-30万,纯电动,SUV,大型,7座,四川省,2026-07-18,26-30岁,女,中基层管理者,50-80万,已婚一孩,2人,是,否,无车,首购,无车,20-40万,已购/用车复盘,2周-1个月,家庭共同决策,子女；车主评价,换新能源；空间升级,多成员家庭出行；充电便利场景；长途自驾,品牌直营店/4S店；KOL评测；朋友/同事推荐,否,第三排/多人乘坐；外观设计；智能驾驶；家庭适配,希望兼顾家人乘坐和周末出行；希望降低通勤和长途驾驶压力,停车便利性；第三排舒适性；售后维修成本,问界M6；Model Y,转向竞品,否,竞品智驾更强,受访者关注第三排/多人乘坐，主要用于多成员家庭出行；同时对停车便利性仍有疑问，决策中会对比问界M6；Model Y。,先围绕多成员家庭出行场景切入，再把第三排/多人乘坐转化为可感知体验；对停车便利性需结合竞品对比和真实用车成本解释。,公开资料方向拟定/模拟问卷样本,基于车型定位、价格段、能源形式、公开车主口碑和公开用户画像报告拟定；仅用于产品Demo，不代表真实调研结果。,2024增换购用户需求洞察｜汽车之家研究院,https://www.autohome.com.cn/news/202409/1300865.html
S005-02,比亚迪,大唐,大唐,23.99-30.99万,20-30万,纯电动,SUV,大型,7座,江苏省,2026-07-17,26-30岁,男,中基层管理者,30-50万,已婚二孩及以上,5人及以上,是,否,15-25万合资/自主车,换购,15-25万合资/自主车,20-40万,对比评估,1-2个月,本人+配偶,KOL/博主；车主评价；子女,通勤代步；家庭出行升级；换新能源,周末短途；多成员家庭出行；接送孩子,懂车帝/汽车之家口碑；KOL评测,是,家庭适配；售后服务；智能驾驶,希望兼顾家人乘坐和周末出行；希望降低通勤和长途驾驶压力,补能是否方便；竞品是否更强,Model Y；汉兰达,倾向本品,待定,,受访者关注家庭适配，主要用于周末短途；同时对补能是否方便仍有疑问，决策中会对比Model Y；汉兰达。,先围绕周末短途场景切入，再把家庭适配转化为可感知体验；对补能是否方便需结合竞品对比和真实用车成本解释。,公开资料方向拟定/模拟问卷样本,基于车型定位、价格段、能源形式、公开车主口碑和公开用户画像报告拟定；仅用于产品Demo，不代表真实调研结果。,2024增换购用户需求洞察｜汽车之家研究院,https://www.autohome.com.cn/news/202409/1300865.html
S005-03,比亚迪,大唐,大唐,23.99-30.99万,20-30万,纯电动,SUV,大型,7座,山东省,2026-08-08,36-40岁,不便透露,中基层管理者,50-80万,三代同堂,2人,是,是,家中已有燃油车,增购,家中已有燃油车,20-40万,对比评估,1-2个月,家庭共同决策,父母；配偶,通勤代步；家庭出行升级；智能化体验,充电便利场景；周末短途；城市通勤,车主群/社群讨论；小红书/抖音内容；懂车帝/汽车之家口碑,是,智能座舱；保值率；售后服务；价格权益,希望同预算下配置和权益更划算,智能化是否稳定；保值率,汉兰达；理想i6；奥迪Q5L,转向竞品,否,竞品价格更低,受访者关注智能座舱，主要用于充电便利场景；同时对智能化是否稳定仍有疑问，决策中会对比汉兰达；理想i6；奥迪Q5L。,先围绕充电便利场景场景切入，再把智能座舱转化为可感知体验；对智能化是否稳定需结合竞品对比和真实用车成本解释。,公开资料方向拟定/模拟问卷样本,基于车型定位、价格段、能源形式、公开车主口碑和公开用户画像报告拟定；仅用于产品Demo，不代表真实调研结果。,2024增换购用户需求洞察｜汽车之家研究院,https://www.autohome.com.cn/news/202409/1300865.html
S005-04,比亚迪,大唐,大唐,23.99-30.99万,20-30万,纯电动,SUV,大型,7座,浙江省,2026-07-02,36-40岁,女,中基层管理者,30-50万,已婚一孩,2人,是,否,家中已有新能源车,增购,家中已有新能源车,20-40万,已试驾,2个月以上,家庭共同决策,父母；配偶；KOL/博主,换新能源；智能化体验；通勤代步,多成员家庭出行；周末短途,KOL评测；朋友/同事推荐；懂车帝/汽车之家口碑,是,保值率；外观设计；第三排/多人乘坐,希望在预算内获得更稳定的综合体验,竞品是否更强；售后维修成本；智能化是否稳定,理想i6；奥迪Q5L,价格合适会买,待定,,受访者关注保值率，主要用于多成员家庭出行；同时对竞品是否更强仍有疑问，决策中会对比理想i6；奥迪Q5L。,先围绕多成员家庭出行场景切入，再把保值率转化为可感知体验；对竞品是否更强需结合竞品对比和真实用车成本解释。,公开资料方向拟定/模拟问卷样本,基于车型定位、价格段、能源形式、公开车主口碑和公开用户画像报告拟定；仅用于产品Demo，不代表真实调研结果。,2024增换购用户需求洞察｜汽车之家研究院,https://www.autohome.com.cn/news/202409/1300865.html
S005-05,比亚迪,大唐,大唐,23.99-30.99万,20-30万,纯电动,SUV,大型,7座,福建省,2026-06-07,31-35岁,男,中基层管理者,30-50万,三代同堂,3人,是,是,15-25万合资/自主车,换购,15-25万合资/自主车,20-40万,已购/用车复盘,2个月以上,本人+配偶,配偶；子女,空间升级；家庭出行升级；低成本出行,多成员家庭出行；家庭出行；周末短途,朋友/同事推荐；品牌直营店/4S店；车主群/社群讨论,是,售后服务；空间舒适；安全性；家庭适配,希望兼顾家人乘坐和周末出行,停车便利性；价格是否值得；保值率,奥迪Q5L；问界M6,已下订,是,,受访者关注售后服务，主要用于多成员家庭出行；同时对停车便利性仍有疑问，决策中会对比奥迪Q5L；问界M6。,先围绕多成员家庭出行场景切入，再把售后服务转化为可感知体验；对停车便利性需结合竞品对比和真实用车成本解释。,公开资料方向拟定/模拟问卷样本,基于车型定位、价格段、能源形式、公开车主口碑和公开用户画像报告拟定；仅用于产品Demo，不代表真实调研结果。,2024增换购用户需求洞察｜汽车之家研究院,https://www.autohome.com.cn/news/202409/1300865.html
S005-06,比亚迪,大唐,大唐,23.99-30.99万,20-30万,纯电动,SUV,大型,7座,湖北省,2026-06-18,36-40岁,女,企业职员,30-50万,已婚一孩,2人,是,是,无车,首购,无车,20-40万,已下订,2周-1个月,家庭共同决策,配偶；子女；车主评价,通勤代步；空间升级；家庭出行升级,接送孩子；城市通勤,车主群/社群讨论；朋友/同事推荐,否,外观设计；智能座舱；安全性,希望在预算内获得更稳定的综合体验,售后维修成本；价格是否值得,问界M6；Model Y；汉兰达,倾向本品,待定,,受访者关注外观设计，主要用于接送孩子；同时对售后维修成本仍有疑问，决策中会对比问界M6；Model Y；汉兰达。,先围绕接送孩子场景切入，再把外观设计转化为可感知体验；对售后维修成本需结合竞品对比和真实用车成本解释。,公开资料方向拟定/模拟问卷样本,基于车型定位、价格段、能源形式、公开车主口碑和公开用户画像报告拟定；仅用于产品Demo，不代表真实调研结果。,2024增换购用户需求洞察｜汽车之家研究院,https://www.autohome.com.cn/news/202409/1300865.html
S005-07,比亚迪,大唐,大唐,23.99-30.99万,20-30万,纯电动,SUV,大型,7座,四川省,2026-07-04,31-35岁,女,企业职员,20-30万,已婚无孩,4人,否,否,15-25万合资/自主车,换购,15-25万合资/自主车,20-40万,已购/用车复盘,1-2周,本人+配偶,配偶；KOL/博主,通勤代步；换新能源,接送孩子；家庭出行；周末短途,车主群/社群讨论；KOL评测；朋友/同事推荐,是,安全性；智能驾驶；智能座舱,希望降低通勤和长途驾驶压力,车身尺寸是否好开；售后维修成本；第三排舒适性,Model Y；汉兰达,继续比较,待定,,受访者关注安全性，主要用于接送孩子；同时对车身尺寸是否好开仍有疑问，决策中会对比Model Y；汉兰达。,先围绕接送孩子场景切入，再把安全性转化为可感知体验；对车身尺寸是否好开需结合竞品对比和真实用车成本解释。,公开资料方向拟定/模拟问卷样本,基于车型定位、价格段、能源形式、公开车主口碑和公开用户画像报告拟定；仅用于产品Demo，不代表真实调研结果。,2024增换购用户需求洞察｜汽车之家研究院,https://www.autohome.com.cn/news/202409/1300865.html
S005-08,比亚迪,大唐,大唐,23.99-30.99万,20-30万,纯电动,SUV,大型,7座,四川省,2026-06-13,31-35岁,女,企业职员,20-30万,已婚二孩及以上,3人,是,否,家中已有新能源车,增购,家中已有新能源车,20-40万,价格谈判,1-2个月,家庭共同决策,KOL/博主；父母；配偶,低成本出行；智能化体验；家庭出行升级,周末短途；家庭出行,品牌直营店/4S店；KOL评测；懂车帝/汽车之家口碑,是,价格权益；安全性；外观设计；智能座舱,希望同预算下配置和权益更划算,智能化是否稳定；售后维修成本；车身尺寸是否好开,汉兰达；理想i6,价格合适会买,待定,,受访者关注价格权益，主要用于周末短途；同时对智能化是否稳定仍有疑问，决策中会对比汉兰达；理想i6。,先围绕周末短途场景切入，再把价格权益转化为可感知体验；对智能化是否稳定需结合竞品对比和真实用车成本解释。,公开资料方向拟定/模拟问卷样本,基于车型定位、价格段、能源形式、公开车主口碑和公开用户画像报告拟定；仅用于产品Demo，不代表真实调研结果。,2024增换购用户需求洞察｜汽车之家研究院,https://www.autohome.com.cn/news/202409/1300865.html
S006-01,吉利汽车,星愿,星愿,6.48-9.48万,5-10万,纯电动,轿车,小型,5座,四川省,2026-06-10,26-30岁,男,企业职员,30-50万,恋爱/情侣同住,1人,否,是,无车,首购,无车,10万以内,对比评估,1周内,本人,车主评价；朋友/同事,换新能源；空间升级,充电便利场景；家庭出行,小红书/抖音内容；品牌直营店/4S店；车主群/社群讨论,是,价格权益；品牌认知；低使用成本；空间舒适,希望兼顾家人乘坐和周末出行；在意品牌形象和商务/社交场景认可度；希望同预算下配置和权益更划算,保值率；智能化是否稳定；后排空间是否够用,海鸥；秦PLUS,倾向本品,待定,,受访者关注价格权益，主要用于充电便利场景；同时对保值率仍有疑问，决策中会对比海鸥；秦PLUS。,先围绕充电便利场景场景切入，再把价格权益转化为可感知体验；对保值率需结合竞品对比和真实用车成本解释。,公开资料方向拟定/模拟问卷样本,基于车型定位、价格段、能源形式、公开车主口碑和公开用户画像报告拟定；仅用于产品Demo，不代表真实调研结果。,2024增换购用户需求洞察｜汽车之家研究院,https://www.autohome.com.cn/news/202409/1300865.html
S006-02,吉利汽车,星愿,星愿,6.48-9.48万,5-10万,纯电动,轿车,小型,5座,山东省,2026-07-20,18-25岁,女,医疗/教育从业者,10-20万,恋爱/情侣同住,3人,否,否,无车,首购,无车,10万以内,初步了解,1-2周,本人,配偶；朋友/同事,通勤代步；空间升级,周末短途；商务接待,KOL评测；车主群/社群讨论；小红书/抖音内容,否,保值率；空间舒适；售后服务；安全性,希望兼顾家人乘坐和周末出行,售后维修成本；保值率；后排空间是否够用,秦PLUS；凯翼拾月,价格合适会买,待定,,受访者关注保值率，主要用于周末短途；同时对售后维修成本仍有疑问，决策中会对比秦PLUS；凯翼拾月。,先围绕周末短途场景切入，再把保值率转化为可感知体验；对售后维修成本需结合竞品对比和真实用车成本解释。,公开资料方向拟定/模拟问卷样本,基于车型定位、价格段、能源形式、公开车主口碑和公开用户画像报告拟定；仅用于产品Demo，不代表真实调研结果。,2024增换购用户需求洞察｜汽车之家研究院,https://www.autohome.com.cn/news/202409/1300865.html
S006-03,吉利汽车,星愿,星愿,6.48-9.48万,5-10万,纯电动,轿车,小型,5座,福建省,2026-08-22,18-25岁,男,企业职员,10-20万,恋爱/情侣同住,1人,否,否,无车,首购,无车,10万以内,流失/转向竞品,1周内,本人,KOL/博主；配偶；朋友/同事,换新能源；家庭出行升级,城市通勤；充电便利场景；商务接待,懂车帝/汽车之家口碑；车主群/社群讨论；朋友/同事推荐,是,智能驾驶；保值率；品牌认知；驾驶质感,希望降低通勤和长途驾驶压力；在意品牌形象和商务/社交场景认可度,价格是否值得；底盘舒适性,凯翼拾月；长安Lumin；朗逸,转向竞品,否,竞品价格更低,受访者关注智能驾驶，主要用于城市通勤；同时对价格是否值得仍有疑问，决策中会对比凯翼拾月；长安Lumin；朗逸。,先围绕城市通勤场景切入，再把智能驾驶转化为可感知体验；对价格是否值得需结合竞品对比和真实用车成本解释。,公开资料方向拟定/模拟问卷样本,基于车型定位、价格段、能源形式、公开车主口碑和公开用户画像报告拟定；仅用于产品Demo，不代表真实调研结果。,2024增换购用户需求洞察｜汽车之家研究院,https://www.autohome.com.cn/news/202409/1300865.html
S006-04,吉利汽车,星愿,星愿,6.48-9.48万,5-10万,纯电动,轿车,小型,5座,安徽省,2026-06-25,31-35岁,男,医疗/教育从业者,10-20万,已婚无孩,1人,否,否,家中已有新能源车,增购,家中已有新能源车,10万以内,对比评估,2周-1个月,本人+配偶,KOL/博主；配偶；车主评价,智能化体验；空间升级；换新能源,周末短途；家庭出行；商务接待,KOL评测；懂车帝/汽车之家口碑,是,低使用成本；智能座舱；通勤舒适；价格权益,希望同预算下配置和权益更划算,智能化是否稳定；补能是否方便,长安Lumin；朗逸,倾向本品,待定,,受访者关注低使用成本，主要用于周末短途；同时对智能化是否稳定仍有疑问，决策中会对比长安Lumin；朗逸。,先围绕周末短途场景切入，再把低使用成本转化为可感知体验；对智能化是否稳定需结合竞品对比和真实用车成本解释。,公开资料方向拟定/模拟问卷样本,基于车型定位、价格段、能源形式、公开车主口碑和公开用户画像报告拟定；仅用于产品Demo，不代表真实调研结果。,2024增换购用户需求洞察｜汽车之家研究院,https://www.autohome.com.cn/news/202409/1300865.html
S006-05,吉利汽车,星愿,星愿,6.48-9.48万,5-10万,纯电动,轿车,小型,5座,浙江省,2026-06-17,26-30岁,女,医疗/教育从业者,30-50万,单身,4人,否,否,无车,首购,无车,10万以内,已试驾,1-2周,本人,车主评价；朋友/同事,低成本出行；通勤代步,城市通勤；商务接待；家庭出行,品牌直营店/4S店；车主群/社群讨论；懂车帝/汽车之家口碑,是,外观设计；驾驶质感；智能座舱,希望在预算内获得更稳定的综合体验,售后维修成本；售后网络是否成熟；补能是否方便,朗逸；海鸥,继续比较,待定,,受访者关注外观设计，主要用于城市通勤；同时对售后维修成本仍有疑问，决策中会对比朗逸；海鸥。,先围绕城市通勤场景切入，再把外观设计转化为可感知体验；对售后维修成本需结合竞品对比和真实用车成本解释。,公开资料方向拟定/模拟问卷样本,基于车型定位、价格段、能源形式、公开车主口碑和公开用户画像报告拟定；仅用于产品Demo，不代表真实调研结果。,2024增换购用户需求洞察｜汽车之家研究院,https://www.autohome.com.cn/news/202409/1300865.html
S006-06,吉利汽车,星愿,星愿,6.48-9.48万,5-10万,纯电动,轿车,小型,5座,江苏省,2026-07-02,18-25岁,男,企业职员,20-30万,已婚无孩,3人,否,否,无车,首购,无车,10万以内,价格谈判,1-2周,本人,车主评价；配偶,低成本出行；通勤代步；空间升级,充电便利场景；城市通勤；商务接待,品牌直营店/4S店；车主群/社群讨论；KOL评测,否,安全性；低使用成本；售后服务；空间舒适,希望兼顾家人乘坐和周末出行,售后网络是否成熟；续航达成率；补能是否方便,海鸥；秦PLUS；凯翼拾月,倾向本品,待定,,受访者关注安全性，主要用于充电便利场景；同时对售后网络是否成熟仍有疑问，决策中会对比海鸥；秦PLUS；凯翼拾月。,先围绕充电便利场景场景切入，再把安全性转化为可感知体验；对售后网络是否成熟需结合竞品对比和真实用车成本解释。,公开资料方向拟定/模拟问卷样本,基于车型定位、价格段、能源形式、公开车主口碑和公开用户画像报告拟定；仅用于产品Demo，不代表真实调研结果。,2024增换购用户需求洞察｜汽车之家研究院,https://www.autohome.com.cn/news/202409/1300865.html
S006-07,吉利汽车,星愿,星愿,6.48-9.48万,5-10万,纯电动,轿车,小型,5座,北京市,2026-07-11,26-30岁,男,企业职员,20-30万,单身,3人,否,否,家中已有燃油车,增购,家中已有燃油车,10万以内,流失/转向竞品,2周-1个月,本人,车主评价；朋友/同事,通勤代步；低成本出行,商务接待；充电便利场景；周末短途,朋友/同事推荐；KOL评测,是,品牌认知；价格权益；低使用成本,在意品牌形象和商务/社交场景认可度；希望同预算下配置和权益更划算,续航达成率；智能化是否稳定,秦PLUS；凯翼拾月,已下订,是,,受访者关注品牌认知，主要用于商务接待；同时对续航达成率仍有疑问，决策中会对比秦PLUS；凯翼拾月。,先围绕商务接待场景切入，再把品牌认知转化为可感知体验；对续航达成率需结合竞品对比和真实用车成本解释。,公开资料方向拟定/模拟问卷样本,基于车型定位、价格段、能源形式、公开车主口碑和公开用户画像报告拟定；仅用于产品Demo，不代表真实调研结果。,2024增换购用户需求洞察｜汽车之家研究院,https://www.autohome.com.cn/news/202409/1300865.html
S006-08,吉利汽车,星愿,星愿,6.48-9.48万,5-10万,纯电动,轿车,小型,5座,北京市,2026-06-16,26-30岁,女,医疗/教育从业者,10-20万,恋爱/情侣同住,1人,否,否,无车,首购,无车,10万以内,初步了解,1周内,本人,车主评价；配偶,家庭出行升级；空间升级,家庭出行；商务接待；周末短途,小红书/抖音内容；品牌直营店/4S店,否,保值率；品牌认知；价格权益,在意品牌形象和商务/社交场景认可度；希望同预算下配置和权益更划算,竞品是否更强；价格是否值得,凯翼拾月；长安Lumin,继续比较,待定,,受访者关注保值率，主要用于家庭出行；同时对竞品是否更强仍有疑问，决策中会对比凯翼拾月；长安Lumin。,先围绕家庭出行场景切入，再把保值率转化为可感知体验；对竞品是否更强需结合竞品对比和真实用车成本解释。,公开资料方向拟定/模拟问卷样本,基于车型定位、价格段、能源形式、公开车主口碑和公开用户画像报告拟定；仅用于产品Demo，不代表真实调研结果。,2024增换购用户需求洞察｜汽车之家研究院,https://www.autohome.com.cn/news/202409/1300865.html
S007-01,广汽丰田,凯美瑞,凯美瑞,17.98-25.98万,20-30万,汽油；常规混合动力,轿车,中型,5座,江苏省,2026-08-23,36-40岁,男,企业职员,30-50万,恋爱/情侣同住,3人,否,否,家中已有燃油车,增购,家中已有燃油车,10-30万,价格谈判,1-2个月,本人+配偶,配偶；KOL/博主；朋友/同事,家庭出行升级；商务接待；空间升级,家庭出行；周末短途,车主群/社群讨论；小红书/抖音内容,是,可靠性；外观设计；驾驶质感,希望在预算内获得更稳定的综合体验,后排空间是否够用；竞品是否更强,帕萨特；迈腾,转向竞品,否,竞品智驾更强,受访者关注可靠性，主要用于家庭出行；同时对后排空间是否够用仍有疑问，决策中会对比帕萨特；迈腾。,先围绕家庭出行场景切入，再把可靠性转化为可感知体验；对后排空间是否够用需结合竞品对比和真实用车成本解释。,公开资料方向拟定/模拟问卷样本,基于车型定位、价格段、能源形式、公开车主口碑和公开用户画像报告拟定；仅用于产品Demo，不代表真实调研结果。,2024增换购用户需求洞察｜汽车之家研究院,https://www.autohome.com.cn/news/202409/1300865.html
S007-02,广汽丰田,凯美瑞,凯美瑞,17.98-25.98万,20-30万,汽油；常规混合动力,轿车,中型,5座,重庆市,2026-07-17,26-30岁,男,互联网/科技从业者,30-50万,已婚无孩,4人,否,否,无车,首购,无车,10-30万,价格谈判,2周-1个月,家庭共同决策,配偶；朋友/同事,换新能源；空间升级,商务接待；周末短途,KOL评测；懂车帝/汽车之家口碑,是,安全性；外观设计；空间舒适；品牌认知,希望兼顾家人乘坐和周末出行；在意品牌形象和商务/社交场景认可度,竞品是否更强；油耗是否偏高,迈腾；雅阁,价格合适会买,待定,,受访者关注安全性，主要用于商务接待；同时对竞品是否更强仍有疑问，决策中会对比迈腾；雅阁。,先围绕商务接待场景切入，再把安全性转化为可感知体验；对竞品是否更强需结合竞品对比和真实用车成本解释。,公开资料方向拟定/模拟问卷样本,基于车型定位、价格段、能源形式、公开车主口碑和公开用户画像报告拟定；仅用于产品Demo，不代表真实调研结果。,2024增换购用户需求洞察｜汽车之家研究院,https://www.autohome.com.cn/news/202409/1300865.html
S007-03,广汽丰田,凯美瑞,凯美瑞,17.98-25.98万,20-30万,汽油；常规混合动力,轿车,中型,5座,山东省,2026-08-07,36-40岁,男,企业职员,20-30万,已婚二孩及以上,3人,是,否,无车,首购,无车,10-30万,流失/转向竞品,2周-1个月,本人+配偶,KOL/博主；配偶；父母,品牌升级；换新能源；家庭出行升级,城市通勤；商务接待,懂车帝/汽车之家口碑；车主群/社群讨论；KOL评测,是,安全性；可靠性；售后服务,希望在预算内获得更稳定的综合体验,油耗是否偏高；底盘舒适性,雅阁；宝马3系；海豹08,价格合适会买,待定,,受访者关注安全性，主要用于城市通勤；同时对油耗是否偏高仍有疑问，决策中会对比雅阁；宝马3系；海豹08。,先围绕城市通勤场景切入，再把安全性转化为可感知体验；对油耗是否偏高需结合竞品对比和真实用车成本解释。,公开资料方向拟定/模拟问卷样本,基于车型定位、价格段、能源形式、公开车主口碑和公开用户画像报告拟定；仅用于产品Demo，不代表真实调研结果。,2024增换购用户需求洞察｜汽车之家研究院,https://www.autohome.com.cn/news/202409/1300865.html
S007-04,广汽丰田,凯美瑞,凯美瑞,17.98-25.98万,20-30万,汽油；常规混合动力,轿车,中型,5座,福建省,2026-06-22,36-40岁,男,企业职员,30-50万,恋爱/情侣同住,4人,否,否,家中已有新能源车,增购,家中已有新能源车,10-30万,流失/转向竞品,2个月以上,家庭共同决策,朋友/同事；车主评价；配偶,商务接待；家庭出行升级,家庭出行；城市通勤；周末短途,懂车帝/汽车之家口碑；KOL评测,否,外观设计；售后服务；通勤舒适,希望在预算内获得更稳定的综合体验,保值率；油耗是否偏高,宝马3系；海豹08,倾向本品,待定,,受访者关注外观设计，主要用于家庭出行；同时对保值率仍有疑问，决策中会对比宝马3系；海豹08。,先围绕家庭出行场景切入，再把外观设计转化为可感知体验；对保值率需结合竞品对比和真实用车成本解释。,公开资料方向拟定/模拟问卷样本,基于车型定位、价格段、能源形式、公开车主口碑和公开用户画像报告拟定；仅用于产品Demo，不代表真实调研结果。,2024增换购用户需求洞察｜汽车之家研究院,https://www.autohome.com.cn/news/202409/1300865.html
S007-05,广汽丰田,凯美瑞,凯美瑞,17.98-25.98万,20-30万,汽油；常规混合动力,轿车,中型,5座,安徽省,2026-08-11,31-35岁,男,私营业主/个体经营者,30-50万,已婚一孩,1人,是,否,15-25万合资/自主车,换购,15-25万合资/自主车,10-30万,已下订,1-2周,本人,配偶；父母,家庭出行升级；品牌升级；通勤代步,城市通勤；家庭出行；周末短途,车主群/社群讨论；品牌直营店/4S店；小红书/抖音内容,是,品牌认知；价格权益；空间舒适,希望兼顾家人乘坐和周末出行；在意品牌形象和商务/社交场景认可度；希望同预算下配置和权益更划算,售后维修成本；后排空间是否够用；竞品是否更强,海豹08；帕萨特,转向竞品,否,补能/售后更方便,受访者关注品牌认知，主要用于城市通勤；同时对售后维修成本仍有疑问，决策中会对比海豹08；帕萨特。,先围绕城市通勤场景切入，再把品牌认知转化为可感知体验；对售后维修成本需结合竞品对比和真实用车成本解释。,公开资料方向拟定/模拟问卷样本,基于车型定位、价格段、能源形式、公开车主口碑和公开用户画像报告拟定；仅用于产品Demo，不代表真实调研结果。,2024增换购用户需求洞察｜汽车之家研究院,https://www.autohome.com.cn/news/202409/1300865.html
S007-06,广汽丰田,凯美瑞,凯美瑞,17.98-25.98万,20-30万,汽油；常规混合动力,轿车,中型,5座,北京市,2026-07-23,26-30岁,女,互联网/科技从业者,30-50万,已婚无孩,4人,否,是,无车,首购,无车,10-30万,已购/用车复盘,1-2周,家庭共同决策,配偶；KOL/博主,换新能源；通勤代步,周末短途；城市通勤,小红书/抖音内容；懂车帝/汽车之家口碑,是,可靠性；安全性；外观设计；售后服务,希望在预算内获得更稳定的综合体验,竞品是否更强；价格是否值得；后备厢空间,帕萨特；迈腾；雅阁,继续比较,待定,,受访者关注可靠性，主要用于周末短途；同时对竞品是否更强仍有疑问，决策中会对比帕萨特；迈腾；雅阁。,先围绕周末短途场景切入，再把可靠性转化为可感知体验；对竞品是否更强需结合竞品对比和真实用车成本解释。,公开资料方向拟定/模拟问卷样本,基于车型定位、价格段、能源形式、公开车主口碑和公开用户画像报告拟定；仅用于产品Demo，不代表真实调研结果。,2024增换购用户需求洞察｜汽车之家研究院,https://www.autohome.com.cn/news/202409/1300865.html
S007-07,广汽丰田,凯美瑞,凯美瑞,17.98-25.98万,20-30万,汽油；常规混合动力,轿车,中型,5座,浙江省,2026-06-01,31-35岁,男,企业职员,30-50万,恋爱/情侣同住,4人,否,是,15-25万合资/自主车,换购,15-25万合资/自主车,10-30万,对比评估,2周-1个月,本人+配偶,配偶；朋友/同事；KOL/博主,家庭出行升级；品牌升级,家庭出行；周末短途；城市通勤,朋友/同事推荐；小红书/抖音内容,是,可靠性；空间舒适；外观设计；通勤舒适,希望兼顾家人乘坐和周末出行,后排空间是否够用；底盘舒适性,迈腾；雅阁,继续比较,待定,,受访者关注可靠性，主要用于家庭出行；同时对后排空间是否够用仍有疑问，决策中会对比迈腾；雅阁。,先围绕家庭出行场景切入，再把可靠性转化为可感知体验；对后排空间是否够用需结合竞品对比和真实用车成本解释。,公开资料方向拟定/模拟问卷样本,基于车型定位、价格段、能源形式、公开车主口碑和公开用户画像报告拟定；仅用于产品Demo，不代表真实调研结果。,2024增换购用户需求洞察｜汽车之家研究院,https://www.autohome.com.cn/news/202409/1300865.html
S007-08,广汽丰田,凯美瑞,凯美瑞,17.98-25.98万,20-30万,汽油；常规混合动力,轿车,中型,5座,江苏省,2026-07-20,26-30岁,女,中基层管理者,30-50万,恋爱/情侣同住,3人,否,否,无车,首购,无车,10-30万,已试驾,1-2周,本人,KOL/博主；车主评价,换新能源；商务接待,城市通勤；周末短途,车主群/社群讨论；懂车帝/汽车之家口碑；KOL评测,是,可靠性；售后服务；保值率；空间舒适,希望兼顾家人乘坐和周末出行,后备厢空间；底盘舒适性；价格是否值得,雅阁；宝马3系,已购,是,,受访者关注可靠性，主要用于城市通勤；同时对后备厢空间仍有疑问，决策中会对比雅阁；宝马3系。,先围绕城市通勤场景切入，再把可靠性转化为可感知体验；对后备厢空间需结合竞品对比和真实用车成本解释。,公开资料方向拟定/模拟问卷样本,基于车型定位、价格段、能源形式、公开车主口碑和公开用户画像报告拟定；仅用于产品Demo，不代表真实调研结果。,2024增换购用户需求洞察｜汽车之家研究院,https://www.autohome.com.cn/news/202409/1300865.html
S008-01,上汽通用五菱,华境S,华境S,15.98-20.38万,10-20万,非增程式插混,SUV,大型,6座,江苏省,2026-06-27,31-35岁,女,企业职员,30-50万,三代同堂,4人,是,是,15-25万合资/自主车,换购,15-25万合资/自主车,10-30万,初步了解,1-2周,家庭共同决策,配偶；车主评价,减少里程焦虑；家庭出行升级,城市通勤；老人小孩乘坐,车主群/社群讨论；KOL评测；品牌直营店/4S店,是,保值率；补能便利；家庭适配,希望兼顾家人乘坐和周末出行,竞品是否更强；车身尺寸是否好开；价格权益是否稳定,日产NX8；RAV4荣放,倾向本品,待定,,受访者关注保值率，主要用于城市通勤；同时对竞品是否更强仍有疑问，决策中会对比日产NX8；RAV4荣放。,先围绕城市通勤场景切入，再把保值率转化为可感知体验；对竞品是否更强需结合竞品对比和真实用车成本解释。,公开资料方向拟定/模拟问卷样本,基于车型定位、价格段、能源形式、公开车主口碑和公开用户画像报告拟定；仅用于产品Demo，不代表真实调研结果。,2024增换购用户需求洞察｜汽车之家研究院,https://www.autohome.com.cn/news/202409/1300865.html
S008-02,上汽通用五菱,华境S,华境S,15.98-20.38万,10-20万,非增程式插混,SUV,大型,6座,江苏省,2026-08-11,31-35岁,男,中基层管理者,20-30万,已婚无孩,4人,否,是,15-25万合资/自主车,换购,15-25万合资/自主车,10-30万,已试驾,2周-1个月,家庭共同决策,车主评价；配偶；KOL/博主,通勤代步；长途/自驾,家庭出行；周末短途,懂车帝/汽车之家口碑；KOL评测；车主群/社群讨论,否,补能便利；安全性；空间舒适,希望兼顾家人乘坐和周末出行,价格是否值得；保值率,RAV4荣放；钛7,转向竞品,否,家人更认可竞品,受访者关注补能便利，主要用于家庭出行；同时对价格是否值得仍有疑问，决策中会对比RAV4荣放；钛7。,先围绕家庭出行场景切入，再把补能便利转化为可感知体验；对价格是否值得需结合竞品对比和真实用车成本解释。,公开资料方向拟定/模拟问卷样本,基于车型定位、价格段、能源形式、公开车主口碑和公开用户画像报告拟定；仅用于产品Demo，不代表真实调研结果。,2024增换购用户需求洞察｜汽车之家研究院,https://www.autohome.com.cn/news/202409/1300865.html
S008-03,上汽通用五菱,华境S,华境S,15.98-20.38万,10-20万,非增程式插混,SUV,大型,6座,湖南省,2026-07-28,31-35岁,男,互联网/科技从业者,20-30万,已婚二孩及以上,4人,是,否,15-25万合资/自主车,换购,15-25万合资/自主车,10-30万,已购/用车复盘,2周-1个月,家庭共同决策,子女；KOL/博主；车主评价,空间升级；减少里程焦虑,老人小孩乘坐；接送孩子；长途自驾,小红书/抖音内容；懂车帝/汽车之家口碑；朋友/同事推荐,是,空间舒适；安全性；智能座舱,希望兼顾家人乘坐和周末出行,价格权益是否稳定；增程/插混系统可靠性；售后维修成本,钛7；星越L；坦克300,倾向本品,待定,,受访者关注空间舒适，主要用于老人小孩乘坐；同时对价格权益是否稳定仍有疑问，决策中会对比钛7；星越L；坦克300。,先围绕老人小孩乘坐场景切入，再把空间舒适转化为可感知体验；对价格权益是否稳定需结合竞品对比和真实用车成本解释。,公开资料方向拟定/模拟问卷样本,基于车型定位、价格段、能源形式、公开车主口碑和公开用户画像报告拟定；仅用于产品Demo，不代表真实调研结果。,2024增换购用户需求洞察｜汽车之家研究院,https://www.autohome.com.cn/news/202409/1300865.html
S008-04,上汽通用五菱,华境S,华境S,15.98-20.38万,10-20万,非增程式插混,SUV,大型,6座,安徽省,2026-08-20,31-35岁,女,企业职员,10-20万,三代同堂,3人,是,是,无车,首购,无车,10-30万,流失/转向竞品,2周-1个月,本人+配偶,KOL/博主；配偶,减少里程焦虑；家庭出行升级,长途自驾；城市通勤,品牌直营店/4S店；车主群/社群讨论；懂车帝/汽车之家口碑,是,补能便利；安全性；保值率；空间舒适,希望兼顾家人乘坐和周末出行,增程/插混系统可靠性；用车能耗/续航,星越L；坦克300,继续比较,待定,,受访者关注补能便利，主要用于长途自驾；同时对增程/插混系统可靠性仍有疑问，决策中会对比星越L；坦克300。,先围绕长途自驾场景切入，再把补能便利转化为可感知体验；对增程/插混系统可靠性需结合竞品对比和真实用车成本解释。,公开资料方向拟定/模拟问卷样本,基于车型定位、价格段、能源形式、公开车主口碑和公开用户画像报告拟定；仅用于产品Demo，不代表真实调研结果。,2024增换购用户需求洞察｜汽车之家研究院,https://www.autohome.com.cn/news/202409/1300865.html
S008-05,上汽通用五菱,华境S,华境S,15.98-20.38万,10-20万,非增程式插混,SUV,大型,6座,重庆市,2026-06-15,26-30岁,男,互联网/科技从业者,20-30万,已婚一孩,4人,是,否,15-25万合资/自主车,换购,15-25万合资/自主车,10-30万,对比评估,1-2个月,本人+配偶,配偶；子女；KOL/博主,减少里程焦虑；长途/自驾,接送孩子；城市通勤；多成员家庭出行,车主群/社群讨论；小红书/抖音内容,是,售后服务；家庭适配；补能便利,希望兼顾家人乘坐和周末出行,售后维修成本；价格权益是否稳定,坦克300；日产NX8,继续比较,待定,,受访者关注售后服务，主要用于接送孩子；同时对售后维修成本仍有疑问，决策中会对比坦克300；日产NX8。,先围绕接送孩子场景切入，再把售后服务转化为可感知体验；对售后维修成本需结合竞品对比和真实用车成本解释。,公开资料方向拟定/模拟问卷样本,基于车型定位、价格段、能源形式、公开车主口碑和公开用户画像报告拟定；仅用于产品Demo，不代表真实调研结果。,2024增换购用户需求洞察｜汽车之家研究院,https://www.autohome.com.cn/news/202409/1300865.html
S008-06,上汽通用五菱,华境S,华境S,15.98-20.38万,10-20万,非增程式插混,SUV,大型,6座,湖南省,2026-06-21,36-40岁,男,中基层管理者,30-50万,已婚二孩及以上,5人及以上,是,否,15-25万合资/自主车,换购,15-25万合资/自主车,10-30万,流失/转向竞品,2个月以上,本人+配偶,子女；KOL/博主；配偶,空间升级；减少里程焦虑,多成员家庭出行；周末短途；家庭出行,车主群/社群讨论；小红书/抖音内容,是,保值率；家庭适配；智能座舱,希望兼顾家人乘坐和周末出行,竞品是否更强；保值率；增程/插混系统可靠性,日产NX8；RAV4荣放；钛7,价格合适会买,待定,,受访者关注保值率，主要用于多成员家庭出行；同时对竞品是否更强仍有疑问，决策中会对比日产NX8；RAV4荣放；钛7。,先围绕多成员家庭出行场景切入，再把保值率转化为可感知体验；对竞品是否更强需结合竞品对比和真实用车成本解释。,公开资料方向拟定/模拟问卷样本,基于车型定位、价格段、能源形式、公开车主口碑和公开用户画像报告拟定；仅用于产品Demo，不代表真实调研结果。,2024增换购用户需求洞察｜汽车之家研究院,https://www.autohome.com.cn/news/202409/1300865.html
S008-07,上汽通用五菱,华境S,华境S,15.98-20.38万,10-20万,非增程式插混,SUV,大型,6座,上海市,2026-06-16,26-30岁,女,互联网/科技从业者,20-30万,已婚无孩,2人,否,否,无车,首购,无车,10-30万,已试驾,2个月以上,本人+配偶,配偶；车主评价,减少里程焦虑；空间升级,城市通勤；多成员家庭出行,朋友/同事推荐；懂车帝/汽车之家口碑；小红书/抖音内容,是,安全性；售后服务；保值率；补能便利,希望在预算内获得更稳定的综合体验,价格是否值得；用车能耗/续航；保值率,RAV4荣放；钛7,已购,是,,受访者关注安全性，主要用于城市通勤；同时对价格是否值得仍有疑问，决策中会对比RAV4荣放；钛7。,先围绕城市通勤场景切入，再把安全性转化为可感知体验；对价格是否值得需结合竞品对比和真实用车成本解释。,公开资料方向拟定/模拟问卷样本,基于车型定位、价格段、能源形式、公开车主口碑和公开用户画像报告拟定；仅用于产品Demo，不代表真实调研结果。,2024增换购用户需求洞察｜汽车之家研究院,https://www.autohome.com.cn/news/202409/1300865.html
S008-08,上汽通用五菱,华境S,华境S,15.98-20.38万,10-20万,非增程式插混,SUV,大型,6座,广东省,2026-08-20,18-25岁,男,企业职员,30-50万,已婚一孩,2人,是,否,家中已有新能源车,增购,家中已有新能源车,10-30万,对比评估,1-2周,本人+配偶,KOL/博主；子女,空间升级；家庭出行升级；通勤代步,城市通勤；多成员家庭出行；长途自驾,小红书/抖音内容；朋友/同事推荐；懂车帝/汽车之家口碑,是,空间舒适；价格权益；售后服务；智能座舱,希望兼顾家人乘坐和周末出行；希望同预算下配置和权益更划算,价格权益是否稳定；增程/插混系统可靠性,钛7；星越L,继续比较,待定,,受访者关注空间舒适，主要用于城市通勤；同时对价格权益是否稳定仍有疑问，决策中会对比钛7；星越L。,先围绕城市通勤场景切入，再把空间舒适转化为可感知体验；对价格权益是否稳定需结合竞品对比和真实用车成本解释。,公开资料方向拟定/模拟问卷样本,基于车型定位、价格段、能源形式、公开车主口碑和公开用户画像报告拟定；仅用于产品Demo，不代表真实调研结果。,2024增换购用户需求洞察｜汽车之家研究院,https://www.autohome.com.cn/news/202409/1300865.html
S009-01,北京奔驰,奔驰E级,奔驰E级,37.88-59.98万,40-50万,常规混合动力,轿车,中大型,5座,福建省,2026-07-18,36-40岁,男,中基层管理者,50-80万,商务/个人用车,3人,否,是,无车,首购,无车,30-60万,对比评估,1-2个月,本人+配偶,朋友/同事；车主评价,空间升级；换新能源；商务接待,家庭出行；周末短途,车主群/社群讨论；朋友/同事推荐,是,品牌认知；可靠性；安全性；通勤舒适,在意品牌形象和商务/社交场景认可度,车机/智能化是否落后；售后维修成本；权益透明度,宝马5系；奥迪A6L,转向竞品,否,补能/售后更方便,受访者关注品牌认知，主要用于家庭出行；同时对车机/智能化是否落后仍有疑问，决策中会对比宝马5系；奥迪A6L。,先围绕家庭出行场景切入，再把品牌认知转化为可感知体验；对车机/智能化是否落后需结合竞品对比和真实用车成本解释。,公开资料方向拟定/模拟问卷样本,基于车型定位、价格段、能源形式、公开车主口碑和公开用户画像报告拟定；仅用于产品Demo，不代表真实调研结果。,2024增换购用户需求洞察｜汽车之家研究院,https://www.autohome.com.cn/news/202409/1300865.html
S009-02,北京奔驰,奔驰E级,奔驰E级,37.88-59.98万,40-50万,常规混合动力,轿车,中大型,5座,重庆市,2026-07-23,31-35岁,男,私营业主/个体经营者,30-50万,已婚一孩,1人,是,否,15-25万合资/自主车,换购,15-25万合资/自主车,30-60万,初步了解,1-2个月,本人+配偶,车主评价；子女,商务接待；家庭品质升级；品牌升级,商务接待；城市通勤；周末短途,小红书/抖音内容；KOL评测；朋友/同事推荐,是,品牌认知；通勤舒适；乘坐舒适；安全性,在意品牌形象和商务/社交场景认可度,油耗是否偏高；后备厢空间,奥迪A6L；小米SU7,继续比较,待定,,受访者关注品牌认知，主要用于商务接待；同时对油耗是否偏高仍有疑问，决策中会对比奥迪A6L；小米SU7。,先围绕商务接待场景切入，再把品牌认知转化为可感知体验；对油耗是否偏高需结合竞品对比和真实用车成本解释。,公开资料方向拟定/模拟问卷样本,基于车型定位、价格段、能源形式、公开车主口碑和公开用户画像报告拟定；仅用于产品Demo，不代表真实调研结果。,2024增换购用户需求洞察｜汽车之家研究院,https://www.autohome.com.cn/news/202409/1300865.html
S009-03,北京奔驰,奔驰E级,奔驰E级,37.88-59.98万,40-50万,常规混合动力,轿车,中大型,5座,四川省,2026-08-01,36-40岁,女,企业高管/企业主,30-50万,已婚无孩,5人及以上,否,是,家中已有燃油车,增购,家中已有燃油车,30-60万,已试驾,2周-1个月,本人,配偶；KOL/博主,商务接待；空间升级,周末短途；家庭出行,懂车帝/汽车之家口碑；小红书/抖音内容；品牌直营店/4S店,是,可靠性；安全性；空间舒适,希望兼顾家人乘坐和周末出行,售后维修成本；权益透明度；竞品是否更强,小米SU7；奥迪A7L；尊界S800,价格合适会买,待定,,受访者关注可靠性，主要用于周末短途；同时对售后维修成本仍有疑问，决策中会对比小米SU7；奥迪A7L；尊界S800。,先围绕周末短途场景切入，再把可靠性转化为可感知体验；对售后维修成本需结合竞品对比和真实用车成本解释。,公开资料方向拟定/模拟问卷样本,基于车型定位、价格段、能源形式、公开车主口碑和公开用户画像报告拟定；仅用于产品Demo，不代表真实调研结果。,2024增换购用户需求洞察｜汽车之家研究院,https://www.autohome.com.cn/news/202409/1300865.html
S009-04,北京奔驰,奔驰E级,奔驰E级,37.88-59.98万,40-50万,常规混合动力,轿车,中大型,5座,广东省,2026-07-24,41-45岁,不便透露,金融/地产从业者,50-80万,已婚无孩,2人,否,否,无车,首购,无车,30-60万,初步了解,1-2个月,本人,配偶；朋友/同事；车主评价,通勤代步；家庭品质升级,商务接待；家庭出行；周末短途,懂车帝/汽车之家口碑；品牌直营店/4S店；小红书/抖音内容,是,外观设计；豪华感/质感；通勤舒适；空间舒适,希望兼顾家人乘坐和周末出行,竞品是否更强；售后维修成本,奥迪A7L；尊界S800,继续比较,待定,,受访者关注外观设计，主要用于商务接待；同时对竞品是否更强仍有疑问，决策中会对比奥迪A7L；尊界S800。,先围绕商务接待场景切入，再把外观设计转化为可感知体验；对竞品是否更强需结合竞品对比和真实用车成本解释。,公开资料方向拟定/模拟问卷样本,基于车型定位、价格段、能源形式、公开车主口碑和公开用户画像报告拟定；仅用于产品Demo，不代表真实调研结果。,2024增换购用户需求洞察｜汽车之家研究院,https://www.autohome.com.cn/news/202409/1300865.html
S009-05,北京奔驰,奔驰E级,奔驰E级,37.88-59.98万,40-50万,常规混合动力,轿车,中大型,5座,湖南省,2026-06-25,36-40岁,男,企业高管/企业主,80-100万,商务/个人用车,4人,否,否,家中已有燃油车,增购,家中已有燃油车,30-60万,对比评估,1-2个月,本人+配偶,朋友/同事；车主评价,空间升级；商务接待；品牌升级,家庭出行；商务接待,KOL评测；车主群/社群讨论,是,豪华感/质感；保值率；乘坐舒适,希望在预算内获得更稳定的综合体验,后排空间是否够用；权益透明度,尊界S800；宝马5系,倾向本品,待定,,受访者关注豪华感/质感，主要用于家庭出行；同时对后排空间是否够用仍有疑问，决策中会对比尊界S800；宝马5系。,先围绕家庭出行场景切入，再把豪华感/质感转化为可感知体验；对后排空间是否够用需结合竞品对比和真实用车成本解释。,公开资料方向拟定/模拟问卷样本,基于车型定位、价格段、能源形式、公开车主口碑和公开用户画像报告拟定；仅用于产品Demo，不代表真实调研结果。,2024增换购用户需求洞察｜汽车之家研究院,https://www.autohome.com.cn/news/202409/1300865.html
S009-06,北京奔驰,奔驰E级,奔驰E级,37.88-59.98万,40-50万,常规混合动力,轿车,中大型,5座,福建省,2026-08-07,31-35岁,男,私营业主/个体经营者,30-50万,已婚二孩及以上,5人及以上,是,是,15-25万合资/自主车,换购,15-25万合资/自主车,30-60万,价格谈判,2周-1个月,本人,父母；车主评价；配偶,换新能源；通勤代步；商务接待,商务接待；周末短途；城市通勤,朋友/同事推荐；懂车帝/汽车之家口碑,是,价格权益；豪华感/质感；通勤舒适；可靠性,希望同预算下配置和权益更划算,保养维修费用；竞品是否更强；价格是否值得,宝马5系；奥迪A6L；小米SU7,继续比较,待定,,受访者关注价格权益，主要用于商务接待；同时对保养维修费用仍有疑问，决策中会对比宝马5系；奥迪A6L；小米SU7。,先围绕商务接待场景切入，再把价格权益转化为可感知体验；对保养维修费用需结合竞品对比和真实用车成本解释。,公开资料方向拟定/模拟问卷样本,基于车型定位、价格段、能源形式、公开车主口碑和公开用户画像报告拟定；仅用于产品Demo，不代表真实调研结果。,2024增换购用户需求洞察｜汽车之家研究院,https://www.autohome.com.cn/news/202409/1300865.html
S009-07,北京奔驰,奔驰E级,奔驰E级,37.88-59.98万,40-50万,常规混合动力,轿车,中大型,5座,陕西省,2026-08-25,41-45岁,女,金融/地产从业者,50-80万,已婚二孩及以上,2人,是,是,15-25万合资/自主车,换购,15-25万合资/自主车,30-60万,已购/用车复盘,2个月以上,本人,车主评价；子女,换新能源；通勤代步；商务接待,周末短途；商务接待；城市通勤,品牌直营店/4S店；KOL评测,是,品牌认知；通勤舒适；空间舒适；保值率,希望兼顾家人乘坐和周末出行；在意品牌形象和商务/社交场景认可度,竞品是否更强；权益透明度；高端服务体验,奥迪A6L；小米SU7,转向竞品,否,竞品智驾更强,受访者关注品牌认知，主要用于周末短途；同时对竞品是否更强仍有疑问，决策中会对比奥迪A6L；小米SU7。,先围绕周末短途场景切入，再把品牌认知转化为可感知体验；对竞品是否更强需结合竞品对比和真实用车成本解释。,公开资料方向拟定/模拟问卷样本,基于车型定位、价格段、能源形式、公开车主口碑和公开用户画像报告拟定；仅用于产品Demo，不代表真实调研结果。,2024增换购用户需求洞察｜汽车之家研究院,https://www.autohome.com.cn/news/202409/1300865.html
S009-08,北京奔驰,奔驰E级,奔驰E级,37.88-59.98万,40-50万,常规混合动力,轿车,中大型,5座,山东省,2026-07-27,46岁以上,女,中基层管理者,50-80万,已婚一孩,5人及以上,是,否,15-25万合资/自主车,换购,15-25万合资/自主车,30-60万,已下订,1-2个月,本人,子女；KOL/博主,家庭品质升级；空间升级,商务接待；周末短途；家庭出行,朋友/同事推荐；车主群/社群讨论；懂车帝/汽车之家口碑,是,空间舒适；售后服务；豪华感/质感；安全性,希望兼顾家人乘坐和周末出行,车机/智能化是否落后；售后维修成本,小米SU7；奥迪A7L,倾向本品,待定,,受访者关注空间舒适，主要用于商务接待；同时对车机/智能化是否落后仍有疑问，决策中会对比小米SU7；奥迪A7L。,先围绕商务接待场景切入，再把空间舒适转化为可感知体验；对车机/智能化是否落后需结合竞品对比和真实用车成本解释。,公开资料方向拟定/模拟问卷样本,基于车型定位、价格段、能源形式、公开车主口碑和公开用户画像报告拟定；仅用于产品Demo，不代表真实调研结果。,2024增换购用户需求洞察｜汽车之家研究院,https://www.autohome.com.cn/news/202409/1300865.html
S010-01,一汽丰田,RAV4荣放,RAV4荣放,16.98-22.88万,10-20万,传统燃料；常规混合动力,SUV,紧凑型,5座,陕西省,2026-06-22,18-25岁,不便透露,互联网/科技从业者,10-20万,已婚一孩,4人,是,是,家中已有燃油车,增购,家中已有燃油车,10-30万,对比评估,1-2个月,家庭共同决策,父母；车主评价,通勤代步；商务接待,城市通勤；周末短途；家庭出行,小红书/抖音内容；车主群/社群讨论,是,安全性；驾驶质感；售后服务,希望在预算内获得更稳定的综合体验,保养维修费用；价格是否值得,坦克300；星越L,倾向本品,待定,,受访者关注安全性，主要用于城市通勤；同时对保养维修费用仍有疑问，决策中会对比坦克300；星越L。,先围绕城市通勤场景切入，再把安全性转化为可感知体验；对保养维修费用需结合竞品对比和真实用车成本解释。,公开资料方向拟定/模拟问卷样本,基于车型定位、价格段、能源形式、公开车主口碑和公开用户画像报告拟定；仅用于产品Demo，不代表真实调研结果。,2024增换购用户需求洞察｜汽车之家研究院,https://www.autohome.com.cn/news/202409/1300865.html
S010-02,一汽丰田,RAV4荣放,RAV4荣放,16.98-22.88万,10-20万,传统燃料；常规混合动力,SUV,紧凑型,5座,福建省,2026-08-04,31-35岁,男,中基层管理者,20-30万,单身,3人,否,否,15-25万合资/自主车,换购,15-25万合资/自主车,10-30万,价格谈判,1-2个月,家庭共同决策,朋友/同事；车主评价；销售顾问,通勤代步；品牌升级；空间升级,城市通勤；家庭出行,品牌直营店/4S店；朋友/同事推荐；小红书/抖音内容,是,品牌认知；安全性；驾驶质感,在意品牌形象和商务/社交场景认可度,车机/智能化是否落后；保养维修费用,星越L；钛7,已购,是,,受访者关注品牌认知，主要用于城市通勤；同时对车机/智能化是否落后仍有疑问，决策中会对比星越L；钛7。,先围绕城市通勤场景切入，再把品牌认知转化为可感知体验；对车机/智能化是否落后需结合竞品对比和真实用车成本解释。,公开资料方向拟定/模拟问卷样本,基于车型定位、价格段、能源形式、公开车主口碑和公开用户画像报告拟定；仅用于产品Demo，不代表真实调研结果。,2024增换购用户需求洞察｜汽车之家研究院,https://www.autohome.com.cn/news/202409/1300865.html
S010-03,一汽丰田,RAV4荣放,RAV4荣放,16.98-22.88万,10-20万,传统燃料；常规混合动力,SUV,紧凑型,5座,湖南省,2026-08-12,26-30岁,女,中基层管理者,20-30万,单身,2人,否,否,无车,首购,无车,10-30万,已购/用车复盘,1-2周,本人,KOL/博主；销售顾问；朋友/同事,家庭出行升级；品牌升级；空间升级,周末短途；城市通勤,品牌直营店/4S店；小红书/抖音内容,否,安全性；价格权益；售后服务；空间舒适,希望兼顾家人乘坐和周末出行；希望同预算下配置和权益更划算,竞品是否更强；保值率；车机/智能化是否落后,钛7；日产NX8；华境S,倾向本品,待定,,受访者关注安全性，主要用于周末短途；同时对竞品是否更强仍有疑问，决策中会对比钛7；日产NX8；华境S。,先围绕周末短途场景切入，再把安全性转化为可感知体验；对竞品是否更强需结合竞品对比和真实用车成本解释。,公开资料方向拟定/模拟问卷样本,基于车型定位、价格段、能源形式、公开车主口碑和公开用户画像报告拟定；仅用于产品Demo，不代表真实调研结果。,2024增换购用户需求洞察｜汽车之家研究院,https://www.autohome.com.cn/news/202409/1300865.html
S010-04,一汽丰田,RAV4荣放,RAV4荣放,16.98-22.88万,10-20万,传统燃料；常规混合动力,SUV,紧凑型,5座,江苏省,2026-08-21,26-30岁,不便透露,企业职员,20-30万,单身,2人,否,是,家中已有新能源车,增购,家中已有新能源车,10-30万,已下订,2周-1个月,本人,车主评价；KOL/博主；朋友/同事,换新能源；商务接待；通勤代步,家庭出行；城市通勤,品牌直营店/4S店；车主群/社群讨论；懂车帝/汽车之家口碑,是,价格权益；空间舒适；保值率,希望兼顾家人乘坐和周末出行；希望同预算下配置和权益更划算,油耗是否偏高；车机/智能化是否落后,日产NX8；华境S,已下订,是,,受访者关注价格权益，主要用于家庭出行；同时对油耗是否偏高仍有疑问，决策中会对比日产NX8；华境S。,先围绕家庭出行场景切入，再把价格权益转化为可感知体验；对油耗是否偏高需结合竞品对比和真实用车成本解释。,公开资料方向拟定/模拟问卷样本,基于车型定位、价格段、能源形式、公开车主口碑和公开用户画像报告拟定；仅用于产品Demo，不代表真实调研结果。,2024增换购用户需求洞察｜汽车之家研究院,https://www.autohome.com.cn/news/202409/1300865.html
S010-05,一汽丰田,RAV4荣放,RAV4荣放,16.98-22.88万,10-20万,传统燃料；常规混合动力,SUV,紧凑型,5座,山东省,2026-08-28,26-30岁,男,公务员/事业单位,20-30万,已婚无孩,3人,否,否,无车,首购,无车,10-30万,已购/用车复盘,2周-1个月,本人,朋友/同事；配偶,换新能源；品牌升级；通勤代步,家庭出行；城市通勤,KOL评测；小红书/抖音内容；懂车帝/汽车之家口碑,是,空间舒适；售后服务；可靠性,希望兼顾家人乘坐和周末出行,竞品是否更强；保养维修费用；保值率,华境S；坦克300,价格合适会买,待定,,受访者关注空间舒适，主要用于家庭出行；同时对竞品是否更强仍有疑问，决策中会对比华境S；坦克300。,先围绕家庭出行场景切入，再把空间舒适转化为可感知体验；对竞品是否更强需结合竞品对比和真实用车成本解释。,公开资料方向拟定/模拟问卷样本,基于车型定位、价格段、能源形式、公开车主口碑和公开用户画像报告拟定；仅用于产品Demo，不代表真实调研结果。,2024增换购用户需求洞察｜汽车之家研究院,https://www.autohome.com.cn/news/202409/1300865.html
S010-06,一汽丰田,RAV4荣放,RAV4荣放,16.98-22.88万,10-20万,传统燃料；常规混合动力,SUV,紧凑型,5座,上海市,2026-07-27,31-35岁,男,中基层管理者,20-30万,恋爱/情侣同住,4人,否,否,家中已有新能源车,增购,家中已有新能源车,10-30万,流失/转向竞品,1-2个月,家庭共同决策,朋友/同事；配偶；KOL/博主,换新能源；家庭出行升级；品牌升级,城市通勤；周末短途；家庭出行,KOL评测；懂车帝/汽车之家口碑,否,保值率；安全性；空间舒适,希望兼顾家人乘坐和周末出行,竞品是否更强；保值率；售后维修成本,坦克300；星越L；钛7,倾向本品,待定,,受访者关注保值率，主要用于城市通勤；同时对竞品是否更强仍有疑问，决策中会对比坦克300；星越L；钛7。,先围绕城市通勤场景切入，再把保值率转化为可感知体验；对竞品是否更强需结合竞品对比和真实用车成本解释。,公开资料方向拟定/模拟问卷样本,基于车型定位、价格段、能源形式、公开车主口碑和公开用户画像报告拟定；仅用于产品Demo，不代表真实调研结果。,2024增换购用户需求洞察｜汽车之家研究院,https://www.autohome.com.cn/news/202409/1300865.html
S010-07,一汽丰田,RAV4荣放,RAV4荣放,16.98-22.88万,10-20万,传统燃料；常规混合动力,SUV,紧凑型,5座,上海市,2026-08-26,26-30岁,男,企业职员,30-50万,恋爱/情侣同住,2人,否,否,无车,首购,无车,10-30万,已购/用车复盘,1-2个月,本人+配偶,配偶；KOL/博主；朋友/同事,换新能源；品牌升级,周末短途；家庭出行；城市通勤,品牌直营店/4S店；车主群/社群讨论,是,可靠性；售后服务；安全性,希望在预算内获得更稳定的综合体验,保养维修费用；价格是否值得；售后维修成本,星越L；钛7,倾向本品,待定,,受访者关注可靠性，主要用于周末短途；同时对保养维修费用仍有疑问，决策中会对比星越L；钛7。,先围绕周末短途场景切入，再把可靠性转化为可感知体验；对保养维修费用需结合竞品对比和真实用车成本解释。,公开资料方向拟定/模拟问卷样本,基于车型定位、价格段、能源形式、公开车主口碑和公开用户画像报告拟定；仅用于产品Demo，不代表真实调研结果。,2024增换购用户需求洞察｜汽车之家研究院,https://www.autohome.com.cn/news/202409/1300865.html
S010-08,一汽丰田,RAV4荣放,RAV4荣放,16.98-22.88万,10-20万,传统燃料；常规混合动力,SUV,紧凑型,5座,上海市,2026-07-12,36-40岁,女,互联网/科技从业者,30-50万,已婚一孩,4人,是,否,无车,首购,无车,10-30万,对比评估,1-2周,家庭共同决策,车主评价；配偶；KOL/博主,商务接待；家庭出行升级,城市通勤；家庭出行；周末短途,车主群/社群讨论；KOL评测；品牌直营店/4S店,是,空间舒适；保值率；售后服务；安全性,希望兼顾家人乘坐和周末出行,价格是否值得；竞品是否更强；保值率,钛7；日产NX8,继续比较,待定,,受访者关注空间舒适，主要用于城市通勤；同时对价格是否值得仍有疑问，决策中会对比钛7；日产NX8。,先围绕城市通勤场景切入，再把空间舒适转化为可感知体验；对价格是否值得需结合竞品对比和真实用车成本解释。,公开资料方向拟定/模拟问卷样本,基于车型定位、价格段、能源形式、公开车主口碑和公开用户画像报告拟定；仅用于产品Demo，不代表真实调研结果。,2024增换购用户需求洞察｜汽车之家研究院,https://www.autohome.com.cn/news/202409/1300865.html
S011-01,零跑,零跑A10,零跑A10,6.58-8.68万,5-10万,纯电动,SUV,小型,5座,广东省,2026-06-04,31-35岁,男,医疗/教育从业者,20-30万,单身,4人,否,是,无车,首购,无车,10万以内,流失/转向竞品,1-2周,本人,KOL/博主；朋友/同事,智能化体验；换新能源；家庭出行升级,家庭出行；充电便利场景；城市通勤,品牌直营店/4S店；懂车帝/汽车之家口碑；小红书/抖音内容,是,智能驾驶；外观设计；智能座舱；低使用成本,希望降低通勤和长途驾驶压力,价格是否值得；售后网络是否成熟；补能是否方便,元UP；长安启源Q05,价格合适会买,待定,,受访者关注智能驾驶，主要用于家庭出行；同时对价格是否值得仍有疑问，决策中会对比元UP；长安启源Q05。,先围绕家庭出行场景切入，再把智能驾驶转化为可感知体验；对价格是否值得需结合竞品对比和真实用车成本解释。,公开资料方向拟定/模拟问卷样本,基于车型定位、价格段、能源形式、公开车主口碑和公开用户画像报告拟定；仅用于产品Demo，不代表真实调研结果。,2024增换购用户需求洞察｜汽车之家研究院,https://www.autohome.com.cn/news/202409/1300865.html
S011-02,零跑,零跑A10,零跑A10,6.58-8.68万,5-10万,纯电动,SUV,小型,5座,河南省,2026-08-25,18-25岁,男,企业职员,10-20万,单身,1人,否,否,15-25万合资/自主车,换购,15-25万合资/自主车,10万以内,已购/用车复盘,1-2周,本人,销售顾问；KOL/博主；朋友/同事,通勤代步；低成本出行,周末短途；家庭出行；城市通勤,小红书/抖音内容；朋友/同事推荐,否,低使用成本；外观设计；价格权益,希望同预算下配置和权益更划算,价格是否值得；续航达成率；竞品是否更强,长安启源Q05；星愿,已下订,是,,受访者关注低使用成本，主要用于周末短途；同时对价格是否值得仍有疑问，决策中会对比长安启源Q05；星愿。,先围绕周末短途场景切入，再把低使用成本转化为可感知体验；对价格是否值得需结合竞品对比和真实用车成本解释。,公开资料方向拟定/模拟问卷样本,基于车型定位、价格段、能源形式、公开车主口碑和公开用户画像报告拟定；仅用于产品Demo，不代表真实调研结果。,2024增换购用户需求洞察｜汽车之家研究院,https://www.autohome.com.cn/news/202409/1300865.html
S011-03,零跑,零跑A10,零跑A10,6.58-8.68万,5-10万,纯电动,SUV,小型,5座,重庆市,2026-06-08,18-25岁,男,企业职员,10-20万,单身,3人,否,否,家中已有燃油车,增购,家中已有燃油车,10万以内,初步了解,1周内,本人,销售顾问；KOL/博主；车主评价,低成本出行；家庭出行升级；空间升级,城市通勤；家庭出行；充电便利场景,小红书/抖音内容；车主群/社群讨论；朋友/同事推荐,否,保值率；智能驾驶；空间舒适,希望兼顾家人乘坐和周末出行；希望降低通勤和长途驾驶压力,竞品是否更强；补能是否方便,星愿；元UP；长安启源Q05,继续比较,待定,,受访者关注保值率，主要用于城市通勤；同时对竞品是否更强仍有疑问，决策中会对比星愿；元UP；长安启源Q05。,先围绕城市通勤场景切入，再把保值率转化为可感知体验；对竞品是否更强需结合竞品对比和真实用车成本解释。,公开资料方向拟定/模拟问卷样本,基于车型定位、价格段、能源形式、公开车主口碑和公开用户画像报告拟定；仅用于产品Demo，不代表真实调研结果。,2024增换购用户需求洞察｜汽车之家研究院,https://www.autohome.com.cn/news/202409/1300865.html
S011-04,零跑,零跑A10,零跑A10,6.58-8.68万,5-10万,纯电动,SUV,小型,5座,福建省,2026-08-01,26-30岁,女,企业职员,10-20万,已婚无孩,3人,否,否,无车,首购,无车,10万以内,对比评估,2周-1个月,本人,KOL/博主；车主评价；朋友/同事,家庭出行升级；通勤代步,家庭出行；充电便利场景,懂车帝/汽车之家口碑；品牌直营店/4S店,是,智能座舱；安全性；外观设计,希望在预算内获得更稳定的综合体验,保值率；售后维修成本,元UP；长安启源Q05,价格合适会买,待定,,受访者关注智能座舱，主要用于家庭出行；同时对保值率仍有疑问，决策中会对比元UP；长安启源Q05。,先围绕家庭出行场景切入，再把智能座舱转化为可感知体验；对保值率需结合竞品对比和真实用车成本解释。,公开资料方向拟定/模拟问卷样本,基于车型定位、价格段、能源形式、公开车主口碑和公开用户画像报告拟定；仅用于产品Demo，不代表真实调研结果。,2024增换购用户需求洞察｜汽车之家研究院,https://www.autohome.com.cn/news/202409/1300865.html
S011-05,零跑,零跑A10,零跑A10,6.58-8.68万,5-10万,纯电动,SUV,小型,5座,安徽省,2026-07-03,18-25岁,男,企业职员,10-20万,单身,3人,否,是,无车,首购,无车,10万以内,对比评估,2周-1个月,本人+配偶,车主评价；朋友/同事；销售顾问,智能化体验；空间升级,城市通勤；家庭出行；周末短途,小红书/抖音内容；品牌直营店/4S店,是,外观设计；安全性；智能座舱；售后服务,希望在预算内获得更稳定的综合体验,保值率；智能化是否稳定,长安启源Q05；星愿,继续比较,待定,,受访者关注外观设计，主要用于城市通勤；同时对保值率仍有疑问，决策中会对比长安启源Q05；星愿。,先围绕城市通勤场景切入，再把外观设计转化为可感知体验；对保值率需结合竞品对比和真实用车成本解释。,公开资料方向拟定/模拟问卷样本,基于车型定位、价格段、能源形式、公开车主口碑和公开用户画像报告拟定；仅用于产品Demo，不代表真实调研结果。,2024增换购用户需求洞察｜汽车之家研究院,https://www.autohome.com.cn/news/202409/1300865.html
S011-06,零跑,零跑A10,零跑A10,6.58-8.68万,5-10万,纯电动,SUV,小型,5座,广东省,2026-08-03,18-25岁,男,学生/应届,20-30万,恋爱/情侣同住,3人,否,否,无车,首购,无车,10万以内,已试驾,1-2周,父母参与,车主评价；配偶；朋友/同事,低成本出行；通勤代步,充电便利场景；周末短途；家庭出行,品牌直营店/4S店；小红书/抖音内容；KOL评测,否,安全性；外观设计；智能座舱；空间舒适,希望兼顾家人乘坐和周末出行,竞品是否更强；续航达成率；售后维修成本,星愿；元UP；长安启源Q05,倾向本品,待定,,受访者关注安全性，主要用于充电便利场景；同时对竞品是否更强仍有疑问，决策中会对比星愿；元UP；长安启源Q05。,先围绕充电便利场景场景切入，再把安全性转化为可感知体验；对竞品是否更强需结合竞品对比和真实用车成本解释。,公开资料方向拟定/模拟问卷样本,基于车型定位、价格段、能源形式、公开车主口碑和公开用户画像报告拟定；仅用于产品Demo，不代表真实调研结果。,2024增换购用户需求洞察｜汽车之家研究院,https://www.autohome.com.cn/news/202409/1300865.html
S011-07,零跑,零跑A10,零跑A10,6.58-8.68万,5-10万,纯电动,SUV,小型,5座,湖北省,2026-08-02,26-30岁,女,企业职员,10-20万,单身,5人及以上,否,是,15-25万合资/自主车,换购,15-25万合资/自主车,10万以内,已试驾,1-2周,本人,车主评价；朋友/同事；KOL/博主,换新能源；空间升级；通勤代步,家庭出行；周末短途,品牌直营店/4S店；懂车帝/汽车之家口碑,否,安全性；智能驾驶；空间舒适；外观设计,希望兼顾家人乘坐和周末出行；希望降低通勤和长途驾驶压力,售后网络是否成熟；价格是否值得,元UP；长安启源Q05,继续比较,待定,,受访者关注安全性，主要用于家庭出行；同时对售后网络是否成熟仍有疑问，决策中会对比元UP；长安启源Q05。,先围绕家庭出行场景切入，再把安全性转化为可感知体验；对售后网络是否成熟需结合竞品对比和真实用车成本解释。,公开资料方向拟定/模拟问卷样本,基于车型定位、价格段、能源形式、公开车主口碑和公开用户画像报告拟定；仅用于产品Demo，不代表真实调研结果。,2024增换购用户需求洞察｜汽车之家研究院,https://www.autohome.com.cn/news/202409/1300865.html
S011-08,零跑,零跑A10,零跑A10,6.58-8.68万,5-10万,纯电动,SUV,小型,5座,陕西省,2026-07-17,18-25岁,男,企业职员,20-30万,已婚无孩,5人及以上,否,是,15-25万合资/自主车,换购,15-25万合资/自主车,10万以内,价格谈判,2周-1个月,本人,配偶；KOL/博主,换新能源；空间升级；低成本出行,城市通勤；充电便利场景；周末短途,小红书/抖音内容；朋友/同事推荐,是,智能座舱；智能驾驶；安全性,希望降低通勤和长途驾驶压力,价格是否值得；售后维修成本,长安启源Q05；星愿,转向竞品,否,家人更认可竞品,受访者关注智能座舱，主要用于城市通勤；同时对价格是否值得仍有疑问，决策中会对比长安启源Q05；星愿。,先围绕城市通勤场景切入，再把智能座舱转化为可感知体验；对价格是否值得需结合竞品对比和真实用车成本解释。,公开资料方向拟定/模拟问卷样本,基于车型定位、价格段、能源形式、公开车主口碑和公开用户画像报告拟定；仅用于产品Demo，不代表真实调研结果。,2024增换购用户需求洞察｜汽车之家研究院,https://www.autohome.com.cn/news/202409/1300865.html
S012-01,华晨宝马,宝马3系,宝马3系,25.80-33.80万,20-30万,传统燃料,轿车,中型,5座,上海市,2026-07-26,31-35岁,不便透露,企业高管/企业主,50-80万,已婚一孩,3人,是,否,15-25万合资/自主车,换购,15-25万合资/自主车,20-40万,已试驾,1-2个月,本人+配偶,车主评价；父母；配偶,空间升级；通勤代步,城市通勤；周末短途；家庭出行,朋友/同事推荐；小红书/抖音内容,否,品牌认知；保值率；驾驶质感；价格权益,在意品牌形象和商务/社交场景认可度；希望同预算下配置和权益更划算,油耗是否偏高；后备厢空间,奥迪A4L；奔驰C级,倾向本品,待定,,受访者关注品牌认知，主要用于城市通勤；同时对油耗是否偏高仍有疑问，决策中会对比奥迪A4L；奔驰C级。,先围绕城市通勤场景切入，再把品牌认知转化为可感知体验；对油耗是否偏高需结合竞品对比和真实用车成本解释。,公开资料方向拟定/模拟问卷样本,基于车型定位、价格段、能源形式、公开车主口碑和公开用户画像报告拟定；仅用于产品Demo，不代表真实调研结果。,宝马X3/5系公开车主口碑｜懂车帝,https://www.dongchedi.com/auto/series/score/2812-x-S0-4-create_time-x-1
S012-02,华晨宝马,宝马3系,宝马3系,25.80-33.80万,20-30万,传统燃料,轿车,中型,5座,福建省,2026-07-05,41-45岁,不便透露,金融/地产从业者,50-80万,商务/个人用车,3人,否,是,15-25万合资/自主车,换购,15-25万合资/自主车,20-40万,已试驾,2周-1个月,本人+配偶,车主评价；销售顾问；KOL/博主,空间升级；品牌升级；商务接待,家庭出行；周末短途,品牌直营店/4S店；朋友/同事推荐,是,通勤舒适；空间舒适；保值率,希望兼顾家人乘坐和周末出行,保值率；保养维修费用；后排空间,奥迪A4L；奔驰C级,倾向本品,待定,,受访者关注通勤舒适，主要用于家庭出行；同时对保值率仍有疑问，决策中会对比奥迪A4L；奔驰C级。,先围绕家庭出行场景切入，再把通勤舒适转化为可感知体验；对保值率需结合竞品对比和真实用车成本解释。,公开资料方向拟定/模拟问卷样本,基于车型定位、价格段、能源形式、公开车主口碑和公开用户画像报告拟定；仅用于产品Demo，不代表真实调研结果。,宝马X3/5系公开车主口碑｜懂车帝,https://www.dongchedi.com/auto/series/score/2812-x-S0-4-create_time-x-1
S012-03,华晨宝马,宝马3系,宝马3系,25.80-33.80万,20-30万,传统燃料,轿车,中型,5座,河南省,2026-08-12,36-40岁,女,私营业主/个体经营者,50-80万,已婚无孩,1人,否,否,无车,首购,无车,20-40万,已购/用车复盘,1-2个月,本人+配偶,朋友/同事；车主评价,商务与家用兼顾；驾驶乐趣；商务接待,商务接待；家庭出行,车主群/社群讨论；品牌直营店/4S店,否,空间舒适；操控体验；可靠性,希望兼顾家人乘坐和周末出行,车机/智能化是否落后；保值率,奥迪A4L；奔驰C级；小米SU7,转向竞品,否,补能/售后更方便,受访者关注空间舒适，主要用于商务接待；同时对车机/智能化是否落后仍有疑问，决策中会对比奥迪A4L；奔驰C级；小米SU7。,先围绕商务接待场景切入，再把空间舒适转化为可感知体验；对车机/智能化是否落后需结合竞品对比和真实用车成本解释。,公开资料方向拟定/模拟问卷样本,基于车型定位、价格段、能源形式、公开车主口碑和公开用户画像报告拟定；仅用于产品Demo，不代表真实调研结果。,宝马X3/5系公开车主口碑｜懂车帝,https://www.dongchedi.com/auto/series/score/2812-x-S0-4-create_time-x-1
S012-04,华晨宝马,宝马3系,宝马3系,25.80-33.80万,20-30万,传统燃料,轿车,中型,5座,安徽省,2026-07-08,41-45岁,男,中基层管理者,100万以上,已婚一孩,4人,是,否,家中已有新能源车,增购,家中已有新能源车,20-40万,已购/用车复盘,2周-1个月,家庭共同决策,父母；配偶,商务与家用兼顾；空间升级；家庭出行升级,家庭出行；周末短途；商务接待,懂车帝/汽车之家口碑；KOL评测；朋友/同事推荐,是,空间舒适；保值率；通勤舒适,希望兼顾家人乘坐和周末出行,保养维修费用；保值率；车机/智能化是否落后,奥迪A4L；奔驰C级,继续比较,待定,,受访者关注空间舒适，主要用于家庭出行；同时对保养维修费用仍有疑问，决策中会对比奥迪A4L；奔驰C级。,先围绕家庭出行场景切入，再把空间舒适转化为可感知体验；对保养维修费用需结合竞品对比和真实用车成本解释。,公开资料方向拟定/模拟问卷样本,基于车型定位、价格段、能源形式、公开车主口碑和公开用户画像报告拟定；仅用于产品Demo，不代表真实调研结果。,宝马X3/5系公开车主口碑｜懂车帝,https://www.dongchedi.com/auto/series/score/2812-x-S0-4-create_time-x-1
S012-05,华晨宝马,宝马3系,宝马3系,25.80-33.80万,20-30万,传统燃料,轿车,中型,5座,福建省,2026-06-27,31-35岁,女,中基层管理者,50-80万,已婚无孩,3人,否,否,15-25万合资/自主车,换购,15-25万合资/自主车,20-40万,流失/转向竞品,2个月以上,本人+配偶,配偶；朋友/同事；车主评价,驾驶乐趣；商务接待,城市通勤；周末短途；家庭出行,KOL评测；小红书/抖音内容,是,售后服务；可靠性；外观设计；保值率,希望在预算内获得更稳定的综合体验,内饰科技感；后备厢空间；保值率,奥迪A4L；奔驰C级,倾向本品,待定,,受访者关注售后服务，主要用于城市通勤；同时对内饰科技感仍有疑问，决策中会对比奥迪A4L；奔驰C级。,先围绕城市通勤场景切入，再把售后服务转化为可感知体验；对内饰科技感需结合竞品对比和真实用车成本解释。,公开资料方向拟定/模拟问卷样本,基于车型定位、价格段、能源形式、公开车主口碑和公开用户画像报告拟定；仅用于产品Demo，不代表真实调研结果。,宝马X3/5系公开车主口碑｜懂车帝,https://www.dongchedi.com/auto/series/score/2812-x-S0-4-create_time-x-1
S012-06,华晨宝马,宝马3系,宝马3系,25.80-33.80万,20-30万,传统燃料,轿车,中型,5座,湖北省,2026-06-26,36-40岁,男,中基层管理者,50-80万,已婚无孩,2人,否,否,15-25万合资/自主车,换购,15-25万合资/自主车,20-40万,初步了解,2周-1个月,本人+配偶,车主评价；KOL/博主,换新能源；家庭出行升级；商务与家用兼顾,家庭出行；商务接待；城市通勤,朋友/同事推荐；小红书/抖音内容,是,豪华感/质感；安全性；可靠性,希望在预算内获得更稳定的综合体验,后排空间；油耗是否偏高,奥迪A4L；奔驰C级；小米SU7,转向竞品,否,竞品智驾更强,受访者关注豪华感/质感，主要用于家庭出行；同时对后排空间仍有疑问，决策中会对比奥迪A4L；奔驰C级；小米SU7。,先围绕家庭出行场景切入，再把豪华感/质感转化为可感知体验；对后排空间需结合竞品对比和真实用车成本解释。,公开资料方向拟定/模拟问卷样本,基于车型定位、价格段、能源形式、公开车主口碑和公开用户画像报告拟定；仅用于产品Demo，不代表真实调研结果。,宝马X3/5系公开车主口碑｜懂车帝,https://www.dongchedi.com/auto/series/score/2812-x-S0-4-create_time-x-1
S012-07,华晨宝马,宝马3系,宝马3系,25.80-33.80万,20-30万,传统燃料,轿车,中型,5座,四川省,2026-08-19,36-40岁,女,金融/地产从业者,50-80万,已婚一孩,3人,是,否,家中已有燃油车,增购,家中已有燃油车,20-40万,对比评估,1-2周,本人+配偶,子女；配偶；KOL/博主,商务接待；商务与家用兼顾,周末短途；商务接待；家庭出行,车主群/社群讨论；KOL评测,否,豪华感/质感；售后服务；通勤舒适；保值率,希望在预算内获得更稳定的综合体验,保养维修费用；售后维修成本,奥迪A4L；奔驰C级,已下订,是,,受访者关注豪华感/质感，主要用于周末短途；同时对保养维修费用仍有疑问，决策中会对比奥迪A4L；奔驰C级。,先围绕周末短途场景切入，再把豪华感/质感转化为可感知体验；对保养维修费用需结合竞品对比和真实用车成本解释。,公开资料方向拟定/模拟问卷样本,基于车型定位、价格段、能源形式、公开车主口碑和公开用户画像报告拟定；仅用于产品Demo，不代表真实调研结果。,宝马X3/5系公开车主口碑｜懂车帝,https://www.dongchedi.com/auto/series/score/2812-x-S0-4-create_time-x-1
S012-08,华晨宝马,宝马3系,宝马3系,25.80-33.80万,20-30万,传统燃料,轿车,中型,5座,江苏省,2026-06-16,31-35岁,男,中基层管理者,100万以上,已婚一孩,3人,是,否,15-25万合资/自主车,换购,15-25万合资/自主车,20-40万,已购/用车复盘,2周-1个月,本人+配偶,配偶；父母,通勤代步；换新能源,商务接待；周末短途,小红书/抖音内容；KOL评测,是,通勤舒适；驾驶质感；保值率；可靠性,希望在预算内获得更稳定的综合体验,油耗是否偏高；车机/智能化是否落后,奥迪A4L；奔驰C级,转向竞品,否,品牌认可度更高,受访者关注通勤舒适，主要用于商务接待；同时对油耗是否偏高仍有疑问，决策中会对比奥迪A4L；奔驰C级。,先围绕商务接待场景切入，再把通勤舒适转化为可感知体验；对油耗是否偏高需结合竞品对比和真实用车成本解释。,公开资料方向拟定/模拟问卷样本,基于车型定位、价格段、能源形式、公开车主口碑和公开用户画像报告拟定；仅用于产品Demo，不代表真实调研结果。,宝马X3/5系公开车主口碑｜懂车帝,https://www.dongchedi.com/auto/series/score/2812-x-S0-4-create_time-x-1
S012-09,华晨宝马,宝马3系,宝马3系,25.80-33.80万,20-30万,传统燃料,轿车,中型,5座,山东省,2026-08-06,36-40岁,男,中基层管理者,100万以上,已婚无孩,1人,否,是,无车,首购,无车,20-40万,流失/转向竞品,1-2个月,本人,车主评价；配偶；KOL/博主,家庭出行升级；通勤代步,周末短途；家庭出行；城市通勤,车主群/社群讨论；懂车帝/汽车之家口碑,是,保值率；售后服务；外观设计,希望在预算内获得更稳定的综合体验,竞品是否更强；内饰科技感,奥迪A4L；奔驰C级；小米SU7,倾向本品,待定,,受访者关注保值率，主要用于周末短途；同时对竞品是否更强仍有疑问，决策中会对比奥迪A4L；奔驰C级；小米SU7。,先围绕周末短途场景切入，再把保值率转化为可感知体验；对竞品是否更强需结合竞品对比和真实用车成本解释。,公开资料方向拟定/模拟问卷样本,基于车型定位、价格段、能源形式、公开车主口碑和公开用户画像报告拟定；仅用于产品Demo，不代表真实调研结果。,宝马X3/5系公开车主口碑｜懂车帝,https://www.dongchedi.com/auto/series/score/2812-x-S0-4-create_time-x-1
S012-10,华晨宝马,宝马3系,宝马3系,25.80-33.80万,20-30万,传统燃料,轿车,中型,5座,福建省,2026-08-04,31-35岁,男,金融/地产从业者,30-50万,已婚无孩,2人,否,否,无车,首购,无车,20-40万,已下订,1-2个月,本人+配偶,朋友/同事；KOL/博主；车主评价,商务与家用兼顾；换新能源；商务接待,家庭出行；商务接待；城市通勤,品牌直营店/4S店；小红书/抖音内容；懂车帝/汽车之家口碑,是,售后服务；安全性；保值率,希望在预算内获得更稳定的综合体验,底盘舒适性；油耗是否偏高,奥迪A4L；奔驰C级,转向竞品,否,家人更认可竞品,受访者关注售后服务，主要用于家庭出行；同时对底盘舒适性仍有疑问，决策中会对比奥迪A4L；奔驰C级。,先围绕家庭出行场景切入，再把售后服务转化为可感知体验；对底盘舒适性需结合竞品对比和真实用车成本解释。,公开资料方向拟定/模拟问卷样本,基于车型定位、价格段、能源形式、公开车主口碑和公开用户画像报告拟定；仅用于产品Demo，不代表真实调研结果。,宝马X3/5系公开车主口碑｜懂车帝,https://www.dongchedi.com/auto/series/score/2812-x-S0-4-create_time-x-1
S012-11,华晨宝马,宝马3系,宝马3系,25.80-33.80万,20-30万,传统燃料,轿车,中型,5座,湖北省,2026-06-19,41-45岁,男,金融/地产从业者,30-50万,商务/个人用车,4人,否,否,家中已有燃油车,增购,家中已有燃油车,20-40万,已试驾,2周-1个月,家庭共同决策,KOL/博主；朋友/同事；销售顾问,通勤代步；商务接待；品牌升级,商务接待；家庭出行；城市通勤,车主群/社群讨论；懂车帝/汽车之家口碑；朋友/同事推荐,否,操控体验；豪华感/质感；品牌认知；价格权益,在意品牌形象和商务/社交场景认可度；希望同预算下配置和权益更划算,底盘舒适性；保养维修费用；售后维修成本,奥迪A4L；奔驰C级,已购,是,,受访者关注操控体验，主要用于商务接待；同时对底盘舒适性仍有疑问，决策中会对比奥迪A4L；奔驰C级。,先围绕商务接待场景切入，再把操控体验转化为可感知体验；对底盘舒适性需结合竞品对比和真实用车成本解释。,公开资料方向拟定/模拟问卷样本,基于车型定位、价格段、能源形式、公开车主口碑和公开用户画像报告拟定；仅用于产品Demo，不代表真实调研结果。,宝马X3/5系公开车主口碑｜懂车帝,https://www.dongchedi.com/auto/series/score/2812-x-S0-4-create_time-x-1
S012-12,华晨宝马,宝马3系,宝马3系,25.80-33.80万,20-30万,传统燃料,轿车,中型,5座,山东省,2026-08-03,36-40岁,男,中基层管理者,50-80万,商务/个人用车,2人,否,否,15-25万合资/自主车,换购,15-25万合资/自主车,20-40万,已试驾,2周-1个月,家庭共同决策,车主评价；销售顾问；KOL/博主,换新能源；通勤代步,家庭出行；城市通勤,品牌直营店/4S店；KOL评测,是,空间舒适；保值率；品牌认知；售后服务,希望兼顾家人乘坐和周末出行；在意品牌形象和商务/社交场景认可度,油耗是否偏高；保养维修费用；后排空间,奥迪A4L；奔驰C级；小米SU7,已购,是,,受访者关注空间舒适，主要用于家庭出行；同时对油耗是否偏高仍有疑问，决策中会对比奥迪A4L；奔驰C级；小米SU7。,先围绕家庭出行场景切入，再把空间舒适转化为可感知体验；对油耗是否偏高需结合竞品对比和真实用车成本解释。,公开资料方向拟定/模拟问卷样本,基于车型定位、价格段、能源形式、公开车主口碑和公开用户画像报告拟定；仅用于产品Demo，不代表真实调研结果。,宝马X3/5系公开车主口碑｜懂车帝,https://www.dongchedi.com/auto/series/score/2812-x-S0-4-create_time-x-1
S012-13,华晨宝马,宝马3系,宝马3系,25.80-33.80万,20-30万,传统燃料,轿车,中型,5座,江苏省,2026-07-04,31-35岁,女,中基层管理者,50-80万,已婚一孩,3人,是,否,无车,首购,无车,20-40万,已购/用车复盘,2周-1个月,本人+配偶,KOL/博主；子女；配偶,通勤代步；商务与家用兼顾；空间升级,周末短途；家庭出行；商务接待,朋友/同事推荐；KOL评测；品牌直营店/4S店,否,安全性；操控体验；售后服务；通勤舒适,希望在预算内获得更稳定的综合体验,后排空间是否够用；保养维修费用；保养维修成本,奥迪A4L；奔驰C级,倾向本品,待定,,受访者关注安全性，主要用于周末短途；同时对后排空间是否够用仍有疑问，决策中会对比奥迪A4L；奔驰C级。,先围绕周末短途场景切入，再把安全性转化为可感知体验；对后排空间是否够用需结合竞品对比和真实用车成本解释。,公开资料方向拟定/模拟问卷样本,基于车型定位、价格段、能源形式、公开车主口碑和公开用户画像报告拟定；仅用于产品Demo，不代表真实调研结果。,宝马X3/5系公开车主口碑｜懂车帝,https://www.dongchedi.com/auto/series/score/2812-x-S0-4-create_time-x-1
S012-14,华晨宝马,宝马3系,宝马3系,25.80-33.80万,20-30万,传统燃料,轿车,中型,5座,四川省,2026-06-16,31-35岁,女,企业高管/企业主,50-80万,商务/个人用车,3人,否,否,家中已有新能源车,增购,家中已有新能源车,20-40万,已购/用车复盘,2周-1个月,家庭共同决策,朋友/同事；KOL/博主,换新能源；通勤代步,城市通勤；周末短途,KOL评测；小红书/抖音内容；懂车帝/汽车之家口碑,是,售后服务；安全性；保值率；外观设计,希望在预算内获得更稳定的综合体验,后排空间；车机/智能化是否落后,奥迪A4L；奔驰C级,已购,是,,受访者关注售后服务，主要用于城市通勤；同时对后排空间仍有疑问，决策中会对比奥迪A4L；奔驰C级。,先围绕城市通勤场景切入，再把售后服务转化为可感知体验；对后排空间需结合竞品对比和真实用车成本解释。,公开资料方向拟定/模拟问卷样本,基于车型定位、价格段、能源形式、公开车主口碑和公开用户画像报告拟定；仅用于产品Demo，不代表真实调研结果。,宝马X3/5系公开车主口碑｜懂车帝,https://www.dongchedi.com/auto/series/score/2812-x-S0-4-create_time-x-1
S012-15,华晨宝马,宝马3系,宝马3系,25.80-33.80万,20-30万,传统燃料,轿车,中型,5座,山东省,2026-08-11,36-40岁,女,中基层管理者,30-50万,已婚无孩,4人,否,否,无车,首购,无车,20-40万,对比评估,1-2个月,本人,朋友/同事；KOL/博主；车主评价,商务与家用兼顾；换新能源；家庭出行升级,家庭出行；周末短途,朋友/同事推荐；品牌直营店/4S店,是,保值率；驾驶质感；通勤舒适,希望在预算内获得更稳定的综合体验,保养维修成本；价格是否值得,奥迪A4L；奔驰C级；小米SU7,倾向本品,待定,,受访者关注保值率，主要用于家庭出行；同时对保养维修成本仍有疑问，决策中会对比奥迪A4L；奔驰C级；小米SU7。,先围绕家庭出行场景切入，再把保值率转化为可感知体验；对保养维修成本需结合竞品对比和真实用车成本解释。,公开资料方向拟定/模拟问卷样本,基于车型定位、价格段、能源形式、公开车主口碑和公开用户画像报告拟定；仅用于产品Demo，不代表真实调研结果。,宝马X3/5系公开车主口碑｜懂车帝,https://www.dongchedi.com/auto/series/score/2812-x-S0-4-create_time-x-1
S012-16,华晨宝马,宝马3系,宝马3系,25.80-33.80万,20-30万,传统燃料,轿车,中型,5座,北京市,2026-06-06,31-35岁,女,互联网/科技从业者,80-100万,商务/个人用车,3人,否,否,无车,首购,无车,20-40万,已下订,2个月以上,本人,销售顾问；KOL/博主,驾驶乐趣；商务与家用兼顾；换新能源,商务接待；城市通勤；家庭出行,小红书/抖音内容；懂车帝/汽车之家口碑；KOL评测,否,豪华感/质感；保值率；安全性,希望在预算内获得更稳定的综合体验,油耗是否偏高；配置性价比,奥迪A4L；奔驰C级,价格合适会买,待定,,受访者关注豪华感/质感，主要用于商务接待；同时对油耗是否偏高仍有疑问，决策中会对比奥迪A4L；奔驰C级。,先围绕商务接待场景切入，再把豪华感/质感转化为可感知体验；对油耗是否偏高需结合竞品对比和真实用车成本解释。,公开资料方向拟定/模拟问卷样本,基于车型定位、价格段、能源形式、公开车主口碑和公开用户画像报告拟定；仅用于产品Demo，不代表真实调研结果。,宝马X3/5系公开车主口碑｜懂车帝,https://www.dongchedi.com/auto/series/score/2812-x-S0-4-create_time-x-1
S012-17,华晨宝马,宝马3系,宝马3系,25.80-33.80万,20-30万,传统燃料,轿车,中型,5座,重庆市,2026-08-18,31-35岁,男,金融/地产从业者,100万以上,商务/个人用车,3人,否,否,无车,首购,无车,20-40万,对比评估,1-2个月,本人+配偶,车主评价；KOL/博主,换新能源；家庭出行升级,周末短途；家庭出行,懂车帝/汽车之家口碑；朋友/同事推荐,是,空间舒适；保值率；可靠性,希望兼顾家人乘坐和周末出行,保养维修成本；车机/智能化是否落后,奥迪A4L；奔驰C级,倾向本品,待定,,受访者关注空间舒适，主要用于周末短途；同时对保养维修成本仍有疑问，决策中会对比奥迪A4L；奔驰C级。,先围绕周末短途场景切入，再把空间舒适转化为可感知体验；对保养维修成本需结合竞品对比和真实用车成本解释。,公开资料方向拟定/模拟问卷样本,基于车型定位、价格段、能源形式、公开车主口碑和公开用户画像报告拟定；仅用于产品Demo，不代表真实调研结果。,宝马X3/5系公开车主口碑｜懂车帝,https://www.dongchedi.com/auto/series/score/2812-x-S0-4-create_time-x-1
S012-18,华晨宝马,宝马3系,宝马3系,25.80-33.80万,20-30万,传统燃料,轿车,中型,5座,陕西省,2026-06-05,41-45岁,男,中基层管理者,30-50万,已婚一孩,4人,是,是,家中已有新能源车,增购,家中已有新能源车,20-40万,已下订,2周-1个月,家庭共同决策,父母；子女；KOL/博主,通勤代步；品牌升级；商务接待,商务接待；家庭出行,小红书/抖音内容；车主群/社群讨论；朋友/同事推荐,是,品牌认知；驾驶质感；外观设计；通勤舒适,在意品牌形象和商务/社交场景认可度,售后维修成本；后排空间是否够用；价格是否值得,奥迪A4L；奔驰C级；小米SU7,倾向本品,待定,,受访者关注品牌认知，主要用于商务接待；同时对售后维修成本仍有疑问，决策中会对比奥迪A4L；奔驰C级；小米SU7。,先围绕商务接待场景切入，再把品牌认知转化为可感知体验；对售后维修成本需结合竞品对比和真实用车成本解释。,公开资料方向拟定/模拟问卷样本,基于车型定位、价格段、能源形式、公开车主口碑和公开用户画像报告拟定；仅用于产品Demo，不代表真实调研结果。,宝马X3/5系公开车主口碑｜懂车帝,https://www.dongchedi.com/auto/series/score/2812-x-S0-4-create_time-x-1
S012-19,华晨宝马,宝马3系,宝马3系,25.80-33.80万,20-30万,传统燃料,轿车,中型,5座,重庆市,2026-06-19,31-35岁,男,企业高管/企业主,100万以上,已婚无孩,3人,否,否,15-25万合资/自主车,换购,15-25万合资/自主车,20-40万,对比评估,1-2个月,本人,朋友/同事；KOL/博主；车主评价,换新能源；空间升级；驾驶乐趣,城市通勤；家庭出行；周末短途,小红书/抖音内容；KOL评测；品牌直营店/4S店,是,品牌认知；安全性；售后服务,在意品牌形象和商务/社交场景认可度,后排空间；后排空间是否够用；保养维修费用,奥迪A4L；奔驰C级,继续比较,待定,,受访者关注品牌认知，主要用于城市通勤；同时对后排空间仍有疑问，决策中会对比奥迪A4L；奔驰C级。,先围绕城市通勤场景切入，再把品牌认知转化为可感知体验；对后排空间需结合竞品对比和真实用车成本解释。,公开资料方向拟定/模拟问卷样本,基于车型定位、价格段、能源形式、公开车主口碑和公开用户画像报告拟定；仅用于产品Demo，不代表真实调研结果。,宝马X3/5系公开车主口碑｜懂车帝,https://www.dongchedi.com/auto/series/score/2812-x-S0-4-create_time-x-1
S012-20,华晨宝马,宝马3系,宝马3系,25.80-33.80万,20-30万,传统燃料,轿车,中型,5座,湖北省,2026-07-14,41-45岁,男,企业高管/企业主,30-50万,已婚无孩,4人,否,否,家中已有新能源车,增购,家中已有新能源车,20-40万,流失/转向竞品,2个月以上,本人+配偶,朋友/同事；配偶,商务接待；商务与家用兼顾,商务接待；家庭出行,朋友/同事推荐；品牌直营店/4S店,是,安全性；价格权益；通勤舒适,希望同预算下配置和权益更划算,保值率；配置性价比；内饰科技感,奥迪A4L；奔驰C级,转向竞品,否,竞品价格更低,受访者关注安全性，主要用于商务接待；同时对保值率仍有疑问，决策中会对比奥迪A4L；奔驰C级。,先围绕商务接待场景切入，再把安全性转化为可感知体验；对保值率需结合竞品对比和真实用车成本解释。,公开资料方向拟定/模拟问卷样本,基于车型定位、价格段、能源形式、公开车主口碑和公开用户画像报告拟定；仅用于产品Demo，不代表真实调研结果。,宝马X3/5系公开车主口碑｜懂车帝,https://www.dongchedi.com/auto/series/score/2812-x-S0-4-create_time-x-1
S013-01,理想,理想L6,理想L6,24.98万,20-30万,增程式插混,SUV,中大型,6座,北京市,2026-06-03,26-30岁,男,互联网/科技从业者,20-30万,恋爱/情侣同住,2人,否,否,无车,首购,无车,20-30万,流失/转向竞品,2个月以上,本人+配偶,KOL/博主；车主评价；配偶,家庭出行升级；长途/自驾,老人小孩乘坐；接送孩子；多成员家庭出行,朋友/同事推荐；小红书/抖音内容；懂车帝/汽车之家口碑,是,家庭适配；空间舒适；智能座舱；增程无焦虑,希望兼顾家人乘坐和周末出行,价格是否值得；智驾是否强于竞品,Model Y；问界M6,已下订,是,,受访者整体对理想L6的家庭场景适配度评价较积极，关注家庭适配，认为其能兼顾老人小孩乘坐与家人乘坐；主要顾虑集中在价格是否值得，决策中会对比Model Y；问界M6。,优先从情侣/家庭共同决策和真实出行场景切入，强调空间、座舱和增程/补能确定性体验，再回应价格是否值得。,公开资料方向拟定/模拟问卷样本,基于车型定位、价格段、能源形式、公开车主口碑和公开用户画像报告拟定；仅用于产品Demo，不代表真实调研结果。,理想L6大定车主调研报告｜42号车库/澎湃,https://www.thepaper.cn/newsDetail_forward_27214618
S013-02,理想,理想L6,理想L6,24.98万,20-30万,增程式插混,SUV,中大型,6座,河南省,2026-06-06,26-30岁,女,企业职员,50-80万,恋爱/情侣同住,5人及以上,否,否,无车,首购,无车,20-30万,初步了解,1-2个月,本人+配偶,父母；配偶；KOL/博主,年轻家庭第一辆改善型车；家庭出行升级；长途/自驾,城市通勤；老人小孩乘坐；长途自驾,车主群/社群讨论；品牌直营店/4S店；KOL评测,是,家庭适配；空间舒适；智能座舱；增程无焦虑,希望兼顾家人乘坐和周末出行,价格是否值得；智驾是否强于竞品,Model Y；问界M6,倾向本品,待定,,受访者整体对理想L6的家庭场景适配度评价较积极，关注家庭适配，认为其能兼顾城市通勤与家人乘坐；主要顾虑集中在价格是否值得，决策中会对比Model Y；问界M6。,优先从情侣/家庭共同决策和真实出行场景切入，强调空间、座舱和增程/补能确定性体验，再回应价格是否值得。,公开资料方向拟定/模拟问卷样本,基于车型定位、价格段、能源形式、公开车主口碑和公开用户画像报告拟定；仅用于产品Demo，不代表真实调研结果。,理想L6大定车主调研报告｜42号车库/澎湃,https://www.thepaper.cn/newsDetail_forward_27214618
S013-03,理想,理想L6,理想L6,24.98万,20-30万,增程式插混,SUV,中大型,6座,广东省,2026-08-10,26-30岁,女,互联网/科技从业者,20-30万,恋爱/情侣同住,3人,否,否,无车,首购,无车,20-30万,已下订,2周-1个月,本人+配偶,配偶；朋友/同事；车主评价,通勤代步；年轻家庭第一辆改善型车；换新能源,老人小孩乘坐；城市通勤；多成员家庭出行,KOL评测；车主群/社群讨论；小红书/抖音内容,是,家庭适配；空间舒适；智能座舱；增程无焦虑,希望在预算内获得更稳定的综合体验,价格是否值得；智驾是否强于竞品,Model Y；问界M6；理想i6,继续比较,待定,,受访者整体对理想L6的家庭场景适配度评价较积极，关注家庭适配，认为其能兼顾老人小孩乘坐与家人乘坐；主要顾虑集中在价格是否值得，决策中会对比Model Y；问界M6；理想i6。,优先从情侣/家庭共同决策和真实出行场景切入，强调空间、座舱和增程/补能确定性体验，再回应价格是否值得。,公开资料方向拟定/模拟问卷样本,基于车型定位、价格段、能源形式、公开车主口碑和公开用户画像报告拟定；仅用于产品Demo，不代表真实调研结果。,理想L6大定车主调研报告｜42号车库/澎湃,https://www.thepaper.cn/newsDetail_forward_27214618
S013-04,理想,理想L6,理想L6,24.98万,20-30万,增程式插混,SUV,中大型,6座,河南省,2026-06-04,26-30岁,男,中基层管理者,30-50万,恋爱/情侣同住,3人,否,否,无车,首购,无车,20-30万,已购/用车复盘,2个月以上,本人+配偶,配偶；KOL/博主；车主评价,减少里程焦虑；换新能源；年轻家庭第一辆改善型车,老人小孩乘坐；城市通勤；家庭出行,懂车帝/汽车之家口碑；KOL评测,是,家庭适配；空间舒适；智能座舱；增程无焦虑,希望兼顾家人乘坐和周末出行；希望同预算下配置和权益更划算,价格是否值得；智驾是否强于竞品,Model Y；问界M6,已下订,是,,受访者整体对理想L6的家庭场景适配度评价较积极，关注家庭适配，认为其能兼顾老人小孩乘坐与家人乘坐；主要顾虑集中在价格是否值得，决策中会对比Model Y；问界M6。,优先从情侣/家庭共同决策和真实出行场景切入，强调空间、座舱和增程/补能确定性体验，再回应价格是否值得。,公开资料方向拟定/模拟问卷样本,基于车型定位、价格段、能源形式、公开车主口碑和公开用户画像报告拟定；仅用于产品Demo，不代表真实调研结果。,理想L6大定车主调研报告｜42号车库/澎湃,https://www.thepaper.cn/newsDetail_forward_27214618
S013-05,理想,理想L6,理想L6,24.98万,20-30万,增程式插混,SUV,中大型,6座,四川省,2026-06-12,26-30岁,女,自由职业/内容创作者,20-30万,恋爱/情侣同住,5人及以上,否,否,无车,首购,无车,20-30万,已购/用车复盘,1-2个月,本人+配偶,KOL/博主；配偶,家庭出行升级；减少里程焦虑；年轻家庭第一辆改善型车,长途自驾；接送孩子,小红书/抖音内容；朋友/同事推荐,是,家庭适配；空间舒适；智能座舱；增程无焦虑,希望兼顾家人乘坐和周末出行；希望同预算下配置和权益更划算,价格是否值得；智驾是否强于竞品,Model Y；问界M6,已下订,是,,受访者整体对理想L6的家庭场景适配度评价较积极，关注家庭适配，认为其能兼顾长途自驾与家人乘坐；主要顾虑集中在价格是否值得，决策中会对比Model Y；问界M6。,优先从情侣/家庭共同决策和真实出行场景切入，强调空间、座舱和增程/补能确定性体验，再回应价格是否值得。,公开资料方向拟定/模拟问卷样本,基于车型定位、价格段、能源形式、公开车主口碑和公开用户画像报告拟定；仅用于产品Demo，不代表真实调研结果。,理想L6大定车主调研报告｜42号车库/澎湃,https://www.thepaper.cn/newsDetail_forward_27214618
S013-06,理想,理想L6,理想L6,24.98万,20-30万,增程式插混,SUV,中大型,6座,上海市,2026-08-26,26-30岁,女,企业职员,50-80万,恋爱/情侣同住,5人及以上,否,否,无车,首购,无车,20-30万,初步了解,1-2个月,本人+配偶,配偶；KOL/博主；朋友/同事,空间升级；通勤代步；减少里程焦虑,老人小孩乘坐；家庭出行；周末短途,懂车帝/汽车之家口碑；车主群/社群讨论；品牌直营店/4S店,否,家庭适配；空间舒适；智能座舱；增程无焦虑,希望兼顾家人乘坐和周末出行,价格是否值得；智驾是否强于竞品,Model Y；问界M6；理想i6,价格合适会买,待定,,受访者整体对理想L6的家庭场景适配度评价较积极，关注家庭适配，认为其能兼顾老人小孩乘坐与家人乘坐；主要顾虑集中在价格是否值得，决策中会对比Model Y；问界M6；理想i6。,优先从情侣/家庭共同决策和真实出行场景切入，强调空间、座舱和增程/补能确定性体验，再回应价格是否值得。,公开资料方向拟定/模拟问卷样本,基于车型定位、价格段、能源形式、公开车主口碑和公开用户画像报告拟定；仅用于产品Demo，不代表真实调研结果。,理想L6大定车主调研报告｜42号车库/澎湃,https://www.thepaper.cn/newsDetail_forward_27214618
S013-07,理想,理想L6,理想L6,24.98万,20-30万,增程式插混,SUV,中大型,6座,广东省,2026-07-07,26-30岁,男,自由职业/内容创作者,50-80万,恋爱/情侣同住,4人,否,否,无车,首购,无车,20-30万,对比评估,2周-1个月,本人+配偶,配偶；朋友/同事,通勤代步；减少里程焦虑；长途/自驾,老人小孩乘坐；多成员家庭出行,车主群/社群讨论；朋友/同事推荐,是,家庭适配；空间舒适；智能座舱；增程无焦虑,希望在预算内获得更稳定的综合体验,价格是否值得；智驾是否强于竞品,Model Y；问界M6,已购,是,,受访者整体对理想L6的家庭场景适配度评价较积极，关注家庭适配，认为其能兼顾老人小孩乘坐与家人乘坐；主要顾虑集中在价格是否值得，决策中会对比Model Y；问界M6。,优先从情侣/家庭共同决策和真实出行场景切入，强调空间、座舱和增程/补能确定性体验，再回应价格是否值得。,公开资料方向拟定/模拟问卷样本,基于车型定位、价格段、能源形式、公开车主口碑和公开用户画像报告拟定；仅用于产品Demo，不代表真实调研结果。,理想L6大定车主调研报告｜42号车库/澎湃,https://www.thepaper.cn/newsDetail_forward_27214618
S013-08,理想,理想L6,理想L6,24.98万,20-30万,增程式插混,SUV,中大型,6座,湖南省,2026-06-01,26-30岁,男,企业职员,30-50万,恋爱/情侣同住,4人,否,否,无车,首购,无车,20-30万,初步了解,2周-1个月,本人+配偶,车主评价；KOL/博主,通勤代步；减少里程焦虑,家庭出行；长途自驾,小红书/抖音内容；朋友/同事推荐,是,家庭适配；空间舒适；智能座舱；增程无焦虑,希望兼顾家人乘坐和周末出行,价格是否值得；智驾是否强于竞品,Model Y；问界M6,倾向本品,待定,,受访者整体对理想L6的家庭场景适配度评价较积极，关注家庭适配，认为其能兼顾家庭出行与家人乘坐；主要顾虑集中在价格是否值得，决策中会对比Model Y；问界M6。,优先从情侣/家庭共同决策和真实出行场景切入，强调空间、座舱和增程/补能确定性体验，再回应价格是否值得。,公开资料方向拟定/模拟问卷样本,基于车型定位、价格段、能源形式、公开车主口碑和公开用户画像报告拟定；仅用于产品Demo，不代表真实调研结果。,理想L6大定车主调研报告｜42号车库/澎湃,https://www.thepaper.cn/newsDetail_forward_27214618
S013-09,理想,理想L6,理想L6,24.98万,20-30万,增程式插混,SUV,中大型,6座,湖南省,2026-07-28,26-30岁,男,中基层管理者,20-30万,恋爱/情侣同住,3人,否,否,无车,首购,无车,20-30万,已购/用车复盘,2个月以上,本人+配偶,朋友/同事；车主评价,换新能源；减少里程焦虑；通勤代步,老人小孩乘坐；周末短途；长途自驾,品牌直营店/4S店；懂车帝/汽车之家口碑；小红书/抖音内容,否,家庭适配；空间舒适；智能座舱；增程无焦虑,希望兼顾家人乘坐和周末出行,价格是否值得；智驾是否强于竞品,Model Y；问界M6；理想i6,已购,是,,受访者整体对理想L6的家庭场景适配度评价较积极，关注家庭适配，认为其能兼顾老人小孩乘坐与家人乘坐；主要顾虑集中在价格是否值得，决策中会对比Model Y；问界M6；理想i6。,优先从情侣/家庭共同决策和真实出行场景切入，强调空间、座舱和增程/补能确定性体验，再回应价格是否值得。,公开资料方向拟定/模拟问卷样本,基于车型定位、价格段、能源形式、公开车主口碑和公开用户画像报告拟定；仅用于产品Demo，不代表真实调研结果。,理想L6大定车主调研报告｜42号车库/澎湃,https://www.thepaper.cn/newsDetail_forward_27214618
S013-10,理想,理想L6,理想L6,24.98万,20-30万,增程式插混,SUV,中大型,6座,湖北省,2026-07-02,31-35岁,女,中基层管理者,30-50万,恋爱/情侣同住,3人,否,否,无车,首购,无车,20-30万,已购/用车复盘,1-2个月,本人+配偶,车主评价；配偶；朋友/同事,家庭出行升级；减少里程焦虑；长途/自驾,周末短途；接送孩子；长途自驾,小红书/抖音内容；懂车帝/汽车之家口碑；朋友/同事推荐,是,家庭适配；空间舒适；智能座舱；增程无焦虑,希望兼顾家人乘坐和周末出行,价格是否值得；智驾是否强于竞品,Model Y；问界M6,价格合适会买,待定,,受访者整体对理想L6的家庭场景适配度评价较积极，关注家庭适配，认为其能兼顾周末短途与家人乘坐；主要顾虑集中在价格是否值得，决策中会对比Model Y；问界M6。,优先从情侣/家庭共同决策和真实出行场景切入，强调空间、座舱和增程/补能确定性体验，再回应价格是否值得。,公开资料方向拟定/模拟问卷样本,基于车型定位、价格段、能源形式、公开车主口碑和公开用户画像报告拟定；仅用于产品Demo，不代表真实调研结果。,理想L6大定车主调研报告｜42号车库/澎湃,https://www.thepaper.cn/newsDetail_forward_27214618
S013-11,理想,理想L6,理想L6,24.98万,20-30万,增程式插混,SUV,中大型,6座,陕西省,2026-08-25,31-35岁,男,企业职员,30-50万,恋爱/情侣同住,2人,否,否,无车,首购,无车,20-30万,对比评估,2周-1个月,本人+配偶,子女；车主评价；配偶,减少里程焦虑；家庭出行升级,长途自驾；老人小孩乘坐；多成员家庭出行,朋友/同事推荐；车主群/社群讨论,是,家庭适配；空间舒适；智能座舱；增程无焦虑,希望兼顾家人乘坐和周末出行,车身尺寸是否好开；价格是否值得,Model Y；问界M6,倾向本品,待定,,受访者整体对理想L6的家庭场景适配度评价较积极，关注家庭适配，认为其能兼顾长途自驾与家人乘坐；主要顾虑集中在车身尺寸是否好开，决策中会对比Model Y；问界M6。,优先从情侣/家庭共同决策和真实出行场景切入，强调空间、座舱和增程/补能确定性体验，再回应车身尺寸是否好开。,公开资料方向拟定/模拟问卷样本,基于车型定位、价格段、能源形式、公开车主口碑和公开用户画像报告拟定；仅用于产品Demo，不代表真实调研结果。,理想L6大定车主调研报告｜42号车库/澎湃,https://www.thepaper.cn/newsDetail_forward_27214618
S013-12,理想,理想L6,理想L6,24.98万,20-30万,增程式插混,SUV,中大型,6座,河南省,2026-08-15,31-35岁,女,企业职员,30-50万,已婚无孩,3人,否,否,无车,首购,无车,20-30万,已试驾,2周-1个月,本人+配偶,KOL/博主；车主评价；配偶,换新能源；家庭出行升级；年轻家庭第一辆改善型车,长途自驾；周末短途,朋友/同事推荐；懂车帝/汽车之家口碑,是,家庭适配；空间舒适；智能座舱；增程无焦虑,希望兼顾家人乘坐和周末出行,车身尺寸是否好开；价格是否值得,Model Y；问界M6；理想i6,已购,是,,受访者整体对理想L6的家庭场景适配度评价较积极，关注家庭适配，认为其能兼顾长途自驾与家人乘坐；主要顾虑集中在车身尺寸是否好开，决策中会对比Model Y；问界M6；理想i6。,优先从情侣/家庭共同决策和真实出行场景切入，强调空间、座舱和增程/补能确定性体验，再回应车身尺寸是否好开。,公开资料方向拟定/模拟问卷样本,基于车型定位、价格段、能源形式、公开车主口碑和公开用户画像报告拟定；仅用于产品Demo，不代表真实调研结果。,理想L6大定车主调研报告｜42号车库/澎湃,https://www.thepaper.cn/newsDetail_forward_27214618
S013-13,理想,理想L6,理想L6,24.98万,20-30万,增程式插混,SUV,中大型,6座,湖北省,2026-07-23,31-35岁,男,中基层管理者,50-80万,已婚无孩,3人,否,否,无车,首购,无车,20-30万,价格谈判,2个月以上,本人+配偶,朋友/同事；配偶,换新能源；家庭出行升级,周末短途；接送孩子,小红书/抖音内容；KOL评测；品牌直营店/4S店,是,空间舒适；价格权益；智能座舱；增程无焦虑,希望兼顾家人乘坐和周末出行,车身尺寸是否好开；价格是否值得,Model Y；问界M6,已下订,是,,受访者整体对理想L6的家庭场景适配度评价较积极，关注空间舒适，认为其能兼顾周末短途与家人乘坐；主要顾虑集中在车身尺寸是否好开，决策中会对比Model Y；问界M6。,优先从情侣/家庭共同决策和真实出行场景切入，强调空间、座舱和增程/补能确定性体验，再回应车身尺寸是否好开。,公开资料方向拟定/模拟问卷样本,基于车型定位、价格段、能源形式、公开车主口碑和公开用户画像报告拟定；仅用于产品Demo，不代表真实调研结果。,理想L6大定车主调研报告｜42号车库/澎湃,https://www.thepaper.cn/newsDetail_forward_27214618
S013-14,理想,理想L6,理想L6,24.98万,20-30万,增程式插混,SUV,中大型,6座,北京市,2026-07-12,31-35岁,男,企业职员,20-30万,已婚无孩,4人,否,否,无车,首购,无车,20-30万,初步了解,1-2个月,本人+配偶,车主评价；KOL/博主,空间升级；家庭出行升级；通勤代步,老人小孩乘坐；周末短途,朋友/同事推荐；车主群/社群讨论,否,空间舒适；价格权益；智能座舱；增程无焦虑,希望在预算内获得更稳定的综合体验,车身尺寸是否好开；价格是否值得,Model Y；问界M6,已下订,是,,受访者整体对理想L6的家庭场景适配度评价较积极，关注空间舒适，认为其能兼顾老人小孩乘坐与家人乘坐；主要顾虑集中在车身尺寸是否好开，决策中会对比Model Y；问界M6。,优先从情侣/家庭共同决策和真实出行场景切入，强调空间、座舱和增程/补能确定性体验，再回应车身尺寸是否好开。,公开资料方向拟定/模拟问卷样本,基于车型定位、价格段、能源形式、公开车主口碑和公开用户画像报告拟定；仅用于产品Demo，不代表真实调研结果。,理想L6大定车主调研报告｜42号车库/澎湃,https://www.thepaper.cn/newsDetail_forward_27214618
S013-15,理想,理想L6,理想L6,24.98万,20-30万,增程式插混,SUV,中大型,6座,四川省,2026-08-13,31-35岁,男,中基层管理者,30-50万,已婚无孩,1人,否,否,家中已有燃油车,增购,家中已有燃油车,20-30万,对比评估,2周-1个月,本人+配偶,配偶；车主评价；KOL/博主,换新能源；空间升级,周末短途；老人小孩乘坐；长途自驾,朋友/同事推荐；小红书/抖音内容,否,空间舒适；价格权益；智能座舱；增程无焦虑,希望兼顾家人乘坐和周末出行,车身尺寸是否好开；价格是否值得,Model Y；问界M6；理想i6,已下订,是,,受访者整体对理想L6的家庭场景适配度评价较积极，关注空间舒适，认为其能兼顾周末短途与家人乘坐；主要顾虑集中在车身尺寸是否好开，决策中会对比Model Y；问界M6；理想i6。,优先从情侣/家庭共同决策和真实出行场景切入，强调空间、座舱和增程/补能确定性体验，再回应车身尺寸是否好开。,公开资料方向拟定/模拟问卷样本,基于车型定位、价格段、能源形式、公开车主口碑和公开用户画像报告拟定；仅用于产品Demo，不代表真实调研结果。,理想L6大定车主调研报告｜42号车库/澎湃,https://www.thepaper.cn/newsDetail_forward_27214618
S013-16,理想,理想L6,理想L6,24.98万,20-30万,增程式插混,SUV,中大型,6座,四川省,2026-07-17,31-35岁,男,企业职员,20-30万,已婚无孩,3人,否,否,家中已有新能源车,增购,家中已有新能源车,20-30万,对比评估,1-2周,本人,朋友/同事；KOL/博主；配偶,长途/自驾；换新能源,接送孩子；家庭出行,KOL评测；朋友/同事推荐,是,空间舒适；价格权益；智能座舱；增程无焦虑,希望同预算下配置和权益更划算,车身尺寸是否好开；价格是否值得,Model Y；问界M6,价格合适会买,待定,,受访者整体对理想L6的家庭场景适配度评价较积极，关注空间舒适，认为其能兼顾接送孩子与家人乘坐；主要顾虑集中在车身尺寸是否好开，决策中会对比Model Y；问界M6。,优先从情侣/家庭共同决策和真实出行场景切入，强调空间、座舱和增程/补能确定性体验，再回应车身尺寸是否好开。,公开资料方向拟定/模拟问卷样本,基于车型定位、价格段、能源形式、公开车主口碑和公开用户画像报告拟定；仅用于产品Demo，不代表真实调研结果。,理想L6大定车主调研报告｜42号车库/澎湃,https://www.thepaper.cn/newsDetail_forward_27214618
S013-17,理想,理想L6,理想L6,24.98万,20-30万,增程式插混,SUV,中大型,6座,湖南省,2026-08-26,31-35岁,男,企业职员,20-30万,已婚一孩,2人,是,是,家中已有燃油车,增购,家中已有燃油车,20-30万,已试驾,2个月以上,本人,父母；子女；车主评价,换新能源；长途/自驾,长途自驾；城市通勤,KOL评测；车主群/社群讨论,是,空间舒适；价格权益；智能座舱；增程无焦虑,希望兼顾家人乘坐和周末出行,车身尺寸是否好开；价格是否值得,Model Y；问界M6,已下订,是,,受访者整体对理想L6的家庭场景适配度评价较积极，关注空间舒适，认为其能兼顾长途自驾与家人乘坐；主要顾虑集中在车身尺寸是否好开，决策中会对比Model Y；问界M6。,优先从情侣/家庭共同决策和真实出行场景切入，强调空间、座舱和增程/补能确定性体验，再回应车身尺寸是否好开。,公开资料方向拟定/模拟问卷样本,基于车型定位、价格段、能源形式、公开车主口碑和公开用户画像报告拟定；仅用于产品Demo，不代表真实调研结果。,理想L6大定车主调研报告｜42号车库/澎湃,https://www.thepaper.cn/newsDetail_forward_27214618
S013-18,理想,理想L6,理想L6,24.98万,20-30万,增程式插混,SUV,中大型,6座,广东省,2026-08-21,31-35岁,不便透露,企业职员,30-50万,已婚一孩,3人,是,是,15-25万合资/自主车,换购,15-25万合资/自主车,20-30万,流失/转向竞品,2周-1个月,本人,车主评价；配偶；KOL/博主,长途/自驾；空间升级；减少里程焦虑,周末短途；接送孩子,小红书/抖音内容；懂车帝/汽车之家口碑,是,空间舒适；价格权益；智能座舱；增程无焦虑,希望兼顾家人乘坐和周末出行,车身尺寸是否好开；价格是否值得,Model Y；问界M6；理想i6,倾向本品,待定,,受访者整体对理想L6的家庭场景适配度评价较积极，关注空间舒适，认为其能兼顾周末短途与家人乘坐；主要顾虑集中在车身尺寸是否好开，决策中会对比Model Y；问界M6；理想i6。,优先从情侣/家庭共同决策和真实出行场景切入，强调空间、座舱和增程/补能确定性体验，再回应车身尺寸是否好开。,公开资料方向拟定/模拟问卷样本,基于车型定位、价格段、能源形式、公开车主口碑和公开用户画像报告拟定；仅用于产品Demo，不代表真实调研结果。,理想L6大定车主调研报告｜42号车库/澎湃,https://www.thepaper.cn/newsDetail_forward_27214618
S013-19,理想,理想L6,理想L6,24.98万,20-30万,增程式插混,SUV,中大型,6座,重庆市,2026-07-05,36-40岁,男,企业职员,20-30万,已婚一孩,3人,是,是,15-25万合资/自主车,换购,15-25万合资/自主车,20-30万,已购/用车复盘,2周-1个月,本人,父母；车主评价；KOL/博主,换新能源；长途/自驾；减少里程焦虑,老人小孩乘坐；周末短途；多成员家庭出行,小红书/抖音内容；懂车帝/汽车之家口碑,是,空间舒适；价格权益；智能座舱；增程无焦虑,希望兼顾家人乘坐和周末出行,车身尺寸是否好开；价格是否值得,Model Y；问界M6,继续比较,待定,,受访者整体对理想L6的家庭场景适配度评价较积极，关注空间舒适，认为其能兼顾老人小孩乘坐与家人乘坐；主要顾虑集中在车身尺寸是否好开，决策中会对比Model Y；问界M6。,优先从情侣/家庭共同决策和真实出行场景切入，强调空间、座舱和增程/补能确定性体验，再回应车身尺寸是否好开。,公开资料方向拟定/模拟问卷样本,基于车型定位、价格段、能源形式、公开车主口碑和公开用户画像报告拟定；仅用于产品Demo，不代表真实调研结果。,理想L6大定车主调研报告｜42号车库/澎湃,https://www.thepaper.cn/newsDetail_forward_27214618
S013-20,理想,理想L6,理想L6,24.98万,20-30万,增程式插混,SUV,中大型,6座,广东省,2026-08-14,36-40岁,男,互联网/科技从业者,30-50万,已婚一孩,4人,是,是,15-25万合资/自主车,换购,15-25万合资/自主车,20-30万,对比评估,1-2个月,本人,KOL/博主；配偶,家庭出行升级；通勤代步；减少里程焦虑,接送孩子；周末短途,KOL评测；小红书/抖音内容；车主群/社群讨论,是,空间舒适；价格权益；智能座舱；增程无焦虑,希望兼顾家人乘坐和周末出行；希望同预算下配置和权益更划算,车身尺寸是否好开；价格是否值得,Model Y；问界M6,已下订,是,,受访者整体对理想L6的家庭场景适配度评价较积极，关注空间舒适，认为其能兼顾接送孩子与家人乘坐；主要顾虑集中在车身尺寸是否好开，决策中会对比Model Y；问界M6。,优先从情侣/家庭共同决策和真实出行场景切入，强调空间、座舱和增程/补能确定性体验，再回应车身尺寸是否好开。,公开资料方向拟定/模拟问卷样本,基于车型定位、价格段、能源形式、公开车主口碑和公开用户画像报告拟定；仅用于产品Demo，不代表真实调研结果。,理想L6大定车主调研报告｜42号车库/澎湃,https://www.thepaper.cn/newsDetail_forward_27214618
S014-01,小鹏,小鹏MONA L03,小鹏MONA L03,12.38-15.68万,10-20万,纯电动；增程式插混,SUV,紧凑型,5座,广东省,2026-08-25,18-25岁,女,互联网/科技从业者,20-30万,已婚一孩,4人,是,否,无车,首购,无车,10-20万,价格谈判,2周-1个月,本人+配偶,配偶；车主评价；KOL/博主,通勤代步；低成本出行,长途自驾；老人小孩乘坐；城市通勤,朋友/同事推荐；品牌直营店/4S店；懂车帝/汽车之家口碑,是,外观设计；智能座舱；补能便利,希望在预算内获得更稳定的综合体验,竞品是否更强；售后网络是否成熟,星越L；星光L,倾向本品,待定,,受访者关注外观设计，主要用于长途自驾；同时对竞品是否更强仍有疑问，决策中会对比星越L；星光L。,先围绕长途自驾场景切入，再把外观设计转化为可感知体验；对竞品是否更强需结合竞品对比和真实用车成本解释。,公开资料方向拟定/模拟问卷样本,基于车型定位、价格段、能源形式、公开车主口碑和公开用户画像报告拟定；仅用于产品Demo，不代表真实调研结果。,2024增换购用户需求洞察｜汽车之家研究院,https://www.autohome.com.cn/news/202409/1300865.html
S014-02,小鹏,小鹏MONA L03,小鹏MONA L03,12.38-15.68万,10-20万,纯电动；增程式插混,SUV,紧凑型,5座,北京市,2026-07-02,18-25岁,女,互联网/科技从业者,20-30万,已婚无孩,3人,否,否,15-25万合资/自主车,换购,15-25万合资/自主车,10-20万,价格谈判,1-2个月,家庭共同决策,KOL/博主；朋友/同事,换新能源；空间升级,城市通勤；周末短途；充电便利场景,懂车帝/汽车之家口碑；朋友/同事推荐,是,智能驾驶；安全性；外观设计,希望降低通勤和长途驾驶压力,增程/插混系统可靠性；用车能耗/续航,星光L；秦PLUS,倾向本品,待定,,受访者关注智能驾驶，主要用于城市通勤；同时对增程/插混系统可靠性仍有疑问，决策中会对比星光L；秦PLUS。,先围绕城市通勤场景切入，再把智能驾驶转化为可感知体验；对增程/插混系统可靠性需结合竞品对比和真实用车成本解释。,公开资料方向拟定/模拟问卷样本,基于车型定位、价格段、能源形式、公开车主口碑和公开用户画像报告拟定；仅用于产品Demo，不代表真实调研结果。,2024增换购用户需求洞察｜汽车之家研究院,https://www.autohome.com.cn/news/202409/1300865.html
S014-03,小鹏,小鹏MONA L03,小鹏MONA L03,12.38-15.68万,10-20万,纯电动；增程式插混,SUV,紧凑型,5座,湖南省,2026-08-08,26-30岁,女,企业职员,10-20万,已婚无孩,3人,否,否,无车,首购,无车,10-20万,已购/用车复盘,1-2个月,本人,配偶；车主评价,通勤代步；长途/自驾；减少里程焦虑,老人小孩乘坐；周末短途,品牌直营店/4S店；车主群/社群讨论,是,外观设计；安全性；价格权益；空间舒适,希望兼顾家人乘坐和周末出行；希望同预算下配置和权益更划算,保值率；补能是否方便；价格是否值得,秦PLUS；速腾；朗逸,倾向本品,待定,,受访者关注外观设计，主要用于老人小孩乘坐；同时对保值率仍有疑问，决策中会对比秦PLUS；速腾；朗逸。,先围绕老人小孩乘坐场景切入，再把外观设计转化为可感知体验；对保值率需结合竞品对比和真实用车成本解释。,公开资料方向拟定/模拟问卷样本,基于车型定位、价格段、能源形式、公开车主口碑和公开用户画像报告拟定；仅用于产品Demo，不代表真实调研结果。,2024增换购用户需求洞察｜汽车之家研究院,https://www.autohome.com.cn/news/202409/1300865.html
S014-04,小鹏,小鹏MONA L03,小鹏MONA L03,12.38-15.68万,10-20万,纯电动；增程式插混,SUV,紧凑型,5座,重庆市,2026-07-12,18-25岁,女,企业职员,20-30万,已婚一孩,2人,是,否,家中已有新能源车,增购,家中已有新能源车,10-20万,对比评估,2个月以上,本人,子女；车主评价,家庭出行升级；低成本出行,周末短途；充电便利场景,小红书/抖音内容；KOL评测,是,低使用成本；补能便利；售后服务,希望在预算内获得更稳定的综合体验,竞品是否更强；续航达成率,速腾；朗逸,已购,是,,受访者关注低使用成本，主要用于周末短途；同时对竞品是否更强仍有疑问，决策中会对比速腾；朗逸。,先围绕周末短途场景切入，再把低使用成本转化为可感知体验；对竞品是否更强需结合竞品对比和真实用车成本解释。,公开资料方向拟定/模拟问卷样本,基于车型定位、价格段、能源形式、公开车主口碑和公开用户画像报告拟定；仅用于产品Demo，不代表真实调研结果。,2024增换购用户需求洞察｜汽车之家研究院,https://www.autohome.com.cn/news/202409/1300865.html
S014-05,小鹏,小鹏MONA L03,小鹏MONA L03,12.38-15.68万,10-20万,纯电动；增程式插混,SUV,紧凑型,5座,江苏省,2026-06-06,31-35岁,女,企业职员,20-30万,恋爱/情侣同住,3人,否,否,无车,首购,无车,10-20万,流失/转向竞品,1-2个月,本人+配偶,配偶；车主评价；KOL/博主,空间升级；减少里程焦虑,家庭出行；老人小孩乘坐,KOL评测；懂车帝/汽车之家口碑,是,外观设计；空间舒适；价格权益,希望兼顾家人乘坐和周末出行；希望同预算下配置和权益更划算,补能是否方便；售后网络是否成熟；用车能耗/续航,朗逸；星越L,价格合适会买,待定,,受访者关注外观设计，主要用于家庭出行；同时对补能是否方便仍有疑问，决策中会对比朗逸；星越L。,先围绕家庭出行场景切入，再把外观设计转化为可感知体验；对补能是否方便需结合竞品对比和真实用车成本解释。,公开资料方向拟定/模拟问卷样本,基于车型定位、价格段、能源形式、公开车主口碑和公开用户画像报告拟定；仅用于产品Demo，不代表真实调研结果。,2024增换购用户需求洞察｜汽车之家研究院,https://www.autohome.com.cn/news/202409/1300865.html
S014-06,小鹏,小鹏MONA L03,小鹏MONA L03,12.38-15.68万,10-20万,纯电动；增程式插混,SUV,紧凑型,5座,安徽省,2026-06-17,26-30岁,男,中基层管理者,30-50万,已婚无孩,3人,否,是,无车,首购,无车,10-20万,已下订,1-2周,家庭共同决策,KOL/博主；配偶,智能化体验；减少里程焦虑,周末短途；长途自驾,朋友/同事推荐；懂车帝/汽车之家口碑,否,价格权益；补能便利；空间舒适,希望兼顾家人乘坐和周末出行；希望同预算下配置和权益更划算,续航达成率；保值率；增程/插混系统可靠性,星越L；星光L；秦PLUS,价格合适会买,待定,,受访者关注价格权益，主要用于周末短途；同时对续航达成率仍有疑问，决策中会对比星越L；星光L；秦PLUS。,先围绕周末短途场景切入，再把价格权益转化为可感知体验；对续航达成率需结合竞品对比和真实用车成本解释。,公开资料方向拟定/模拟问卷样本,基于车型定位、价格段、能源形式、公开车主口碑和公开用户画像报告拟定；仅用于产品Demo，不代表真实调研结果。,2024增换购用户需求洞察｜汽车之家研究院,https://www.autohome.com.cn/news/202409/1300865.html
S014-07,小鹏,小鹏MONA L03,小鹏MONA L03,12.38-15.68万,10-20万,纯电动；增程式插混,SUV,紧凑型,5座,河南省,2026-08-06,31-35岁,不便透露,互联网/科技从业者,30-50万,恋爱/情侣同住,3人,否,否,无车,首购,无车,10-20万,已试驾,2周-1个月,家庭共同决策,车主评价；配偶；朋友/同事,家庭出行升级；通勤代步；低成本出行,家庭出行；长途自驾；周末短途,小红书/抖音内容；品牌直营店/4S店,否,补能便利；保值率；价格权益；低使用成本,希望同预算下配置和权益更划算,售后维修成本；售后网络是否成熟；增程/插混系统可靠性,星光L；秦PLUS,继续比较,待定,,受访者关注补能便利，主要用于家庭出行；同时对售后维修成本仍有疑问，决策中会对比星光L；秦PLUS。,先围绕家庭出行场景切入，再把补能便利转化为可感知体验；对售后维修成本需结合竞品对比和真实用车成本解释。,公开资料方向拟定/模拟问卷样本,基于车型定位、价格段、能源形式、公开车主口碑和公开用户画像报告拟定；仅用于产品Demo，不代表真实调研结果。,2024增换购用户需求洞察｜汽车之家研究院,https://www.autohome.com.cn/news/202409/1300865.html
S014-08,小鹏,小鹏MONA L03,小鹏MONA L03,12.38-15.68万,10-20万,纯电动；增程式插混,SUV,紧凑型,5座,重庆市,2026-06-10,26-30岁,女,企业职员,20-30万,恋爱/情侣同住,2人,否,否,无车,首购,无车,10-20万,对比评估,2周-1个月,家庭共同决策,配偶；车主评价,长途/自驾；低成本出行；换新能源,家庭出行；城市通勤,朋友/同事推荐；车主群/社群讨论,是,智能座舱；智能驾驶；家庭适配；补能便利,希望兼顾家人乘坐和周末出行；希望降低通勤和长途驾驶压力,售后维修成本；保值率；补能是否方便,秦PLUS；速腾,继续比较,待定,,受访者关注智能座舱，主要用于家庭出行；同时对售后维修成本仍有疑问，决策中会对比秦PLUS；速腾。,先围绕家庭出行场景切入，再把智能座舱转化为可感知体验；对售后维修成本需结合竞品对比和真实用车成本解释。,公开资料方向拟定/模拟问卷样本,基于车型定位、价格段、能源形式、公开车主口碑和公开用户画像报告拟定；仅用于产品Demo，不代表真实调研结果。,2024增换购用户需求洞察｜汽车之家研究院,https://www.autohome.com.cn/news/202409/1300865.html
S015-01,一汽奥迪,奥迪Q5L,奥迪Q5L,30.98-39.98万,30-40万,传统燃料；常规混合动力,SUV,中型,5座,江苏省,2026-06-11,31-35岁,女,金融/地产从业者,50-80万,已婚无孩,2人,否,否,无车,首购,无车,30-40万,已下订,2周-1个月,本人,配偶；车主评价,家庭兼商务；商务接待,城市通勤；周末短途,KOL评测；懂车帝/汽车之家口碑,否,商务形象；驾驶质感；品牌体面感,在意品牌形象和商务/社交场景认可度,保养维修成本；保值率；车机智能化不足,宝马X3；奔驰GLC,价格合适会买,待定,,受访者关注商务形象，主要用于城市通勤；同时对保养维修成本仍有疑问，决策中会对比宝马X3；奔驰GLC。,先围绕城市通勤场景切入，再把商务形象转化为可感知体验；对保养维修成本需结合竞品对比和真实用车成本解释。,公开资料方向拟定/模拟问卷样本,基于车型定位、价格段、能源形式、公开车主口碑和公开用户画像报告拟定；仅用于产品Demo，不代表真实调研结果。,奥迪A6L公开车主口碑｜懂车帝,https://www.dongchedi.com/auto/series/score/99-x-S0-P107-x-x-x
S015-02,一汽奥迪,奥迪Q5L,奥迪Q5L,30.98-39.98万,30-40万,传统燃料；常规混合动力,SUV,中型,5座,福建省,2026-08-25,41-45岁,男,中基层管理者,50-80万,已婚一孩,3人,是,是,无车,首购,无车,30-40万,已下订,1-2个月,本人+配偶,配偶；子女,品牌升级；商务接待,家庭出行；城市通勤,KOL评测；车主群/社群讨论,否,品牌体面感；静谧性；优惠力度,在意品牌形象和商务/社交场景认可度,配置性价比；后排地台隆起；保养维修费用,宝马X3；奔驰GLC,价格合适会买,待定,,受访者关注品牌体面感，主要用于家庭出行；同时对配置性价比仍有疑问，决策中会对比宝马X3；奔驰GLC。,先围绕家庭出行场景切入，再把品牌体面感转化为可感知体验；对配置性价比需结合竞品对比和真实用车成本解释。,公开资料方向拟定/模拟问卷样本,基于车型定位、价格段、能源形式、公开车主口碑和公开用户画像报告拟定；仅用于产品Demo，不代表真实调研结果。,奥迪A6L公开车主口碑｜懂车帝,https://www.dongchedi.com/auto/series/score/99-x-S0-P107-x-x-x
S015-03,一汽奥迪,奥迪Q5L,奥迪Q5L,30.98-39.98万,30-40万,传统燃料；常规混合动力,SUV,中型,5座,湖北省,2026-07-25,36-40岁,男,公务员/事业单位,80-100万,商务/个人用车,2人,否,否,15-25万合资/自主车,换购,15-25万合资/自主车,30-40万,对比评估,1-2个月,本人+配偶,KOL/博主；销售顾问；朋友/同事,商务接待；空间升级；通勤代步,城市通勤；家庭出行；周末短途,车主群/社群讨论；品牌直营店/4S店,是,品牌认知；优惠力度；安全性；价格权益,在意品牌形象和商务/社交场景认可度；希望同预算下配置和权益更划算,保养维修费用；保养维修成本,宝马X3；奔驰GLC；Model Y,倾向本品,待定,,受访者关注品牌认知，主要用于城市通勤；同时对保养维修费用仍有疑问，决策中会对比宝马X3；奔驰GLC；Model Y。,先围绕城市通勤场景切入，再把品牌认知转化为可感知体验；对保养维修费用需结合竞品对比和真实用车成本解释。,公开资料方向拟定/模拟问卷样本,基于车型定位、价格段、能源形式、公开车主口碑和公开用户画像报告拟定；仅用于产品Demo，不代表真实调研结果。,奥迪A6L公开车主口碑｜懂车帝,https://www.dongchedi.com/auto/series/score/99-x-S0-P107-x-x-x
S015-04,一汽奥迪,奥迪Q5L,奥迪Q5L,30.98-39.98万,30-40万,传统燃料；常规混合动力,SUV,中型,5座,浙江省,2026-08-19,36-40岁,女,私营业主/个体经营者,50-80万,商务/个人用车,5人及以上,否,否,15-25万合资/自主车,换购,15-25万合资/自主车,30-40万,对比评估,1-2个月,企业/业务需求,车主评价；朋友/同事；销售顾问,品牌升级；空间升级；换新能源,家庭出行；城市通勤；周末短途,KOL评测；朋友/同事推荐；车主群/社群讨论,是,驾驶质感；空间舒适；价格权益；售后服务,希望兼顾家人乘坐和周末出行；希望同预算下配置和权益更划算,保养维修成本；保值率；车机智能化不足,宝马X3；奔驰GLC,倾向本品,待定,,受访者关注驾驶质感，主要用于家庭出行；同时对保养维修成本仍有疑问，决策中会对比宝马X3；奔驰GLC。,先围绕家庭出行场景切入，再把驾驶质感转化为可感知体验；对保养维修成本需结合竞品对比和真实用车成本解释。,公开资料方向拟定/模拟问卷样本,基于车型定位、价格段、能源形式、公开车主口碑和公开用户画像报告拟定；仅用于产品Demo，不代表真实调研结果。,奥迪A6L公开车主口碑｜懂车帝,https://www.dongchedi.com/auto/series/score/99-x-S0-P107-x-x-x
S015-05,一汽奥迪,奥迪Q5L,奥迪Q5L,30.98-39.98万,30-40万,传统燃料；常规混合动力,SUV,中型,5座,湖南省,2026-08-15,36-40岁,男,企业高管/企业主,50-80万,已婚一孩,3人,是,否,无车,首购,无车,30-40万,流失/转向竞品,2周-1个月,企业/业务需求,配偶；子女；车主评价,通勤代步；家庭兼商务,周末短途；城市通勤,朋友/同事推荐；品牌直营店/4S店；车主群/社群讨论,否,可靠性；品牌体面感；商务形象；优惠力度,在意品牌形象和商务/社交场景认可度,售后维修成本；竞品是否更强,宝马X3；奔驰GLC,转向竞品,否,家人更认可竞品,受访者关注可靠性，主要用于周末短途；同时对售后维修成本仍有疑问，决策中会对比宝马X3；奔驰GLC。,先围绕周末短途场景切入，再把可靠性转化为可感知体验；对售后维修成本需结合竞品对比和真实用车成本解释。,公开资料方向拟定/模拟问卷样本,基于车型定位、价格段、能源形式、公开车主口碑和公开用户画像报告拟定；仅用于产品Demo，不代表真实调研结果。,奥迪A6L公开车主口碑｜懂车帝,https://www.dongchedi.com/auto/series/score/99-x-S0-P107-x-x-x
S015-06,一汽奥迪,奥迪Q5L,奥迪Q5L,30.98-39.98万,30-40万,传统燃料；常规混合动力,SUV,中型,5座,浙江省,2026-08-17,31-35岁,女,公务员/事业单位,30-50万,已婚无孩,4人,否,否,15-25万合资/自主车,换购,15-25万合资/自主车,30-40万,初步了解,1-2个月,企业/业务需求,KOL/博主；配偶；车主评价,家庭出行升级；品牌升级；通勤代步,周末短途；城市通勤,KOL评测；懂车帝/汽车之家口碑,是,优惠力度；价格权益；售后服务,希望同预算下配置和权益更划算,后排地台隆起；配置性价比,宝马X3；奔驰GLC；Model Y,已下订,是,,受访者关注优惠力度，主要用于周末短途；同时对后排地台隆起仍有疑问，决策中会对比宝马X3；奔驰GLC；Model Y。,先围绕周末短途场景切入，再把优惠力度转化为可感知体验；对后排地台隆起需结合竞品对比和真实用车成本解释。,公开资料方向拟定/模拟问卷样本,基于车型定位、价格段、能源形式、公开车主口碑和公开用户画像报告拟定；仅用于产品Demo，不代表真实调研结果。,奥迪A6L公开车主口碑｜懂车帝,https://www.dongchedi.com/auto/series/score/99-x-S0-P107-x-x-x
S015-07,一汽奥迪,奥迪Q5L,奥迪Q5L,30.98-39.98万,30-40万,传统燃料；常规混合动力,SUV,中型,5座,重庆市,2026-07-27,46岁以上,男,金融/地产从业者,30-50万,已婚二孩及以上,3人,是,是,无车,首购,无车,30-40万,初步了解,2个月以上,本人,配偶；子女,换新能源；商务接待；家庭出行升级,家庭出行；城市通勤,KOL评测；车主群/社群讨论,是,安全性；商务形象；驾驶质感；后排空间,希望在预算内获得更稳定的综合体验,后排地台隆起；价格是否值得；配置性价比,宝马X3；奔驰GLC,转向竞品,否,竞品价格更低,受访者关注安全性，主要用于家庭出行；同时对后排地台隆起仍有疑问，决策中会对比宝马X3；奔驰GLC。,先围绕家庭出行场景切入，再把安全性转化为可感知体验；对后排地台隆起需结合竞品对比和真实用车成本解释。,公开资料方向拟定/模拟问卷样本,基于车型定位、价格段、能源形式、公开车主口碑和公开用户画像报告拟定；仅用于产品Demo，不代表真实调研结果。,奥迪A6L公开车主口碑｜懂车帝,https://www.dongchedi.com/auto/series/score/99-x-S0-P107-x-x-x
S015-08,一汽奥迪,奥迪Q5L,奥迪Q5L,30.98-39.98万,30-40万,传统燃料；常规混合动力,SUV,中型,5座,湖南省,2026-08-07,36-40岁,男,私营业主/个体经营者,30-50万,商务/个人用车,5人及以上,否,否,无车,首购,无车,30-40万,已购/用车复盘,1-2个月,本人,销售顾问；车主评价；KOL/博主,商务接待；品牌升级；通勤代步,家庭出行；城市通勤,车主群/社群讨论；品牌直营店/4S店；KOL评测,是,空间舒适；后排空间；优惠力度；品牌认知,希望兼顾家人乘坐和周末出行；在意品牌形象和商务/社交场景认可度,后排地台隆起；车机智能化不足,宝马X3；奔驰GLC,已购,是,,受访者关注空间舒适，主要用于家庭出行；同时对后排地台隆起仍有疑问，决策中会对比宝马X3；奔驰GLC。,先围绕家庭出行场景切入，再把空间舒适转化为可感知体验；对后排地台隆起需结合竞品对比和真实用车成本解释。,公开资料方向拟定/模拟问卷样本,基于车型定位、价格段、能源形式、公开车主口碑和公开用户画像报告拟定；仅用于产品Demo，不代表真实调研结果。,奥迪A6L公开车主口碑｜懂车帝,https://www.dongchedi.com/auto/series/score/99-x-S0-P107-x-x-x
S015-09,一汽奥迪,奥迪Q5L,奥迪Q5L,30.98-39.98万,30-40万,传统燃料；常规混合动力,SUV,中型,5座,上海市,2026-08-17,36-40岁,男,金融/地产从业者,80-100万,已婚二孩及以上,2人,是,否,15-25万合资/自主车,换购,15-25万合资/自主车,30-40万,已购/用车复盘,1-2个月,本人,配偶；子女；KOL/博主,家庭兼商务；商务接待；空间升级,城市通勤；家庭出行,小红书/抖音内容；KOL评测；朋友/同事推荐,是,安全性；售后服务；保值率；品牌体面感,在意品牌形象和商务/社交场景认可度,保养维修成本；保值率；配置性价比,宝马X3；奔驰GLC；Model Y,转向竞品,否,家人更认可竞品,受访者关注安全性，主要用于城市通勤；同时对保养维修成本仍有疑问，决策中会对比宝马X3；奔驰GLC；Model Y。,先围绕城市通勤场景切入，再把安全性转化为可感知体验；对保养维修成本需结合竞品对比和真实用车成本解释。,公开资料方向拟定/模拟问卷样本,基于车型定位、价格段、能源形式、公开车主口碑和公开用户画像报告拟定；仅用于产品Demo，不代表真实调研结果。,奥迪A6L公开车主口碑｜懂车帝,https://www.dongchedi.com/auto/series/score/99-x-S0-P107-x-x-x
S015-10,一汽奥迪,奥迪Q5L,奥迪Q5L,30.98-39.98万,30-40万,传统燃料；常规混合动力,SUV,中型,5座,安徽省,2026-06-25,46岁以上,不便透露,中基层管理者,50-80万,商务/个人用车,5人及以上,否,否,15-25万合资/自主车,换购,15-25万合资/自主车,30-40万,流失/转向竞品,2个月以上,本人,销售顾问；KOL/博主；朋友/同事,商务接待；家庭兼商务,周末短途；城市通勤；家庭出行,车主群/社群讨论；懂车帝/汽车之家口碑；朋友/同事推荐,是,可靠性；静谧性；商务形象；品牌体面感,在意品牌形象和商务/社交场景认可度,保养维修成本；竞品是否更强,宝马X3；奔驰GLC,继续比较,待定,,受访者关注可靠性，主要用于周末短途；同时对保养维修成本仍有疑问，决策中会对比宝马X3；奔驰GLC。,先围绕周末短途场景切入，再把可靠性转化为可感知体验；对保养维修成本需结合竞品对比和真实用车成本解释。,公开资料方向拟定/模拟问卷样本,基于车型定位、价格段、能源形式、公开车主口碑和公开用户画像报告拟定；仅用于产品Demo，不代表真实调研结果。,奥迪A6L公开车主口碑｜懂车帝,https://www.dongchedi.com/auto/series/score/99-x-S0-P107-x-x-x
S015-11,一汽奥迪,奥迪Q5L,奥迪Q5L,30.98-39.98万,30-40万,传统燃料；常规混合动力,SUV,中型,5座,上海市,2026-07-23,36-40岁,女,私营业主/个体经营者,80-100万,商务/个人用车,2人,否,否,15-25万合资/自主车,换购,15-25万合资/自主车,30-40万,价格谈判,1-2个月,企业/业务需求,销售顾问；车主评价,商务接待；家庭出行升级；空间升级,家庭出行；周末短途；城市通勤,朋友/同事推荐；懂车帝/汽车之家口碑,是,品牌体面感；售后服务；后排空间；安全性,在意品牌形象和商务/社交场景认可度,售后维修成本；竞品是否更强；后排地台隆起,宝马X3；奔驰GLC,倾向本品,待定,,受访者关注品牌体面感，主要用于家庭出行；同时对售后维修成本仍有疑问，决策中会对比宝马X3；奔驰GLC。,先围绕家庭出行场景切入，再把品牌体面感转化为可感知体验；对售后维修成本需结合竞品对比和真实用车成本解释。,公开资料方向拟定/模拟问卷样本,基于车型定位、价格段、能源形式、公开车主口碑和公开用户画像报告拟定；仅用于产品Demo，不代表真实调研结果。,奥迪A6L公开车主口碑｜懂车帝,https://www.dongchedi.com/auto/series/score/99-x-S0-P107-x-x-x
S015-12,一汽奥迪,奥迪Q5L,奥迪Q5L,30.98-39.98万,30-40万,传统燃料；常规混合动力,SUV,中型,5座,浙江省,2026-08-13,31-35岁,男,公务员/事业单位,80-100万,商务/个人用车,2人,否,否,15-25万合资/自主车,换购,15-25万合资/自主车,30-40万,流失/转向竞品,2周-1个月,本人,朋友/同事；销售顾问；KOL/博主,通勤代步；家庭兼商务；家庭出行升级,家庭出行；城市通勤；周末短途,品牌直营店/4S店；KOL评测；懂车帝/汽车之家口碑,是,空间舒适；保值率；售后服务；价格权益,希望兼顾家人乘坐和周末出行；希望同预算下配置和权益更划算,竞品是否更强；后排地台隆起,宝马X3；奔驰GLC；Model Y,倾向本品,待定,,受访者关注空间舒适，主要用于家庭出行；同时对竞品是否更强仍有疑问，决策中会对比宝马X3；奔驰GLC；Model Y。,先围绕家庭出行场景切入，再把空间舒适转化为可感知体验；对竞品是否更强需结合竞品对比和真实用车成本解释。,公开资料方向拟定/模拟问卷样本,基于车型定位、价格段、能源形式、公开车主口碑和公开用户画像报告拟定；仅用于产品Demo，不代表真实调研结果。,奥迪A6L公开车主口碑｜懂车帝,https://www.dongchedi.com/auto/series/score/99-x-S0-P107-x-x-x
S015-13,一汽奥迪,奥迪Q5L,奥迪Q5L,30.98-39.98万,30-40万,传统燃料；常规混合动力,SUV,中型,5座,浙江省,2026-07-25,31-35岁,男,私营业主/个体经营者,30-50万,商务/个人用车,3人,否,否,15-25万合资/自主车,换购,15-25万合资/自主车,30-40万,已下订,1-2个月,本人,KOL/博主；朋友/同事,家庭出行升级；换新能源,周末短途；城市通勤,品牌直营店/4S店；KOL评测；懂车帝/汽车之家口碑,否,售后服务；后排空间；安全性,希望在预算内获得更稳定的综合体验,车机/智能化是否落后；售后维修成本；保养维修成本,宝马X3；奔驰GLC,继续比较,待定,,受访者关注售后服务，主要用于周末短途；同时对车机/智能化是否落后仍有疑问，决策中会对比宝马X3；奔驰GLC。,先围绕周末短途场景切入，再把售后服务转化为可感知体验；对车机/智能化是否落后需结合竞品对比和真实用车成本解释。,公开资料方向拟定/模拟问卷样本,基于车型定位、价格段、能源形式、公开车主口碑和公开用户画像报告拟定；仅用于产品Demo，不代表真实调研结果。,奥迪A6L公开车主口碑｜懂车帝,https://www.dongchedi.com/auto/series/score/99-x-S0-P107-x-x-x
S015-14,一汽奥迪,奥迪Q5L,奥迪Q5L,30.98-39.98万,30-40万,传统燃料；常规混合动力,SUV,中型,5座,浙江省,2026-06-13,36-40岁,男,中基层管理者,30-50万,已婚一孩,2人,是,是,家中已有新能源车,增购,家中已有新能源车,30-40万,已购/用车复盘,1-2个月,本人,父母；车主评价,家庭兼商务；通勤代步；家庭出行升级,家庭出行；周末短途,车主群/社群讨论；懂车帝/汽车之家口碑；朋友/同事推荐,是,空间舒适；优惠力度；后排空间,希望兼顾家人乘坐和周末出行,油耗是否偏高；车机智能化不足,宝马X3；奔驰GLC,价格合适会买,待定,,受访者关注空间舒适，主要用于家庭出行；同时对油耗是否偏高仍有疑问，决策中会对比宝马X3；奔驰GLC。,先围绕家庭出行场景切入，再把空间舒适转化为可感知体验；对油耗是否偏高需结合竞品对比和真实用车成本解释。,公开资料方向拟定/模拟问卷样本,基于车型定位、价格段、能源形式、公开车主口碑和公开用户画像报告拟定；仅用于产品Demo，不代表真实调研结果。,奥迪A6L公开车主口碑｜懂车帝,https://www.dongchedi.com/auto/series/score/99-x-S0-P107-x-x-x
S015-15,一汽奥迪,奥迪Q5L,奥迪Q5L,30.98-39.98万,30-40万,传统燃料；常规混合动力,SUV,中型,5座,四川省,2026-08-26,46岁以上,男,中基层管理者,50-80万,已婚一孩,4人,是,否,家中已有燃油车,增购,家中已有燃油车,30-40万,对比评估,2个月以上,本人+配偶,配偶；子女；KOL/博主,家庭出行升级；家庭兼商务,周末短途；城市通勤,KOL评测；小红书/抖音内容,否,安全性；可靠性；售后服务；价格权益,希望同预算下配置和权益更划算,保养维修成本；保值率；竞品是否更强,宝马X3；奔驰GLC；Model Y,继续比较,待定,,受访者关注安全性，主要用于周末短途；同时对保养维修成本仍有疑问，决策中会对比宝马X3；奔驰GLC；Model Y。,先围绕周末短途场景切入，再把安全性转化为可感知体验；对保养维修成本需结合竞品对比和真实用车成本解释。,公开资料方向拟定/模拟问卷样本,基于车型定位、价格段、能源形式、公开车主口碑和公开用户画像报告拟定；仅用于产品Demo，不代表真实调研结果。,奥迪A6L公开车主口碑｜懂车帝,https://www.dongchedi.com/auto/series/score/99-x-S0-P107-x-x-x
S015-16,一汽奥迪,奥迪Q5L,奥迪Q5L,30.98-39.98万,30-40万,传统燃料；常规混合动力,SUV,中型,5座,湖北省,2026-08-18,41-45岁,男,公务员/事业单位,80-100万,已婚一孩,4人,是,是,15-25万合资/自主车,换购,15-25万合资/自主车,30-40万,流失/转向竞品,2周-1个月,本人,KOL/博主；配偶,换新能源；家庭兼商务,家庭出行；周末短途；城市通勤,懂车帝/汽车之家口碑；朋友/同事推荐,否,可靠性；品牌认知；保值率,在意品牌形象和商务/社交场景认可度,后排地台隆起；保养维修成本,宝马X3；奔驰GLC,已下订,是,,受访者关注可靠性，主要用于家庭出行；同时对后排地台隆起仍有疑问，决策中会对比宝马X3；奔驰GLC。,先围绕家庭出行场景切入，再把可靠性转化为可感知体验；对后排地台隆起需结合竞品对比和真实用车成本解释。,公开资料方向拟定/模拟问卷样本,基于车型定位、价格段、能源形式、公开车主口碑和公开用户画像报告拟定；仅用于产品Demo，不代表真实调研结果。,奥迪A6L公开车主口碑｜懂车帝,https://www.dongchedi.com/auto/series/score/99-x-S0-P107-x-x-x
S015-17,一汽奥迪,奥迪Q5L,奥迪Q5L,30.98-39.98万,30-40万,传统燃料；常规混合动力,SUV,中型,5座,浙江省,2026-07-07,36-40岁,女,企业高管/企业主,50-80万,已婚二孩及以上,4人,是,否,15-25万合资/自主车,换购,15-25万合资/自主车,30-40万,初步了解,1-2个月,企业/业务需求,车主评价；父母；子女,家庭出行升级；通勤代步；品牌升级,周末短途；家庭出行；城市通勤,小红书/抖音内容；朋友/同事推荐,否,商务形象；静谧性；售后服务；可靠性,希望在预算内获得更稳定的综合体验,保养维修费用；后排地台隆起；保养维修成本,宝马X3；奔驰GLC,倾向本品,待定,,受访者关注商务形象，主要用于周末短途；同时对保养维修费用仍有疑问，决策中会对比宝马X3；奔驰GLC。,先围绕周末短途场景切入，再把商务形象转化为可感知体验；对保养维修费用需结合竞品对比和真实用车成本解释。,公开资料方向拟定/模拟问卷样本,基于车型定位、价格段、能源形式、公开车主口碑和公开用户画像报告拟定；仅用于产品Demo，不代表真实调研结果。,奥迪A6L公开车主口碑｜懂车帝,https://www.dongchedi.com/auto/series/score/99-x-S0-P107-x-x-x
S015-18,一汽奥迪,奥迪Q5L,奥迪Q5L,30.98-39.98万,30-40万,传统燃料；常规混合动力,SUV,中型,5座,湖南省,2026-08-19,41-45岁,男,企业高管/企业主,50-80万,已婚一孩,4人,是,否,15-25万合资/自主车,换购,15-25万合资/自主车,30-40万,已试驾,2个月以上,本人+配偶,KOL/博主；父母；子女,家庭出行升级；空间升级,周末短途；家庭出行；城市通勤,品牌直营店/4S店；车主群/社群讨论；朋友/同事推荐,是,价格权益；商务形象；空间舒适；售后服务,希望兼顾家人乘坐和周末出行；希望同预算下配置和权益更划算,价格是否值得；车机智能化不足；售后维修成本,宝马X3；奔驰GLC；Model Y,倾向本品,待定,,受访者关注价格权益，主要用于周末短途；同时对价格是否值得仍有疑问，决策中会对比宝马X3；奔驰GLC；Model Y。,先围绕周末短途场景切入，再把价格权益转化为可感知体验；对价格是否值得需结合竞品对比和真实用车成本解释。,公开资料方向拟定/模拟问卷样本,基于车型定位、价格段、能源形式、公开车主口碑和公开用户画像报告拟定；仅用于产品Demo，不代表真实调研结果。,奥迪A6L公开车主口碑｜懂车帝,https://www.dongchedi.com/auto/series/score/99-x-S0-P107-x-x-x
S015-19,一汽奥迪,奥迪Q5L,奥迪Q5L,30.98-39.98万,30-40万,传统燃料；常规混合动力,SUV,中型,5座,重庆市,2026-07-27,46岁以上,不便透露,中基层管理者,50-80万,已婚二孩及以上,3人,是,否,15-25万合资/自主车,换购,15-25万合资/自主车,30-40万,价格谈判,2个月以上,本人+配偶,配偶；父母；车主评价,换新能源；空间升级,城市通勤；家庭出行,朋友/同事推荐；品牌直营店/4S店；车主群/社群讨论,是,品牌认知；保值率；优惠力度,在意品牌形象和商务/社交场景认可度,售后维修成本；保养维修成本,宝马X3；奔驰GLC,继续比较,待定,,受访者关注品牌认知，主要用于城市通勤；同时对售后维修成本仍有疑问，决策中会对比宝马X3；奔驰GLC。,先围绕城市通勤场景切入，再把品牌认知转化为可感知体验；对售后维修成本需结合竞品对比和真实用车成本解释。,公开资料方向拟定/模拟问卷样本,基于车型定位、价格段、能源形式、公开车主口碑和公开用户画像报告拟定；仅用于产品Demo，不代表真实调研结果。,奥迪A6L公开车主口碑｜懂车帝,https://www.dongchedi.com/auto/series/score/99-x-S0-P107-x-x-x
S015-20,一汽奥迪,奥迪Q5L,奥迪Q5L,30.98-39.98万,30-40万,传统燃料；常规混合动力,SUV,中型,5座,陕西省,2026-08-27,46岁以上,男,公务员/事业单位,80-100万,已婚二孩及以上,5人及以上,是,否,15-25万合资/自主车,换购,15-25万合资/自主车,30-40万,价格谈判,1-2个月,企业/业务需求,子女；配偶,商务接待；空间升级,周末短途；家庭出行；城市通勤,朋友/同事推荐；车主群/社群讨论,是,静谧性；可靠性；驾驶质感,希望在预算内获得更稳定的综合体验,车机智能化不足；价格是否值得；后排地台隆起,宝马X3；奔驰GLC,继续比较,待定,,受访者关注静谧性，主要用于周末短途；同时对车机智能化不足仍有疑问，决策中会对比宝马X3；奔驰GLC。,先围绕周末短途场景切入，再把静谧性转化为可感知体验；对车机智能化不足需结合竞品对比和真实用车成本解释。,公开资料方向拟定/模拟问卷样本,基于车型定位、价格段、能源形式、公开车主口碑和公开用户画像报告拟定；仅用于产品Demo，不代表真实调研结果。,奥迪A6L公开车主口碑｜懂车帝,https://www.dongchedi.com/auto/series/score/99-x-S0-P107-x-x-x
S016-01,东风日产,日产NX8,日产NX8,15.99-20.99万,10-20万,纯电动；增程式插混,SUV,中大型,5座,山东省,2026-07-11,26-30岁,男,互联网/科技从业者,30-50万,恋爱/情侣同住,3人,否,否,家中已有燃油车,增购,家中已有燃油车,10-30万,初步了解,1-2个月,本人+配偶,配偶；朋友/同事；KOL/博主,低成本出行；家庭出行升级,充电便利场景；城市通勤；长途自驾,小红书/抖音内容；KOL评测,是,外观设计；智能座舱；保值率,希望在预算内获得更稳定的综合体验,竞品是否更强；售后网络是否成熟,钛7；华境S,倾向本品,待定,,受访者关注外观设计，主要用于充电便利场景；同时对竞品是否更强仍有疑问，决策中会对比钛7；华境S。,先围绕充电便利场景场景切入，再把外观设计转化为可感知体验；对竞品是否更强需结合竞品对比和真实用车成本解释。,公开资料方向拟定/模拟问卷样本,基于车型定位、价格段、能源形式、公开车主口碑和公开用户画像报告拟定；仅用于产品Demo，不代表真实调研结果。,2024增换购用户需求洞察｜汽车之家研究院,https://www.autohome.com.cn/news/202409/1300865.html
S016-02,东风日产,日产NX8,日产NX8,15.99-20.99万,10-20万,纯电动；增程式插混,SUV,中大型,5座,福建省,2026-06-21,18-25岁,男,企业职员,30-50万,已婚一孩,2人,是,否,无车,首购,无车,10-30万,已购/用车复盘,2周-1个月,本人+配偶,配偶；父母,家庭出行升级；低成本出行；长途/自驾,长途自驾；周末短途,车主群/社群讨论；懂车帝/汽车之家口碑,否,智能驾驶；低使用成本；价格权益；售后服务,希望降低通勤和长途驾驶压力；希望同预算下配置和权益更划算,价格是否值得；售后网络是否成熟；增程/插混系统可靠性,华境S；RAV4荣放,倾向本品,待定,,受访者关注智能驾驶，主要用于长途自驾；同时对价格是否值得仍有疑问，决策中会对比华境S；RAV4荣放。,先围绕长途自驾场景切入，再把智能驾驶转化为可感知体验；对价格是否值得需结合竞品对比和真实用车成本解释。,公开资料方向拟定/模拟问卷样本,基于车型定位、价格段、能源形式、公开车主口碑和公开用户画像报告拟定；仅用于产品Demo，不代表真实调研结果。,2024增换购用户需求洞察｜汽车之家研究院,https://www.autohome.com.cn/news/202409/1300865.html
S016-03,东风日产,日产NX8,日产NX8,15.99-20.99万,10-20万,纯电动；增程式插混,SUV,中大型,5座,四川省,2026-08-28,26-30岁,女,中基层管理者,30-50万,已婚一孩,3人,是,否,无车,首购,无车,10-30万,已购/用车复盘,1-2个月,本人+配偶,KOL/博主；父母；配偶,智能化体验；长途/自驾；低成本出行,长途自驾；周末短途；老人小孩乘坐,车主群/社群讨论；朋友/同事推荐,是,售后服务；智能驾驶；补能便利,希望降低通勤和长途驾驶压力,用车能耗/续航；竞品是否更强,RAV4荣放；星越L；坦克300,倾向本品,待定,,受访者关注售后服务，主要用于长途自驾；同时对用车能耗/续航仍有疑问，决策中会对比RAV4荣放；星越L；坦克300。,先围绕长途自驾场景切入，再把售后服务转化为可感知体验；对用车能耗/续航需结合竞品对比和真实用车成本解释。,公开资料方向拟定/模拟问卷样本,基于车型定位、价格段、能源形式、公开车主口碑和公开用户画像报告拟定；仅用于产品Demo，不代表真实调研结果。,2024增换购用户需求洞察｜汽车之家研究院,https://www.autohome.com.cn/news/202409/1300865.html
S016-04,东风日产,日产NX8,日产NX8,15.99-20.99万,10-20万,纯电动；增程式插混,SUV,中大型,5座,浙江省,2026-08-07,31-35岁,女,企业职员,20-30万,已婚无孩,5人及以上,否,否,无车,首购,无车,10-30万,已购/用车复盘,2周-1个月,本人+配偶,车主评价；朋友/同事；配偶,家庭出行升级；换新能源；减少里程焦虑,周末短途；长途自驾,小红书/抖音内容；品牌直营店/4S店；车主群/社群讨论,是,空间舒适；智能座舱；家庭适配,希望兼顾家人乘坐和周末出行,增程/插混系统可靠性；价格是否值得,星越L；坦克300,继续比较,待定,,受访者关注空间舒适，主要用于周末短途；同时对增程/插混系统可靠性仍有疑问，决策中会对比星越L；坦克300。,先围绕周末短途场景切入，再把空间舒适转化为可感知体验；对增程/插混系统可靠性需结合竞品对比和真实用车成本解释。,公开资料方向拟定/模拟问卷样本,基于车型定位、价格段、能源形式、公开车主口碑和公开用户画像报告拟定；仅用于产品Demo，不代表真实调研结果。,2024增换购用户需求洞察｜汽车之家研究院,https://www.autohome.com.cn/news/202409/1300865.html
S016-05,东风日产,日产NX8,日产NX8,15.99-20.99万,10-20万,纯电动；增程式插混,SUV,中大型,5座,福建省,2026-07-02,26-30岁,男,企业职员,20-30万,已婚一孩,3人,是,否,家中已有燃油车,增购,家中已有燃油车,10-30万,已试驾,2周-1个月,本人,车主评价；子女；父母,减少里程焦虑；空间升级,充电便利场景；周末短途,朋友/同事推荐；小红书/抖音内容；KOL评测,是,智能座舱；售后服务；保值率,希望在预算内获得更稳定的综合体验,价格权益是否稳定；续航达成率；价格是否值得,坦克300；钛7,价格合适会买,待定,,受访者关注智能座舱，主要用于充电便利场景；同时对价格权益是否稳定仍有疑问，决策中会对比坦克300；钛7。,先围绕充电便利场景场景切入，再把智能座舱转化为可感知体验；对价格权益是否稳定需结合竞品对比和真实用车成本解释。,公开资料方向拟定/模拟问卷样本,基于车型定位、价格段、能源形式、公开车主口碑和公开用户画像报告拟定；仅用于产品Demo，不代表真实调研结果。,2024增换购用户需求洞察｜汽车之家研究院,https://www.autohome.com.cn/news/202409/1300865.html
S016-06,东风日产,日产NX8,日产NX8,15.99-20.99万,10-20万,纯电动；增程式插混,SUV,中大型,5座,福建省,2026-07-04,31-35岁,男,公务员/事业单位,20-30万,单身,2人,否,否,无车,首购,无车,10-30万,流失/转向竞品,1-2个月,家庭共同决策,朋友/同事；KOL/博主；车主评价,长途/自驾；换新能源,老人小孩乘坐；长途自驾；充电便利场景,车主群/社群讨论；KOL评测；朋友/同事推荐,是,智能驾驶；售后服务；外观设计；空间舒适,希望兼顾家人乘坐和周末出行；希望降低通勤和长途驾驶压力,用车能耗/续航；价格是否值得,钛7；华境S；RAV4荣放,价格合适会买,待定,,受访者关注智能驾驶，主要用于老人小孩乘坐；同时对用车能耗/续航仍有疑问，决策中会对比钛7；华境S；RAV4荣放。,先围绕老人小孩乘坐场景切入，再把智能驾驶转化为可感知体验；对用车能耗/续航需结合竞品对比和真实用车成本解释。,公开资料方向拟定/模拟问卷样本,基于车型定位、价格段、能源形式、公开车主口碑和公开用户画像报告拟定；仅用于产品Demo，不代表真实调研结果。,2024增换购用户需求洞察｜汽车之家研究院,https://www.autohome.com.cn/news/202409/1300865.html
S016-07,东风日产,日产NX8,日产NX8,15.99-20.99万,10-20万,纯电动；增程式插混,SUV,中大型,5座,湖北省,2026-07-10,18-25岁,男,公务员/事业单位,20-30万,已婚一孩,3人,是,否,无车,首购,无车,10-30万,价格谈判,2周-1个月,本人+配偶,子女；父母；车主评价,空间升级；低成本出行,长途自驾；老人小孩乘坐；周末短途,车主群/社群讨论；朋友/同事推荐；KOL评测,是,智能驾驶；售后服务；低使用成本；外观设计,希望降低通勤和长途驾驶压力,售后维修成本；续航达成率；用车能耗/续航,华境S；RAV4荣放,已下订,是,,受访者关注智能驾驶，主要用于长途自驾；同时对售后维修成本仍有疑问，决策中会对比华境S；RAV4荣放。,先围绕长途自驾场景切入，再把智能驾驶转化为可感知体验；对售后维修成本需结合竞品对比和真实用车成本解释。,公开资料方向拟定/模拟问卷样本,基于车型定位、价格段、能源形式、公开车主口碑和公开用户画像报告拟定；仅用于产品Demo，不代表真实调研结果。,2024增换购用户需求洞察｜汽车之家研究院,https://www.autohome.com.cn/news/202409/1300865.html
S016-08,东风日产,日产NX8,日产NX8,15.99-20.99万,10-20万,纯电动；增程式插混,SUV,中大型,5座,河南省,2026-06-17,36-40岁,女,公务员/事业单位,20-30万,已婚一孩,2人,是,是,家中已有新能源车,增购,家中已有新能源车,10-30万,流失/转向竞品,1-2个月,家庭共同决策,车主评价；父母,家庭出行升级；换新能源；长途/自驾,充电便利场景；周末短途；城市通勤,KOL评测；懂车帝/汽车之家口碑,是,安全性；低使用成本；空间舒适,希望兼顾家人乘坐和周末出行,用车能耗/续航；竞品是否更强；售后维修成本,RAV4荣放；星越L,已购,是,,受访者关注安全性，主要用于充电便利场景；同时对用车能耗/续航仍有疑问，决策中会对比RAV4荣放；星越L。,先围绕充电便利场景场景切入，再把安全性转化为可感知体验；对用车能耗/续航需结合竞品对比和真实用车成本解释。,公开资料方向拟定/模拟问卷样本,基于车型定位、价格段、能源形式、公开车主口碑和公开用户画像报告拟定；仅用于产品Demo，不代表真实调研结果。,2024增换购用户需求洞察｜汽车之家研究院,https://www.autohome.com.cn/news/202409/1300865.html
S017-01,上汽通用五菱,宏光MINIEV,宏光MINIEV,3.58-5.58万,5万以下,纯电动,轿车,微型,4座,重庆市,2026-08-06,18-25岁,男,企业职员,20-30万,恋爱/情侣同住,4人,否,否,无车,首购,无车,10万以内,已试驾,2周-1个月,本人+配偶,KOL/博主；车主评价；朋友/同事,智能化体验；家庭出行升级,商务接待；城市通勤；周末短途,朋友/同事推荐；品牌直营店/4S店；懂车帝/汽车之家口碑,否,空间舒适；低使用成本；通勤舒适,希望兼顾家人乘坐和周末出行,底盘舒适性；后备厢空间；保值率,长安Lumin；埃尚,倾向本品,待定,,受访者关注空间舒适，主要用于商务接待；同时对底盘舒适性仍有疑问，决策中会对比长安Lumin；埃尚。,先围绕商务接待场景切入，再把空间舒适转化为可感知体验；对底盘舒适性需结合竞品对比和真实用车成本解释。,公开资料方向拟定/模拟问卷样本,基于车型定位、价格段、能源形式、公开车主口碑和公开用户画像报告拟定；仅用于产品Demo，不代表真实调研结果。,2024增换购用户需求洞察｜汽车之家研究院,https://www.autohome.com.cn/news/202409/1300865.html
S017-02,上汽通用五菱,宏光MINIEV,宏光MINIEV,3.58-5.58万,5万以下,纯电动,轿车,微型,4座,四川省,2026-06-18,18-25岁,男,企业职员,10-20万,恋爱/情侣同住,4人,否,否,15-25万合资/自主车,换购,15-25万合资/自主车,10万以内,流失/转向竞品,1周内,本人,车主评价；配偶,低成本出行；换新能源；智能化体验,家庭出行；充电便利场景,品牌直营店/4S店；小红书/抖音内容,是,驾驶质感；售后服务；保值率,希望在预算内获得更稳定的综合体验,智能化是否稳定；后排空间是否够用,埃尚；QQ冰淇淋,倾向本品,待定,,受访者关注驾驶质感，主要用于家庭出行；同时对智能化是否稳定仍有疑问，决策中会对比埃尚；QQ冰淇淋。,先围绕家庭出行场景切入，再把驾驶质感转化为可感知体验；对智能化是否稳定需结合竞品对比和真实用车成本解释。,公开资料方向拟定/模拟问卷样本,基于车型定位、价格段、能源形式、公开车主口碑和公开用户画像报告拟定；仅用于产品Demo，不代表真实调研结果。,2024增换购用户需求洞察｜汽车之家研究院,https://www.autohome.com.cn/news/202409/1300865.html
S017-03,上汽通用五菱,宏光MINIEV,宏光MINIEV,3.58-5.58万,5万以下,纯电动,轿车,微型,4座,上海市,2026-07-05,26-30岁,女,自由职业/内容创作者,20-30万,恋爱/情侣同住,4人,否,是,无车,首购,无车,10万以内,已购/用车复盘,1周内,本人,车主评价；配偶,空间升级；通勤代步；家庭出行升级,充电便利场景；城市通勤,KOL评测；小红书/抖音内容；车主群/社群讨论,是,品牌认知；外观设计；驾驶质感,在意品牌形象和商务/社交场景认可度,售后网络是否成熟；售后维修成本,QQ冰淇淋；奔腾小马；五菱宏光,倾向本品,待定,,受访者关注品牌认知，主要用于充电便利场景；同时对售后网络是否成熟仍有疑问，决策中会对比QQ冰淇淋；奔腾小马；五菱宏光。,先围绕充电便利场景场景切入，再把品牌认知转化为可感知体验；对售后网络是否成熟需结合竞品对比和真实用车成本解释。,公开资料方向拟定/模拟问卷样本,基于车型定位、价格段、能源形式、公开车主口碑和公开用户画像报告拟定；仅用于产品Demo，不代表真实调研结果。,2024增换购用户需求洞察｜汽车之家研究院,https://www.autohome.com.cn/news/202409/1300865.html
S017-04,上汽通用五菱,宏光MINIEV,宏光MINIEV,3.58-5.58万,5万以下,纯电动,轿车,微型,4座,四川省,2026-08-14,26-30岁,不便透露,企业职员,20-30万,恋爱/情侣同住,4人,否,否,无车,首购,无车,10万以内,对比评估,2周-1个月,本人,KOL/博主；朋友/同事；配偶,换新能源；通勤代步；低成本出行,周末短途；充电便利场景,懂车帝/汽车之家口碑；车主群/社群讨论,否,售后服务；空间舒适；智能座舱,希望兼顾家人乘坐和周末出行,后备厢空间；售后维修成本,奔腾小马；五菱宏光,继续比较,待定,,受访者关注售后服务，主要用于周末短途；同时对后备厢空间仍有疑问，决策中会对比奔腾小马；五菱宏光。,先围绕周末短途场景切入，再把售后服务转化为可感知体验；对后备厢空间需结合竞品对比和真实用车成本解释。,公开资料方向拟定/模拟问卷样本,基于车型定位、价格段、能源形式、公开车主口碑和公开用户画像报告拟定；仅用于产品Demo，不代表真实调研结果。,2024增换购用户需求洞察｜汽车之家研究院,https://www.autohome.com.cn/news/202409/1300865.html
S017-05,上汽通用五菱,宏光MINIEV,宏光MINIEV,3.58-5.58万,5万以下,纯电动,轿车,微型,4座,福建省,2026-06-02,18-25岁,男,自由职业/内容创作者,10-20万,单身,4人,否,是,无车,首购,无车,10万以内,对比评估,1-2周,本人,KOL/博主；车主评价,换新能源；通勤代步,城市通勤；周末短途；家庭出行,品牌直营店/4S店；KOL评测；朋友/同事推荐,是,低使用成本；保值率；安全性；通勤舒适,希望在预算内获得更稳定的综合体验,续航达成率；售后维修成本；后排空间是否够用,五菱宏光；长安Lumin,价格合适会买,待定,,受访者关注低使用成本，主要用于城市通勤；同时对续航达成率仍有疑问，决策中会对比五菱宏光；长安Lumin。,先围绕城市通勤场景切入，再把低使用成本转化为可感知体验；对续航达成率需结合竞品对比和真实用车成本解释。,公开资料方向拟定/模拟问卷样本,基于车型定位、价格段、能源形式、公开车主口碑和公开用户画像报告拟定；仅用于产品Demo，不代表真实调研结果。,2024增换购用户需求洞察｜汽车之家研究院,https://www.autohome.com.cn/news/202409/1300865.html
S017-06,上汽通用五菱,宏光MINIEV,宏光MINIEV,3.58-5.58万,5万以下,纯电动,轿车,微型,4座,北京市,2026-06-16,18-25岁,女,企业职员,20-30万,已婚无孩,2人,否,否,无车,首购,无车,10万以内,已试驾,1周内,本人,车主评价；配偶；KOL/博主,家庭出行升级；换新能源,充电便利场景；商务接待,朋友/同事推荐；KOL评测；车主群/社群讨论,是,外观设计；安全性；通勤舒适；保值率,希望在预算内获得更稳定的综合体验,价格是否值得；售后维修成本,长安Lumin；埃尚；QQ冰淇淋,倾向本品,待定,,受访者关注外观设计，主要用于充电便利场景；同时对价格是否值得仍有疑问，决策中会对比长安Lumin；埃尚；QQ冰淇淋。,先围绕充电便利场景场景切入，再把外观设计转化为可感知体验；对价格是否值得需结合竞品对比和真实用车成本解释。,公开资料方向拟定/模拟问卷样本,基于车型定位、价格段、能源形式、公开车主口碑和公开用户画像报告拟定；仅用于产品Demo，不代表真实调研结果。,2024增换购用户需求洞察｜汽车之家研究院,https://www.autohome.com.cn/news/202409/1300865.html
S017-07,上汽通用五菱,宏光MINIEV,宏光MINIEV,3.58-5.58万,5万以下,纯电动,轿车,微型,4座,上海市,2026-06-22,26-30岁,女,企业职员,10-20万,单身,4人,否,是,家中已有燃油车,增购,家中已有燃油车,10万以内,已下订,1-2周,本人,朋友/同事；车主评价,家庭出行升级；低成本出行；空间升级,商务接待；充电便利场景,车主群/社群讨论；朋友/同事推荐,是,空间舒适；智能驾驶；保值率,希望兼顾家人乘坐和周末出行；希望降低通勤和长途驾驶压力,续航达成率；保值率；售后网络是否成熟,埃尚；QQ冰淇淋,继续比较,待定,,受访者关注空间舒适，主要用于商务接待；同时对续航达成率仍有疑问，决策中会对比埃尚；QQ冰淇淋。,先围绕商务接待场景切入，再把空间舒适转化为可感知体验；对续航达成率需结合竞品对比和真实用车成本解释。,公开资料方向拟定/模拟问卷样本,基于车型定位、价格段、能源形式、公开车主口碑和公开用户画像报告拟定；仅用于产品Demo，不代表真实调研结果。,2024增换购用户需求洞察｜汽车之家研究院,https://www.autohome.com.cn/news/202409/1300865.html
S017-08,上汽通用五菱,宏光MINIEV,宏光MINIEV,3.58-5.58万,5万以下,纯电动,轿车,微型,4座,广东省,2026-06-25,26-30岁,男,企业职员,10-20万,已婚无孩,2人,否,是,家中已有新能源车,增购,家中已有新能源车,10万以内,已购/用车复盘,2周-1个月,父母参与,配偶；车主评价；朋友/同事,智能化体验；家庭出行升级；通勤代步,家庭出行；周末短途,懂车帝/汽车之家口碑；品牌直营店/4S店；车主群/社群讨论,否,品牌认知；安全性；价格权益,在意品牌形象和商务/社交场景认可度；希望同预算下配置和权益更划算,智能化是否稳定；补能是否方便,QQ冰淇淋；奔腾小马,倾向本品,待定,,受访者关注品牌认知，主要用于家庭出行；同时对智能化是否稳定仍有疑问，决策中会对比QQ冰淇淋；奔腾小马。,先围绕家庭出行场景切入，再把品牌认知转化为可感知体验；对智能化是否稳定需结合竞品对比和真实用车成本解释。,公开资料方向拟定/模拟问卷样本,基于车型定位、价格段、能源形式、公开车主口碑和公开用户画像报告拟定；仅用于产品Demo，不代表真实调研结果。,2024增换购用户需求洞察｜汽车之家研究院,https://www.autohome.com.cn/news/202409/1300865.html
S018-01,长安汽车,长安Lumin,长安Lumin,3.79-6.59万,5-10万,纯电动,轿车,微型,4座,重庆市,2026-08-01,18-25岁,不便透露,企业职员,10-20万,恋爱/情侣同住,3人,否,是,无车,首购,无车,10万以内,已试驾,1-2周,本人+配偶,朋友/同事；KOL/博主,家庭出行升级；通勤代步,家庭出行；充电便利场景；商务接待,小红书/抖音内容；懂车帝/汽车之家口碑；品牌直营店/4S店,否,外观设计；通勤舒适；驾驶质感；低使用成本,希望在预算内获得更稳定的综合体验,后排空间是否够用；底盘舒适性；智能化是否稳定,凯翼拾月；宏光MINIEV,价格合适会买,待定,,受访者关注外观设计，主要用于家庭出行；同时对后排空间是否够用仍有疑问，决策中会对比凯翼拾月；宏光MINIEV。,先围绕家庭出行场景切入，再把外观设计转化为可感知体验；对后排空间是否够用需结合竞品对比和真实用车成本解释。,公开资料方向拟定/模拟问卷样本,基于车型定位、价格段、能源形式、公开车主口碑和公开用户画像报告拟定；仅用于产品Demo，不代表真实调研结果。,2024增换购用户需求洞察｜汽车之家研究院,https://www.autohome.com.cn/news/202409/1300865.html
S018-02,长安汽车,长安Lumin,长安Lumin,3.79-6.59万,5-10万,纯电动,轿车,微型,4座,北京市,2026-08-28,18-25岁,女,学生/应届,10-20万,单身,3人,否,否,家中已有新能源车,增购,家中已有新能源车,10万以内,已购/用车复盘,1-2周,本人+配偶,销售顾问；朋友/同事,换新能源；低成本出行,充电便利场景；商务接待；城市通勤,品牌直营店/4S店；朋友/同事推荐；懂车帝/汽车之家口碑,是,驾驶质感；智能座舱；安全性,希望在预算内获得更稳定的综合体验,保值率；续航达成率,宏光MINIEV；五菱宏光,价格合适会买,待定,,受访者关注驾驶质感，主要用于充电便利场景；同时对保值率仍有疑问，决策中会对比宏光MINIEV；五菱宏光。,先围绕充电便利场景场景切入，再把驾驶质感转化为可感知体验；对保值率需结合竞品对比和真实用车成本解释。,公开资料方向拟定/模拟问卷样本,基于车型定位、价格段、能源形式、公开车主口碑和公开用户画像报告拟定；仅用于产品Demo，不代表真实调研结果。,2024增换购用户需求洞察｜汽车之家研究院,https://www.autohome.com.cn/news/202409/1300865.html
S018-03,长安汽车,长安Lumin,长安Lumin,3.79-6.59万,5-10万,纯电动,轿车,微型,4座,四川省,2026-06-23,18-25岁,男,学生/应届,20-30万,恋爱/情侣同住,1人,否,否,无车,首购,无车,10万以内,流失/转向竞品,2周-1个月,本人,KOL/博主；车主评价,智能化体验；空间升级；换新能源,周末短途；家庭出行；商务接待,懂车帝/汽车之家口碑；品牌直营店/4S店；小红书/抖音内容,是,保值率；安全性；外观设计,希望在预算内获得更稳定的综合体验,竞品是否更强；保值率,五菱宏光；埃尚；QQ冰淇淋,已下订,是,,受访者关注保值率，主要用于周末短途；同时对竞品是否更强仍有疑问，决策中会对比五菱宏光；埃尚；QQ冰淇淋。,先围绕周末短途场景切入，再把保值率转化为可感知体验；对竞品是否更强需结合竞品对比和真实用车成本解释。,公开资料方向拟定/模拟问卷样本,基于车型定位、价格段、能源形式、公开车主口碑和公开用户画像报告拟定；仅用于产品Demo，不代表真实调研结果。,2024增换购用户需求洞察｜汽车之家研究院,https://www.autohome.com.cn/news/202409/1300865.html
S018-04,长安汽车,长安Lumin,长安Lumin,3.79-6.59万,5-10万,纯电动,轿车,微型,4座,上海市,2026-08-26,18-25岁,男,自由职业/内容创作者,20-30万,恋爱/情侣同住,2人,否,否,15-25万合资/自主车,换购,15-25万合资/自主车,10万以内,已下订,1周内,本人,朋友/同事；KOL/博主；车主评价,空间升级；换新能源；通勤代步,充电便利场景；城市通勤,朋友/同事推荐；懂车帝/汽车之家口碑；品牌直营店/4S店,否,保值率；品牌认知；外观设计；空间舒适,希望兼顾家人乘坐和周末出行；在意品牌形象和商务/社交场景认可度,保值率；后排空间是否够用；价格是否值得,埃尚；QQ冰淇淋,倾向本品,待定,,受访者关注保值率，主要用于充电便利场景；同时对保值率仍有疑问，决策中会对比埃尚；QQ冰淇淋。,先围绕充电便利场景场景切入，再把保值率转化为可感知体验；对保值率需结合竞品对比和真实用车成本解释。,公开资料方向拟定/模拟问卷样本,基于车型定位、价格段、能源形式、公开车主口碑和公开用户画像报告拟定；仅用于产品Demo，不代表真实调研结果。,2024增换购用户需求洞察｜汽车之家研究院,https://www.autohome.com.cn/news/202409/1300865.html
S018-05,长安汽车,长安Lumin,长安Lumin,3.79-6.59万,5-10万,纯电动,轿车,微型,4座,安徽省,2026-07-23,18-25岁,男,学生/应届,10-20万,恋爱/情侣同住,3人,否,否,无车,首购,无车,10万以内,已下订,1-2周,本人,车主评价；KOL/博主,智能化体验；换新能源,城市通勤；商务接待；周末短途,品牌直营店/4S店；车主群/社群讨论,否,智能驾驶；安全性；保值率；驾驶质感,希望降低通勤和长途驾驶压力,底盘舒适性；售后维修成本；后备厢空间,QQ冰淇淋；凯翼拾月,倾向本品,待定,,受访者关注智能驾驶，主要用于城市通勤；同时对底盘舒适性仍有疑问，决策中会对比QQ冰淇淋；凯翼拾月。,先围绕城市通勤场景切入，再把智能驾驶转化为可感知体验；对底盘舒适性需结合竞品对比和真实用车成本解释。,公开资料方向拟定/模拟问卷样本,基于车型定位、价格段、能源形式、公开车主口碑和公开用户画像报告拟定；仅用于产品Demo，不代表真实调研结果。,2024增换购用户需求洞察｜汽车之家研究院,https://www.autohome.com.cn/news/202409/1300865.html
S018-06,长安汽车,长安Lumin,长安Lumin,3.79-6.59万,5-10万,纯电动,轿车,微型,4座,湖北省,2026-06-14,26-30岁,男,企业职员,10-20万,恋爱/情侣同住,1人,否,是,无车,首购,无车,10万以内,对比评估,1-2周,本人+配偶,配偶；朋友/同事；车主评价,低成本出行；换新能源；家庭出行升级,商务接待；家庭出行；周末短途,车主群/社群讨论；KOL评测,是,低使用成本；智能座舱；安全性；驾驶质感,希望在预算内获得更稳定的综合体验,补能是否方便；后排空间是否够用；价格是否值得,凯翼拾月；宏光MINIEV；五菱宏光,继续比较,待定,,受访者关注低使用成本，主要用于商务接待；同时对补能是否方便仍有疑问，决策中会对比凯翼拾月；宏光MINIEV；五菱宏光。,先围绕商务接待场景切入，再把低使用成本转化为可感知体验；对补能是否方便需结合竞品对比和真实用车成本解释。,公开资料方向拟定/模拟问卷样本,基于车型定位、价格段、能源形式、公开车主口碑和公开用户画像报告拟定；仅用于产品Demo，不代表真实调研结果。,2024增换购用户需求洞察｜汽车之家研究院,https://www.autohome.com.cn/news/202409/1300865.html
S018-07,长安汽车,长安Lumin,长安Lumin,3.79-6.59万,5-10万,纯电动,轿车,微型,4座,江苏省,2026-07-27,26-30岁,男,企业职员,30-50万,已婚无孩,1人,否,否,无车,首购,无车,10万以内,已购/用车复盘,1-2周,本人,车主评价；朋友/同事；配偶,低成本出行；通勤代步,家庭出行；周末短途；充电便利场景,品牌直营店/4S店；朋友/同事推荐,是,售后服务；智能座舱；保值率,希望在预算内获得更稳定的综合体验,底盘舒适性；续航达成率；售后维修成本,宏光MINIEV；五菱宏光,倾向本品,待定,,受访者关注售后服务，主要用于家庭出行；同时对底盘舒适性仍有疑问，决策中会对比宏光MINIEV；五菱宏光。,先围绕家庭出行场景切入，再把售后服务转化为可感知体验；对底盘舒适性需结合竞品对比和真实用车成本解释。,公开资料方向拟定/模拟问卷样本,基于车型定位、价格段、能源形式、公开车主口碑和公开用户画像报告拟定；仅用于产品Demo，不代表真实调研结果。,2024增换购用户需求洞察｜汽车之家研究院,https://www.autohome.com.cn/news/202409/1300865.html
S018-08,长安汽车,长安Lumin,长安Lumin,3.79-6.59万,5-10万,纯电动,轿车,微型,4座,上海市,2026-07-23,18-25岁,女,企业职员,10-20万,恋爱/情侣同住,3人,否,否,无车,首购,无车,10万以内,已试驾,1-2周,父母参与,车主评价；配偶；KOL/博主,家庭出行升级；低成本出行；智能化体验,家庭出行；商务接待,懂车帝/汽车之家口碑；品牌直营店/4S店；朋友/同事推荐,否,售后服务；价格权益；通勤舒适；驾驶质感,希望同预算下配置和权益更划算,续航达成率；竞品是否更强,五菱宏光；埃尚,倾向本品,待定,,受访者关注售后服务，主要用于家庭出行；同时对续航达成率仍有疑问，决策中会对比五菱宏光；埃尚。,先围绕家庭出行场景切入，再把售后服务转化为可感知体验；对续航达成率需结合竞品对比和真实用车成本解释。,公开资料方向拟定/模拟问卷样本,基于车型定位、价格段、能源形式、公开车主口碑和公开用户画像报告拟定；仅用于产品Demo，不代表真实调研结果。,2024增换购用户需求洞察｜汽车之家研究院,https://www.autohome.com.cn/news/202409/1300865.html
S019-01,上汽通用五菱,五菱宏光,五菱宏光,4.60-6.09万,5-10万,纯电动,轿车,微型,4座,四川省,2026-06-24,26-30岁,男,医疗/教育从业者,30-50万,恋爱/情侣同住,2人,否,否,无车,首购,无车,10万以内,已试驾,2周-1个月,父母参与,朋友/同事；车主评价,通勤代步；空间升级；智能化体验,商务接待；城市通勤,懂车帝/汽车之家口碑；朋友/同事推荐；小红书/抖音内容,是,价格权益；售后服务；外观设计；驾驶质感,希望同预算下配置和权益更划算,智能化是否稳定；售后网络是否成熟；售后维修成本,长安Lumin；凯翼拾月,已购,是,,受访者关注价格权益，主要用于商务接待；同时对智能化是否稳定仍有疑问，决策中会对比长安Lumin；凯翼拾月。,先围绕商务接待场景切入，再把价格权益转化为可感知体验；对智能化是否稳定需结合竞品对比和真实用车成本解释。,公开资料方向拟定/模拟问卷样本,基于车型定位、价格段、能源形式、公开车主口碑和公开用户画像报告拟定；仅用于产品Demo，不代表真实调研结果。,2024增换购用户需求洞察｜汽车之家研究院,https://www.autohome.com.cn/news/202409/1300865.html
S019-02,上汽通用五菱,五菱宏光,五菱宏光,4.60-6.09万,5-10万,纯电动,轿车,微型,4座,安徽省,2026-08-27,26-30岁,女,企业职员,10-20万,已婚无孩,3人,否,是,家中已有新能源车,增购,家中已有新能源车,10万以内,已试驾,2周-1个月,父母参与,KOL/博主；车主评价,智能化体验；低成本出行；家庭出行升级,充电便利场景；家庭出行；城市通勤,品牌直营店/4S店；车主群/社群讨论,是,外观设计；品牌认知；低使用成本,在意品牌形象和商务/社交场景认可度,后备厢空间；智能化是否稳定；底盘舒适性,凯翼拾月；宏光MINIEV,价格合适会买,待定,,受访者关注外观设计，主要用于充电便利场景；同时对后备厢空间仍有疑问，决策中会对比凯翼拾月；宏光MINIEV。,先围绕充电便利场景场景切入，再把外观设计转化为可感知体验；对后备厢空间需结合竞品对比和真实用车成本解释。,公开资料方向拟定/模拟问卷样本,基于车型定位、价格段、能源形式、公开车主口碑和公开用户画像报告拟定；仅用于产品Demo，不代表真实调研结果。,2024增换购用户需求洞察｜汽车之家研究院,https://www.autohome.com.cn/news/202409/1300865.html
S019-03,上汽通用五菱,五菱宏光,五菱宏光,4.60-6.09万,5-10万,纯电动,轿车,微型,4座,陕西省,2026-08-26,26-30岁,男,企业职员,10-20万,恋爱/情侣同住,3人,否,否,无车,首购,无车,10万以内,流失/转向竞品,1-2周,父母参与,配偶；车主评价；KOL/博主,通勤代步；低成本出行；家庭出行升级,城市通勤；周末短途,品牌直营店/4S店；小红书/抖音内容,否,智能驾驶；安全性；低使用成本；空间舒适,希望兼顾家人乘坐和周末出行；希望降低通勤和长途驾驶压力,续航达成率；智能化是否稳定,宏光MINIEV；埃尚；睿蓝蓝气球,价格合适会买,待定,,受访者关注智能驾驶，主要用于城市通勤；同时对续航达成率仍有疑问，决策中会对比宏光MINIEV；埃尚；睿蓝蓝气球。,先围绕城市通勤场景切入，再把智能驾驶转化为可感知体验；对续航达成率需结合竞品对比和真实用车成本解释。,公开资料方向拟定/模拟问卷样本,基于车型定位、价格段、能源形式、公开车主口碑和公开用户画像报告拟定；仅用于产品Demo，不代表真实调研结果。,2024增换购用户需求洞察｜汽车之家研究院,https://www.autohome.com.cn/news/202409/1300865.html
S019-04,上汽通用五菱,五菱宏光,五菱宏光,4.60-6.09万,5-10万,纯电动,轿车,微型,4座,重庆市,2026-06-25,26-30岁,男,企业职员,10-20万,单身,3人,否,是,无车,首购,无车,10万以内,对比评估,1周内,父母参与,销售顾问；车主评价,空间升级；换新能源；智能化体验,周末短途；家庭出行,懂车帝/汽车之家口碑；车主群/社群讨论,是,智能驾驶；驾驶质感；通勤舒适；售后服务,希望降低通勤和长途驾驶压力,后排空间是否够用；售后维修成本,埃尚；睿蓝蓝气球,转向竞品,否,竞品价格更低,受访者关注智能驾驶，主要用于周末短途；同时对后排空间是否够用仍有疑问，决策中会对比埃尚；睿蓝蓝气球。,先围绕周末短途场景切入，再把智能驾驶转化为可感知体验；对后排空间是否够用需结合竞品对比和真实用车成本解释。,公开资料方向拟定/模拟问卷样本,基于车型定位、价格段、能源形式、公开车主口碑和公开用户画像报告拟定；仅用于产品Demo，不代表真实调研结果。,2024增换购用户需求洞察｜汽车之家研究院,https://www.autohome.com.cn/news/202409/1300865.html
S019-05,上汽通用五菱,五菱宏光,五菱宏光,4.60-6.09万,5-10万,纯电动,轿车,微型,4座,湖北省,2026-07-01,26-30岁,女,学生/应届,10-20万,恋爱/情侣同住,2人,否,否,无车,首购,无车,10万以内,已购/用车复盘,1-2周,本人,KOL/博主；朋友/同事；配偶,智能化体验；通勤代步,城市通勤；周末短途,小红书/抖音内容；品牌直营店/4S店；KOL评测,否,售后服务；价格权益；保值率；安全性,希望同预算下配置和权益更划算,续航达成率；保值率；补能是否方便,睿蓝蓝气球；长安Lumin,倾向本品,待定,,受访者关注售后服务，主要用于城市通勤；同时对续航达成率仍有疑问，决策中会对比睿蓝蓝气球；长安Lumin。,先围绕城市通勤场景切入，再把售后服务转化为可感知体验；对续航达成率需结合竞品对比和真实用车成本解释。,公开资料方向拟定/模拟问卷样本,基于车型定位、价格段、能源形式、公开车主口碑和公开用户画像报告拟定；仅用于产品Demo，不代表真实调研结果。,2024增换购用户需求洞察｜汽车之家研究院,https://www.autohome.com.cn/news/202409/1300865.html
S019-06,上汽通用五菱,五菱宏光,五菱宏光,4.60-6.09万,5-10万,纯电动,轿车,微型,4座,湖南省,2026-06-07,31-35岁,男,学生/应届,20-30万,恋爱/情侣同住,3人,否,是,无车,首购,无车,10万以内,已购/用车复盘,2周-1个月,本人,车主评价；配偶；朋友/同事,通勤代步；换新能源；智能化体验,城市通勤；商务接待；家庭出行,懂车帝/汽车之家口碑；KOL评测；朋友/同事推荐,是,智能座舱；智能驾驶；售后服务,希望降低通勤和长途驾驶压力,续航达成率；智能化是否稳定,长安Lumin；凯翼拾月；宏光MINIEV,已购,是,,受访者关注智能座舱，主要用于城市通勤；同时对续航达成率仍有疑问，决策中会对比长安Lumin；凯翼拾月；宏光MINIEV。,先围绕城市通勤场景切入，再把智能座舱转化为可感知体验；对续航达成率需结合竞品对比和真实用车成本解释。,公开资料方向拟定/模拟问卷样本,基于车型定位、价格段、能源形式、公开车主口碑和公开用户画像报告拟定；仅用于产品Demo，不代表真实调研结果。,2024增换购用户需求洞察｜汽车之家研究院,https://www.autohome.com.cn/news/202409/1300865.html
S019-07,上汽通用五菱,五菱宏光,五菱宏光,4.60-6.09万,5-10万,纯电动,轿车,微型,4座,重庆市,2026-08-22,26-30岁,女,自由职业/内容创作者,10-20万,恋爱/情侣同住,2人,否,否,家中已有燃油车,增购,家中已有燃油车,10万以内,价格谈判,1周内,本人+配偶,车主评价；KOL/博主；朋友/同事,空间升级；家庭出行升级,商务接待；周末短途,朋友/同事推荐；车主群/社群讨论,是,通勤舒适；智能驾驶；外观设计,希望降低通勤和长途驾驶压力,智能化是否稳定；售后维修成本；后备厢空间,凯翼拾月；宏光MINIEV,继续比较,待定,,受访者关注通勤舒适，主要用于商务接待；同时对智能化是否稳定仍有疑问，决策中会对比凯翼拾月；宏光MINIEV。,先围绕商务接待场景切入，再把通勤舒适转化为可感知体验；对智能化是否稳定需结合竞品对比和真实用车成本解释。,公开资料方向拟定/模拟问卷样本,基于车型定位、价格段、能源形式、公开车主口碑和公开用户画像报告拟定；仅用于产品Demo，不代表真实调研结果。,2024增换购用户需求洞察｜汽车之家研究院,https://www.autohome.com.cn/news/202409/1300865.html
S019-08,上汽通用五菱,五菱宏光,五菱宏光,4.60-6.09万,5-10万,纯电动,轿车,微型,4座,重庆市,2026-08-18,26-30岁,男,学生/应届,20-30万,恋爱/情侣同住,3人,否,是,无车,首购,无车,10万以内,已购/用车复盘,1-2周,本人+配偶,朋友/同事；KOL/博主；配偶,家庭出行升级；换新能源；通勤代步,充电便利场景；周末短途；家庭出行,懂车帝/汽车之家口碑；车主群/社群讨论；小红书/抖音内容,是,驾驶质感；保值率；通勤舒适；价格权益,希望同预算下配置和权益更划算,智能化是否稳定；后备厢空间,宏光MINIEV；埃尚,已购,是,,受访者关注驾驶质感，主要用于充电便利场景；同时对智能化是否稳定仍有疑问，决策中会对比宏光MINIEV；埃尚。,先围绕充电便利场景场景切入，再把驾驶质感转化为可感知体验；对智能化是否稳定需结合竞品对比和真实用车成本解释。,公开资料方向拟定/模拟问卷样本,基于车型定位、价格段、能源形式、公开车主口碑和公开用户画像报告拟定；仅用于产品Demo，不代表真实调研结果。,2024增换购用户需求洞察｜汽车之家研究院,https://www.autohome.com.cn/news/202409/1300865.html
S020-01,一汽奔腾,奔腾小马,奔腾小马,3.49-4.59万,5万以下,纯电动,轿车,微型,4座,广东省,2026-07-20,26-30岁,男,学生/应届,10-20万,单身,1人,否,否,无车,首购,无车,10万以内,流失/转向竞品,1-2周,本人,KOL/博主；销售顾问；车主评价,智能化体验；换新能源,商务接待；家庭出行,朋友/同事推荐；车主群/社群讨论,是,空间舒适；低使用成本；通勤舒适；保值率,希望兼顾家人乘坐和周末出行,后排空间是否够用；价格是否值得；竞品是否更强,宏光MINIEV；QQ冰淇淋,继续比较,待定,,受访者关注空间舒适，主要用于商务接待；同时对后排空间是否够用仍有疑问，决策中会对比宏光MINIEV；QQ冰淇淋。,先围绕商务接待场景切入，再把空间舒适转化为可感知体验；对后排空间是否够用需结合竞品对比和真实用车成本解释。,公开资料方向拟定/模拟问卷样本,基于车型定位、价格段、能源形式、公开车主口碑和公开用户画像报告拟定；仅用于产品Demo，不代表真实调研结果。,2024增换购用户需求洞察｜汽车之家研究院,https://www.autohome.com.cn/news/202409/1300865.html
S020-02,一汽奔腾,奔腾小马,奔腾小马,3.49-4.59万,5万以下,纯电动,轿车,微型,4座,湖北省,2026-07-22,26-30岁,男,企业职员,10-20万,已婚无孩,2人,否,否,家中已有新能源车,增购,家中已有新能源车,10万以内,已购/用车复盘,1-2周,本人,车主评价；KOL/博主；配偶,智能化体验；家庭出行升级；通勤代步,周末短途；充电便利场景；商务接待,品牌直营店/4S店；KOL评测,是,外观设计；低使用成本；安全性；智能座舱,希望在预算内获得更稳定的综合体验,续航达成率；后排空间是否够用；后备厢空间,QQ冰淇淋；长安Lumin,继续比较,待定,,受访者关注外观设计，主要用于周末短途；同时对续航达成率仍有疑问，决策中会对比QQ冰淇淋；长安Lumin。,先围绕周末短途场景切入，再把外观设计转化为可感知体验；对续航达成率需结合竞品对比和真实用车成本解释。,公开资料方向拟定/模拟问卷样本,基于车型定位、价格段、能源形式、公开车主口碑和公开用户画像报告拟定；仅用于产品Demo，不代表真实调研结果。,2024增换购用户需求洞察｜汽车之家研究院,https://www.autohome.com.cn/news/202409/1300865.html
S020-03,一汽奔腾,奔腾小马,奔腾小马,3.49-4.59万,5万以下,纯电动,轿车,微型,4座,广东省,2026-07-21,26-30岁,男,企业职员,10-20万,恋爱/情侣同住,3人,否,否,无车,首购,无车,10万以内,已购/用车复盘,1-2周,父母参与,KOL/博主；车主评价,智能化体验；空间升级；换新能源,充电便利场景；商务接待；城市通勤,朋友/同事推荐；懂车帝/汽车之家口碑；KOL评测,否,智能驾驶；保值率；空间舒适；智能座舱,希望兼顾家人乘坐和周末出行；希望降低通勤和长途驾驶压力,竞品是否更强；售后维修成本,长安Lumin；埃尚；宏光MINIEV,继续比较,待定,,受访者关注智能驾驶，主要用于充电便利场景；同时对竞品是否更强仍有疑问，决策中会对比长安Lumin；埃尚；宏光MINIEV。,先围绕充电便利场景场景切入，再把智能驾驶转化为可感知体验；对竞品是否更强需结合竞品对比和真实用车成本解释。,公开资料方向拟定/模拟问卷样本,基于车型定位、价格段、能源形式、公开车主口碑和公开用户画像报告拟定；仅用于产品Demo，不代表真实调研结果。,2024增换购用户需求洞察｜汽车之家研究院,https://www.autohome.com.cn/news/202409/1300865.html
S020-04,一汽奔腾,奔腾小马,奔腾小马,3.49-4.59万,5万以下,纯电动,轿车,微型,4座,安徽省,2026-07-04,26-30岁,女,企业职员,10-20万,恋爱/情侣同住,2人,否,否,无车,首购,无车,10万以内,价格谈判,1-2周,本人+配偶,车主评价；朋友/同事,换新能源；家庭出行升级,城市通勤；家庭出行,品牌直营店/4S店；车主群/社群讨论,是,智能驾驶；空间舒适；低使用成本；智能座舱,希望兼顾家人乘坐和周末出行；希望降低通勤和长途驾驶压力,售后维修成本；价格是否值得,埃尚；宏光MINIEV,价格合适会买,待定,,受访者关注智能驾驶，主要用于城市通勤；同时对售后维修成本仍有疑问，决策中会对比埃尚；宏光MINIEV。,先围绕城市通勤场景切入，再把智能驾驶转化为可感知体验；对售后维修成本需结合竞品对比和真实用车成本解释。,公开资料方向拟定/模拟问卷样本,基于车型定位、价格段、能源形式、公开车主口碑和公开用户画像报告拟定；仅用于产品Demo，不代表真实调研结果。,2024增换购用户需求洞察｜汽车之家研究院,https://www.autohome.com.cn/news/202409/1300865.html
S020-05,一汽奔腾,奔腾小马,奔腾小马,3.49-4.59万,5万以下,纯电动,轿车,微型,4座,安徽省,2026-06-07,18-25岁,女,学生/应届,20-30万,单身,3人,否,是,无车,首购,无车,10万以内,已购/用车复盘,1-2周,父母参与,KOL/博主；朋友/同事；销售顾问,智能化体验；换新能源；家庭出行升级,周末短途；家庭出行,小红书/抖音内容；车主群/社群讨论,否,外观设计；智能驾驶；低使用成本,希望降低通勤和长途驾驶压力,售后维修成本；竞品是否更强,宏光MINIEV；QQ冰淇淋,继续比较,待定,,受访者关注外观设计，主要用于周末短途；同时对售后维修成本仍有疑问，决策中会对比宏光MINIEV；QQ冰淇淋。,先围绕周末短途场景切入，再把外观设计转化为可感知体验；对售后维修成本需结合竞品对比和真实用车成本解释。,公开资料方向拟定/模拟问卷样本,基于车型定位、价格段、能源形式、公开车主口碑和公开用户画像报告拟定；仅用于产品Demo，不代表真实调研结果。,2024增换购用户需求洞察｜汽车之家研究院,https://www.autohome.com.cn/news/202409/1300865.html
S020-06,一汽奔腾,奔腾小马,奔腾小马,3.49-4.59万,5万以下,纯电动,轿车,微型,4座,湖南省,2026-08-27,26-30岁,女,医疗/教育从业者,10-20万,已婚无孩,2人,否,否,家中已有新能源车,增购,家中已有新能源车,10万以内,对比评估,2周-1个月,本人,KOL/博主；配偶；车主评价,低成本出行；智能化体验；家庭出行升级,家庭出行；周末短途；城市通勤,懂车帝/汽车之家口碑；朋友/同事推荐；品牌直营店/4S店,是,通勤舒适；安全性；外观设计；售后服务,希望在预算内获得更稳定的综合体验,后排空间是否够用；价格是否值得,QQ冰淇淋；长安Lumin；埃尚,已购,是,,受访者关注通勤舒适，主要用于家庭出行；同时对后排空间是否够用仍有疑问，决策中会对比QQ冰淇淋；长安Lumin；埃尚。,先围绕家庭出行场景切入，再把通勤舒适转化为可感知体验；对后排空间是否够用需结合竞品对比和真实用车成本解释。,公开资料方向拟定/模拟问卷样本,基于车型定位、价格段、能源形式、公开车主口碑和公开用户画像报告拟定；仅用于产品Demo，不代表真实调研结果。,2024增换购用户需求洞察｜汽车之家研究院,https://www.autohome.com.cn/news/202409/1300865.html
S020-07,一汽奔腾,奔腾小马,奔腾小马,3.49-4.59万,5万以下,纯电动,轿车,微型,4座,广东省,2026-06-09,18-25岁,男,学生/应届,10-20万,恋爱/情侣同住,2人,否,否,无车,首购,无车,10万以内,对比评估,2周-1个月,本人,朋友/同事；配偶；车主评价,换新能源；智能化体验,周末短途；商务接待；城市通勤,KOL评测；品牌直营店/4S店,否,智能驾驶；智能座舱；售后服务,希望降低通勤和长途驾驶压力,价格是否值得；底盘舒适性,长安Lumin；埃尚,倾向本品,待定,,受访者关注智能驾驶，主要用于周末短途；同时对价格是否值得仍有疑问，决策中会对比长安Lumin；埃尚。,先围绕周末短途场景切入，再把智能驾驶转化为可感知体验；对价格是否值得需结合竞品对比和真实用车成本解释。,公开资料方向拟定/模拟问卷样本,基于车型定位、价格段、能源形式、公开车主口碑和公开用户画像报告拟定；仅用于产品Demo，不代表真实调研结果。,2024增换购用户需求洞察｜汽车之家研究院,https://www.autohome.com.cn/news/202409/1300865.html
S020-08,一汽奔腾,奔腾小马,奔腾小马,3.49-4.59万,5万以下,纯电动,轿车,微型,4座,广东省,2026-07-17,26-30岁,男,自由职业/内容创作者,10-20万,已婚无孩,4人,否,否,15-25万合资/自主车,换购,15-25万合资/自主车,10万以内,流失/转向竞品,1-2周,本人,KOL/博主；配偶；朋友/同事,智能化体验；通勤代步,家庭出行；城市通勤；充电便利场景,朋友/同事推荐；懂车帝/汽车之家口碑；品牌直营店/4S店,是,品牌认知；售后服务；空间舒适,希望兼顾家人乘坐和周末出行；在意品牌形象和商务/社交场景认可度,价格是否值得；底盘舒适性；智能化是否稳定,埃尚；宏光MINIEV,倾向本品,待定,,受访者关注品牌认知，主要用于家庭出行；同时对价格是否值得仍有疑问，决策中会对比埃尚；宏光MINIEV。,先围绕家庭出行场景切入，再把品牌认知转化为可感知体验；对价格是否值得需结合竞品对比和真实用车成本解释。,公开资料方向拟定/模拟问卷样本,基于车型定位、价格段、能源形式、公开车主口碑和公开用户画像报告拟定；仅用于产品Demo，不代表真实调研结果。,2024增换购用户需求洞察｜汽车之家研究院,https://www.autohome.com.cn/news/202409/1300865.html
S021-01,奇瑞新能源,QQ冰淇淋,QQ冰淇淋,3.69-4.99万,5万以下,纯电动,轿车,微型,4座,四川省,2026-06-20,31-35岁,不便透露,企业职员,20-30万,已婚无孩,3人,否,否,家中已有燃油车,增购,家中已有燃油车,10万以内,对比评估,1周内,父母参与,KOL/博主；车主评价,家庭出行升级；换新能源,商务接待；周末短途；充电便利场景,懂车帝/汽车之家口碑；小红书/抖音内容；朋友/同事推荐,否,保值率；品牌认知；通勤舒适,在意品牌形象和商务/社交场景认可度,补能是否方便；底盘舒适性；价格是否值得,宏光MINIEV；长安Lumin,价格合适会买,待定,,受访者关注保值率，主要用于商务接待；同时对补能是否方便仍有疑问，决策中会对比宏光MINIEV；长安Lumin。,先围绕商务接待场景切入，再把保值率转化为可感知体验；对补能是否方便需结合竞品对比和真实用车成本解释。,公开资料方向拟定/模拟问卷样本,基于车型定位、价格段、能源形式、公开车主口碑和公开用户画像报告拟定；仅用于产品Demo，不代表真实调研结果。,2024增换购用户需求洞察｜汽车之家研究院,https://www.autohome.com.cn/news/202409/1300865.html
S021-02,奇瑞新能源,QQ冰淇淋,QQ冰淇淋,3.69-4.99万,5万以下,纯电动,轿车,微型,4座,福建省,2026-06-20,18-25岁,男,企业职员,10-20万,恋爱/情侣同住,2人,否,否,家中已有新能源车,增购,家中已有新能源车,10万以内,已下订,1周内,本人+配偶,车主评价；KOL/博主；朋友/同事,换新能源；智能化体验,充电便利场景；商务接待,品牌直营店/4S店；车主群/社群讨论,是,安全性；低使用成本；通勤舒适；空间舒适,希望兼顾家人乘坐和周末出行,续航达成率；后排空间是否够用；后备厢空间,长安Lumin；埃尚,倾向本品,待定,,受访者关注安全性，主要用于充电便利场景；同时对续航达成率仍有疑问，决策中会对比长安Lumin；埃尚。,先围绕充电便利场景场景切入，再把安全性转化为可感知体验；对续航达成率需结合竞品对比和真实用车成本解释。,公开资料方向拟定/模拟问卷样本,基于车型定位、价格段、能源形式、公开车主口碑和公开用户画像报告拟定；仅用于产品Demo，不代表真实调研结果。,2024增换购用户需求洞察｜汽车之家研究院,https://www.autohome.com.cn/news/202409/1300865.html
S021-03,奇瑞新能源,QQ冰淇淋,QQ冰淇淋,3.69-4.99万,5万以下,纯电动,轿车,微型,4座,河南省,2026-07-23,18-25岁,女,学生/应届,30-50万,单身,5人及以上,否,是,无车,首购,无车,10万以内,对比评估,1-2周,本人+配偶,KOL/博主；销售顾问；车主评价,空间升级；智能化体验,商务接待；充电便利场景,车主群/社群讨论；KOL评测；朋友/同事推荐,是,智能驾驶；驾驶质感；低使用成本；通勤舒适,希望降低通勤和长途驾驶压力,续航达成率；底盘舒适性；补能是否方便,埃尚；奔腾小马；五菱宏光,倾向本品,待定,,受访者关注智能驾驶，主要用于商务接待；同时对续航达成率仍有疑问，决策中会对比埃尚；奔腾小马；五菱宏光。,先围绕商务接待场景切入，再把智能驾驶转化为可感知体验；对续航达成率需结合竞品对比和真实用车成本解释。,公开资料方向拟定/模拟问卷样本,基于车型定位、价格段、能源形式、公开车主口碑和公开用户画像报告拟定；仅用于产品Demo，不代表真实调研结果。,2024增换购用户需求洞察｜汽车之家研究院,https://www.autohome.com.cn/news/202409/1300865.html
S021-04,奇瑞新能源,QQ冰淇淋,QQ冰淇淋,3.69-4.99万,5万以下,纯电动,轿车,微型,4座,安徽省,2026-07-16,26-30岁,男,自由职业/内容创作者,10-20万,单身,4人,否,是,无车,首购,无车,10万以内,对比评估,1-2周,本人,车主评价；销售顾问；KOL/博主,空间升级；智能化体验；换新能源,城市通勤；商务接待,品牌直营店/4S店；朋友/同事推荐,是,智能座舱；智能驾驶；外观设计；售后服务,希望降低通勤和长途驾驶压力,售后维修成本；售后网络是否成熟；保值率,奔腾小马；五菱宏光,倾向本品,待定,,受访者关注智能座舱，主要用于城市通勤；同时对售后维修成本仍有疑问，决策中会对比奔腾小马；五菱宏光。,先围绕城市通勤场景切入，再把智能座舱转化为可感知体验；对售后维修成本需结合竞品对比和真实用车成本解释。,公开资料方向拟定/模拟问卷样本,基于车型定位、价格段、能源形式、公开车主口碑和公开用户画像报告拟定；仅用于产品Demo，不代表真实调研结果。,2024增换购用户需求洞察｜汽车之家研究院,https://www.autohome.com.cn/news/202409/1300865.html
S021-05,奇瑞新能源,QQ冰淇淋,QQ冰淇淋,3.69-4.99万,5万以下,纯电动,轿车,微型,4座,四川省,2026-08-04,31-35岁,男,医疗/教育从业者,20-30万,单身,3人,否,否,无车,首购,无车,10万以内,已试驾,2周-1个月,本人,朋友/同事；车主评价,换新能源；智能化体验,家庭出行；商务接待；充电便利场景,朋友/同事推荐；小红书/抖音内容,否,智能座舱；智能驾驶；售后服务；外观设计,希望降低通勤和长途驾驶压力,竞品是否更强；后备厢空间；售后网络是否成熟,五菱宏光；宏光MINIEV,倾向本品,待定,,受访者关注智能座舱，主要用于家庭出行；同时对竞品是否更强仍有疑问，决策中会对比五菱宏光；宏光MINIEV。,先围绕家庭出行场景切入，再把智能座舱转化为可感知体验；对竞品是否更强需结合竞品对比和真实用车成本解释。,公开资料方向拟定/模拟问卷样本,基于车型定位、价格段、能源形式、公开车主口碑和公开用户画像报告拟定；仅用于产品Demo，不代表真实调研结果。,2024增换购用户需求洞察｜汽车之家研究院,https://www.autohome.com.cn/news/202409/1300865.html
S021-06,奇瑞新能源,QQ冰淇淋,QQ冰淇淋,3.69-4.99万,5万以下,纯电动,轿车,微型,4座,福建省,2026-06-26,26-30岁,男,学生/应届,20-30万,恋爱/情侣同住,3人,否,否,无车,首购,无车,10万以内,已下订,1周内,父母参与,朋友/同事；配偶,低成本出行；换新能源,充电便利场景；家庭出行,KOL评测；小红书/抖音内容；品牌直营店/4S店,是,售后服务；价格权益；通勤舒适,希望同预算下配置和权益更划算,保值率；底盘舒适性；补能是否方便,宏光MINIEV；长安Lumin；埃尚,继续比较,待定,,受访者关注售后服务，主要用于充电便利场景；同时对保值率仍有疑问，决策中会对比宏光MINIEV；长安Lumin；埃尚。,先围绕充电便利场景场景切入，再把售后服务转化为可感知体验；对保值率需结合竞品对比和真实用车成本解释。,公开资料方向拟定/模拟问卷样本,基于车型定位、价格段、能源形式、公开车主口碑和公开用户画像报告拟定；仅用于产品Demo，不代表真实调研结果。,2024增换购用户需求洞察｜汽车之家研究院,https://www.autohome.com.cn/news/202409/1300865.html
S021-07,奇瑞新能源,QQ冰淇淋,QQ冰淇淋,3.69-4.99万,5万以下,纯电动,轿车,微型,4座,北京市,2026-07-26,26-30岁,男,医疗/教育从业者,20-30万,恋爱/情侣同住,4人,否,否,15-25万合资/自主车,换购,15-25万合资/自主车,10万以内,对比评估,2周-1个月,本人,朋友/同事；KOL/博主,换新能源；家庭出行升级,商务接待；周末短途；城市通勤,品牌直营店/4S店；小红书/抖音内容,否,低使用成本；价格权益；智能座舱,希望同预算下配置和权益更划算,后排空间是否够用；智能化是否稳定,长安Lumin；埃尚,继续比较,待定,,受访者关注低使用成本，主要用于商务接待；同时对后排空间是否够用仍有疑问，决策中会对比长安Lumin；埃尚。,先围绕商务接待场景切入，再把低使用成本转化为可感知体验；对后排空间是否够用需结合竞品对比和真实用车成本解释。,公开资料方向拟定/模拟问卷样本,基于车型定位、价格段、能源形式、公开车主口碑和公开用户画像报告拟定；仅用于产品Demo，不代表真实调研结果。,2024增换购用户需求洞察｜汽车之家研究院,https://www.autohome.com.cn/news/202409/1300865.html
S021-08,奇瑞新能源,QQ冰淇淋,QQ冰淇淋,3.69-4.99万,5万以下,纯电动,轿车,微型,4座,福建省,2026-07-13,26-30岁,男,学生/应届,10-20万,单身,2人,否,是,无车,首购,无车,10万以内,已试驾,2周-1个月,本人,KOL/博主；车主评价,通勤代步；家庭出行升级,充电便利场景；城市通勤；商务接待,车主群/社群讨论；KOL评测,是,智能驾驶；驾驶质感；保值率,希望降低通勤和长途驾驶压力,售后网络是否成熟；价格是否值得；后备厢空间,埃尚；奔腾小马,价格合适会买,待定,,受访者关注智能驾驶，主要用于充电便利场景；同时对售后网络是否成熟仍有疑问，决策中会对比埃尚；奔腾小马。,先围绕充电便利场景场景切入，再把智能驾驶转化为可感知体验；对售后网络是否成熟需结合竞品对比和真实用车成本解释。,公开资料方向拟定/模拟问卷样本,基于车型定位、价格段、能源形式、公开车主口碑和公开用户画像报告拟定；仅用于产品Demo，不代表真实调研结果。,2024增换购用户需求洞察｜汽车之家研究院,https://www.autohome.com.cn/news/202409/1300865.html
S022-01,凯翼汽车,凯翼拾月,凯翼拾月,4.79-6.99万,5-10万,纯电动,轿车,微型,5座,河南省,2026-07-05,18-25岁,男,企业职员,30-50万,已婚无孩,3人,否,是,无车,首购,无车,10万以内,对比评估,1-2周,本人,车主评价；朋友/同事,通勤代步；智能化体验,城市通勤；周末短途,小红书/抖音内容；车主群/社群讨论,否,低使用成本；智能驾驶；安全性；通勤舒适,希望降低通勤和长途驾驶压力,后备厢空间；续航达成率,长安Lumin；五菱宏光,倾向本品,待定,,受访者关注低使用成本，主要用于城市通勤；同时对后备厢空间仍有疑问，决策中会对比长安Lumin；五菱宏光。,先围绕城市通勤场景切入，再把低使用成本转化为可感知体验；对后备厢空间需结合竞品对比和真实用车成本解释。,公开资料方向拟定/模拟问卷样本,基于车型定位、价格段、能源形式、公开车主口碑和公开用户画像报告拟定；仅用于产品Demo，不代表真实调研结果。,2024增换购用户需求洞察｜汽车之家研究院,https://www.autohome.com.cn/news/202409/1300865.html
S022-02,凯翼汽车,凯翼拾月,凯翼拾月,4.79-6.99万,5-10万,纯电动,轿车,微型,5座,广东省,2026-08-11,31-35岁,男,企业职员,20-30万,已婚无孩,3人,否,是,无车,首购,无车,10万以内,已下订,2周-1个月,本人,KOL/博主；配偶；车主评价,家庭出行升级；智能化体验,周末短途；商务接待；充电便利场景,小红书/抖音内容；KOL评测,否,低使用成本；价格权益；品牌认知；空间舒适,希望兼顾家人乘坐和周末出行；在意品牌形象和商务/社交场景认可度；希望同预算下配置和权益更划算,后备厢空间；保值率,五菱宏光；宏光MINIEV,已购,是,,受访者关注低使用成本，主要用于周末短途；同时对后备厢空间仍有疑问，决策中会对比五菱宏光；宏光MINIEV。,先围绕周末短途场景切入，再把低使用成本转化为可感知体验；对后备厢空间需结合竞品对比和真实用车成本解释。,公开资料方向拟定/模拟问卷样本,基于车型定位、价格段、能源形式、公开车主口碑和公开用户画像报告拟定；仅用于产品Demo，不代表真实调研结果。,2024增换购用户需求洞察｜汽车之家研究院,https://www.autohome.com.cn/news/202409/1300865.html
S022-03,凯翼汽车,凯翼拾月,凯翼拾月,4.79-6.99万,5-10万,纯电动,轿车,微型,5座,河南省,2026-08-25,31-35岁,女,医疗/教育从业者,10-20万,恋爱/情侣同住,4人,否,否,无车,首购,无车,10万以内,已购/用车复盘,1-2周,本人,KOL/博主；配偶,换新能源；通勤代步；空间升级,商务接待；城市通勤,车主群/社群讨论；朋友/同事推荐,是,智能驾驶；智能座舱；品牌认知；低使用成本,希望降低通勤和长途驾驶压力；在意品牌形象和商务/社交场景认可度,后备厢空间；补能是否方便；续航达成率,宏光MINIEV；埃尚；睿蓝蓝气球,价格合适会买,待定,,受访者关注智能驾驶，主要用于商务接待；同时对后备厢空间仍有疑问，决策中会对比宏光MINIEV；埃尚；睿蓝蓝气球。,先围绕商务接待场景切入，再把智能驾驶转化为可感知体验；对后备厢空间需结合竞品对比和真实用车成本解释。,公开资料方向拟定/模拟问卷样本,基于车型定位、价格段、能源形式、公开车主口碑和公开用户画像报告拟定；仅用于产品Demo，不代表真实调研结果。,2024增换购用户需求洞察｜汽车之家研究院,https://www.autohome.com.cn/news/202409/1300865.html
S022-04,凯翼汽车,凯翼拾月,凯翼拾月,4.79-6.99万,5-10万,纯电动,轿车,微型,5座,四川省,2026-06-08,26-30岁,男,企业职员,10-20万,恋爱/情侣同住,1人,否,否,无车,首购,无车,10万以内,对比评估,1-2周,父母参与,配偶；KOL/博主,家庭出行升级；空间升级,家庭出行；充电便利场景,KOL评测；懂车帝/汽车之家口碑,否,价格权益；保值率；通勤舒适,希望同预算下配置和权益更划算,补能是否方便；后排空间是否够用；价格是否值得,埃尚；睿蓝蓝气球,倾向本品,待定,,受访者关注价格权益，主要用于家庭出行；同时对补能是否方便仍有疑问，决策中会对比埃尚；睿蓝蓝气球。,先围绕家庭出行场景切入，再把价格权益转化为可感知体验；对补能是否方便需结合竞品对比和真实用车成本解释。,公开资料方向拟定/模拟问卷样本,基于车型定位、价格段、能源形式、公开车主口碑和公开用户画像报告拟定；仅用于产品Demo，不代表真实调研结果。,2024增换购用户需求洞察｜汽车之家研究院,https://www.autohome.com.cn/news/202409/1300865.html
S022-05,凯翼汽车,凯翼拾月,凯翼拾月,4.79-6.99万,5-10万,纯电动,轿车,微型,5座,四川省,2026-08-19,31-35岁,男,学生/应届,20-30万,恋爱/情侣同住,3人,否,否,无车,首购,无车,10万以内,已购/用车复盘,1周内,本人,配偶；车主评价；KOL/博主,空间升级；换新能源；通勤代步,城市通勤；家庭出行；周末短途,小红书/抖音内容；KOL评测,是,价格权益；安全性；智能座舱；低使用成本,希望同预算下配置和权益更划算,价格是否值得；底盘舒适性；售后维修成本,睿蓝蓝气球；长安Lumin,倾向本品,待定,,受访者关注价格权益，主要用于城市通勤；同时对价格是否值得仍有疑问，决策中会对比睿蓝蓝气球；长安Lumin。,先围绕城市通勤场景切入，再把价格权益转化为可感知体验；对价格是否值得需结合竞品对比和真实用车成本解释。,公开资料方向拟定/模拟问卷样本,基于车型定位、价格段、能源形式、公开车主口碑和公开用户画像报告拟定；仅用于产品Demo，不代表真实调研结果。,2024增换购用户需求洞察｜汽车之家研究院,https://www.autohome.com.cn/news/202409/1300865.html
S022-06,凯翼汽车,凯翼拾月,凯翼拾月,4.79-6.99万,5-10万,纯电动,轿车,微型,5座,江苏省,2026-06-19,18-25岁,不便透露,学生/应届,10-20万,恋爱/情侣同住,5人及以上,否,否,家中已有新能源车,增购,家中已有新能源车,10万以内,流失/转向竞品,2周-1个月,本人,车主评价；KOL/博主,低成本出行；家庭出行升级；换新能源,商务接待；家庭出行,KOL评测；朋友/同事推荐；懂车帝/汽车之家口碑,是,价格权益；通勤舒适；驾驶质感；外观设计,希望同预算下配置和权益更划算,保值率；竞品是否更强；后排空间是否够用,长安Lumin；五菱宏光；宏光MINIEV,已购,是,,受访者关注价格权益，主要用于商务接待；同时对保值率仍有疑问，决策中会对比长安Lumin；五菱宏光；宏光MINIEV。,先围绕商务接待场景切入，再把价格权益转化为可感知体验；对保值率需结合竞品对比和真实用车成本解释。,公开资料方向拟定/模拟问卷样本,基于车型定位、价格段、能源形式、公开车主口碑和公开用户画像报告拟定；仅用于产品Demo，不代表真实调研结果。,2024增换购用户需求洞察｜汽车之家研究院,https://www.autohome.com.cn/news/202409/1300865.html
S022-07,凯翼汽车,凯翼拾月,凯翼拾月,4.79-6.99万,5-10万,纯电动,轿车,微型,5座,安徽省,2026-08-17,31-35岁,女,企业职员,10-20万,恋爱/情侣同住,4人,否,否,15-25万合资/自主车,换购,15-25万合资/自主车,10万以内,初步了解,1-2周,本人,配偶；朋友/同事；车主评价,低成本出行；智能化体验,家庭出行；周末短途；充电便利场景,车主群/社群讨论；朋友/同事推荐；小红书/抖音内容,否,外观设计；智能驾驶；售后服务；空间舒适,希望兼顾家人乘坐和周末出行；希望降低通勤和长途驾驶压力,竞品是否更强；续航达成率；后备厢空间,五菱宏光；宏光MINIEV,价格合适会买,待定,,受访者关注外观设计，主要用于家庭出行；同时对竞品是否更强仍有疑问，决策中会对比五菱宏光；宏光MINIEV。,先围绕家庭出行场景切入，再把外观设计转化为可感知体验；对竞品是否更强需结合竞品对比和真实用车成本解释。,公开资料方向拟定/模拟问卷样本,基于车型定位、价格段、能源形式、公开车主口碑和公开用户画像报告拟定；仅用于产品Demo，不代表真实调研结果。,2024增换购用户需求洞察｜汽车之家研究院,https://www.autohome.com.cn/news/202409/1300865.html
S022-08,凯翼汽车,凯翼拾月,凯翼拾月,4.79-6.99万,5-10万,纯电动,轿车,微型,5座,安徽省,2026-08-13,18-25岁,男,企业职员,20-30万,单身,1人,否,是,无车,首购,无车,10万以内,初步了解,1-2周,本人+配偶,朋友/同事；车主评价,换新能源；空间升级；通勤代步,周末短途；充电便利场景；家庭出行,车主群/社群讨论；小红书/抖音内容；KOL评测,是,通勤舒适；安全性；售后服务,希望在预算内获得更稳定的综合体验,底盘舒适性；售后维修成本,宏光MINIEV；埃尚,倾向本品,待定,,受访者关注通勤舒适，主要用于周末短途；同时对底盘舒适性仍有疑问，决策中会对比宏光MINIEV；埃尚。,先围绕周末短途场景切入，再把通勤舒适转化为可感知体验；对底盘舒适性需结合竞品对比和真实用车成本解释。,公开资料方向拟定/模拟问卷样本,基于车型定位、价格段、能源形式、公开车主口碑和公开用户画像报告拟定；仅用于产品Demo，不代表真实调研结果。,2024增换购用户需求洞察｜汽车之家研究院,https://www.autohome.com.cn/news/202409/1300865.html
S023-01,睿蓝汽车,睿蓝蓝气球,睿蓝蓝气球,4.69-5.09万,5万以下,纯电动,轿车,微型,4座,北京市,2026-07-22,26-30岁,男,医疗/教育从业者,30-50万,单身,3人,否,否,无车,首购,无车,10万以内,已试驾,2周-1个月,本人,KOL/博主；销售顾问,空间升级；家庭出行升级,充电便利场景；周末短途,车主群/社群讨论；懂车帝/汽车之家口碑,是,保值率；价格权益；品牌认知；安全性,在意品牌形象和商务/社交场景认可度；希望同预算下配置和权益更划算,售后网络是否成熟；竞品是否更强,长安Lumin；宏光MINIEV,倾向本品,待定,,受访者关注保值率，主要用于充电便利场景；同时对售后网络是否成熟仍有疑问，决策中会对比长安Lumin；宏光MINIEV。,先围绕充电便利场景场景切入，再把保值率转化为可感知体验；对售后网络是否成熟需结合竞品对比和真实用车成本解释。,公开资料方向拟定/模拟问卷样本,基于车型定位、价格段、能源形式、公开车主口碑和公开用户画像报告拟定；仅用于产品Demo，不代表真实调研结果。,2024增换购用户需求洞察｜汽车之家研究院,https://www.autohome.com.cn/news/202409/1300865.html
S023-02,睿蓝汽车,睿蓝蓝气球,睿蓝蓝气球,4.69-5.09万,5万以下,纯电动,轿车,微型,4座,福建省,2026-08-16,18-25岁,男,学生/应届,10-20万,恋爱/情侣同住,2人,否,否,家中已有新能源车,增购,家中已有新能源车,10万以内,已试驾,1-2周,本人+配偶,朋友/同事；车主评价,通勤代步；空间升级,充电便利场景；城市通勤,朋友/同事推荐；品牌直营店/4S店,是,保值率；智能座舱；空间舒适；智能驾驶,希望兼顾家人乘坐和周末出行；希望降低通勤和长途驾驶压力,售后网络是否成熟；智能化是否稳定；价格是否值得,宏光MINIEV；埃尚,已下订,是,,受访者关注保值率，主要用于充电便利场景；同时对售后网络是否成熟仍有疑问，决策中会对比宏光MINIEV；埃尚。,先围绕充电便利场景场景切入，再把保值率转化为可感知体验；对售后网络是否成熟需结合竞品对比和真实用车成本解释。,公开资料方向拟定/模拟问卷样本,基于车型定位、价格段、能源形式、公开车主口碑和公开用户画像报告拟定；仅用于产品Demo，不代表真实调研结果。,2024增换购用户需求洞察｜汽车之家研究院,https://www.autohome.com.cn/news/202409/1300865.html
S023-03,睿蓝汽车,睿蓝蓝气球,睿蓝蓝气球,4.69-5.09万,5万以下,纯电动,轿车,微型,4座,湖南省,2026-07-26,18-25岁,不便透露,学生/应届,20-30万,单身,5人及以上,否,是,无车,首购,无车,10万以内,对比评估,2周-1个月,本人,车主评价；朋友/同事,家庭出行升级；换新能源；智能化体验,充电便利场景；城市通勤,KOL评测；朋友/同事推荐,是,空间舒适；品牌认知；驾驶质感,希望兼顾家人乘坐和周末出行；在意品牌形象和商务/社交场景认可度,后备厢空间；补能是否方便；底盘舒适性,埃尚；五菱宏光；凯翼拾月,继续比较,待定,,受访者关注空间舒适，主要用于充电便利场景；同时对后备厢空间仍有疑问，决策中会对比埃尚；五菱宏光；凯翼拾月。,先围绕充电便利场景场景切入，再把空间舒适转化为可感知体验；对后备厢空间需结合竞品对比和真实用车成本解释。,公开资料方向拟定/模拟问卷样本,基于车型定位、价格段、能源形式、公开车主口碑和公开用户画像报告拟定；仅用于产品Demo，不代表真实调研结果。,2024增换购用户需求洞察｜汽车之家研究院,https://www.autohome.com.cn/news/202409/1300865.html
S023-04,睿蓝汽车,睿蓝蓝气球,睿蓝蓝气球,4.69-5.09万,5万以下,纯电动,轿车,微型,4座,广东省,2026-08-22,18-25岁,女,企业职员,20-30万,恋爱/情侣同住,3人,否,否,家中已有新能源车,增购,家中已有新能源车,10万以内,流失/转向竞品,2周-1个月,本人,车主评价；朋友/同事,空间升级；家庭出行升级；智能化体验,城市通勤；商务接待,朋友/同事推荐；懂车帝/汽车之家口碑；KOL评测,是,品牌认知；保值率；空间舒适；低使用成本,希望兼顾家人乘坐和周末出行；在意品牌形象和商务/社交场景认可度,后备厢空间；售后网络是否成熟；价格是否值得,五菱宏光；凯翼拾月,继续比较,待定,,受访者关注品牌认知，主要用于城市通勤；同时对后备厢空间仍有疑问，决策中会对比五菱宏光；凯翼拾月。,先围绕城市通勤场景切入，再把品牌认知转化为可感知体验；对后备厢空间需结合竞品对比和真实用车成本解释。,公开资料方向拟定/模拟问卷样本,基于车型定位、价格段、能源形式、公开车主口碑和公开用户画像报告拟定；仅用于产品Demo，不代表真实调研结果。,2024增换购用户需求洞察｜汽车之家研究院,https://www.autohome.com.cn/news/202409/1300865.html
S023-05,睿蓝汽车,睿蓝蓝气球,睿蓝蓝气球,4.69-5.09万,5万以下,纯电动,轿车,微型,4座,福建省,2026-07-05,26-30岁,男,学生/应届,10-20万,单身,3人,否,是,无车,首购,无车,10万以内,对比评估,1周内,本人,KOL/博主；销售顾问；朋友/同事,低成本出行；空间升级；换新能源,周末短途；家庭出行,KOL评测；懂车帝/汽车之家口碑,是,空间舒适；保值率；安全性；智能座舱,希望兼顾家人乘坐和周末出行,续航达成率；后排空间是否够用；智能化是否稳定,凯翼拾月；长安Lumin,倾向本品,待定,,受访者关注空间舒适，主要用于周末短途；同时对续航达成率仍有疑问，决策中会对比凯翼拾月；长安Lumin。,先围绕周末短途场景切入，再把空间舒适转化为可感知体验；对续航达成率需结合竞品对比和真实用车成本解释。,公开资料方向拟定/模拟问卷样本,基于车型定位、价格段、能源形式、公开车主口碑和公开用户画像报告拟定；仅用于产品Demo，不代表真实调研结果。,2024增换购用户需求洞察｜汽车之家研究院,https://www.autohome.com.cn/news/202409/1300865.html
S023-06,睿蓝汽车,睿蓝蓝气球,睿蓝蓝气球,4.69-5.09万,5万以下,纯电动,轿车,微型,4座,江苏省,2026-07-05,18-25岁,女,企业职员,10-20万,恋爱/情侣同住,4人,否,否,无车,首购,无车,10万以内,已下订,2周-1个月,本人,朋友/同事；车主评价,智能化体验；空间升级,家庭出行；商务接待；周末短途,车主群/社群讨论；KOL评测；品牌直营店/4S店,否,低使用成本；保值率；售后服务,希望在预算内获得更稳定的综合体验,后排空间是否够用；补能是否方便,长安Lumin；宏光MINIEV；埃尚,转向竞品,否,家人更认可竞品,受访者关注低使用成本，主要用于家庭出行；同时对后排空间是否够用仍有疑问，决策中会对比长安Lumin；宏光MINIEV；埃尚。,先围绕家庭出行场景切入，再把低使用成本转化为可感知体验；对后排空间是否够用需结合竞品对比和真实用车成本解释。,公开资料方向拟定/模拟问卷样本,基于车型定位、价格段、能源形式、公开车主口碑和公开用户画像报告拟定；仅用于产品Demo，不代表真实调研结果。,2024增换购用户需求洞察｜汽车之家研究院,https://www.autohome.com.cn/news/202409/1300865.html
S023-07,睿蓝汽车,睿蓝蓝气球,睿蓝蓝气球,4.69-5.09万,5万以下,纯电动,轿车,微型,4座,陕西省,2026-06-27,26-30岁,女,医疗/教育从业者,10-20万,恋爱/情侣同住,3人,否,否,无车,首购,无车,10万以内,已购/用车复盘,2周-1个月,父母参与,KOL/博主；车主评价；配偶,空间升级；换新能源,商务接待；家庭出行；城市通勤,小红书/抖音内容；品牌直营店/4S店；懂车帝/汽车之家口碑,是,价格权益；售后服务；智能座舱；空间舒适,希望兼顾家人乘坐和周末出行；希望同预算下配置和权益更划算,价格是否值得；底盘舒适性；后备厢空间,宏光MINIEV；埃尚,倾向本品,待定,,受访者关注价格权益，主要用于商务接待；同时对价格是否值得仍有疑问，决策中会对比宏光MINIEV；埃尚。,先围绕商务接待场景切入，再把价格权益转化为可感知体验；对价格是否值得需结合竞品对比和真实用车成本解释。,公开资料方向拟定/模拟问卷样本,基于车型定位、价格段、能源形式、公开车主口碑和公开用户画像报告拟定；仅用于产品Demo，不代表真实调研结果。,2024增换购用户需求洞察｜汽车之家研究院,https://www.autohome.com.cn/news/202409/1300865.html
S023-08,睿蓝汽车,睿蓝蓝气球,睿蓝蓝气球,4.69-5.09万,5万以下,纯电动,轿车,微型,4座,江苏省,2026-06-14,26-30岁,女,学生/应届,10-20万,单身,3人,否,否,无车,首购,无车,10万以内,已购/用车复盘,1-2周,本人,销售顾问；KOL/博主；朋友/同事,低成本出行；空间升级；智能化体验,家庭出行；充电便利场景,朋友/同事推荐；KOL评测,否,智能驾驶；品牌认知；外观设计,希望降低通勤和长途驾驶压力；在意品牌形象和商务/社交场景认可度,售后网络是否成熟；竞品是否更强,埃尚；五菱宏光,倾向本品,待定,,受访者关注智能驾驶，主要用于家庭出行；同时对售后网络是否成熟仍有疑问，决策中会对比埃尚；五菱宏光。,先围绕家庭出行场景切入，再把智能驾驶转化为可感知体验；对售后网络是否成熟需结合竞品对比和真实用车成本解释。,公开资料方向拟定/模拟问卷样本,基于车型定位、价格段、能源形式、公开车主口碑和公开用户画像报告拟定；仅用于产品Demo，不代表真实调研结果。,2024增换购用户需求洞察｜汽车之家研究院,https://www.autohome.com.cn/news/202409/1300865.html
S024-01,五菱新能源,埃尚,埃尚,3.98-5.28万,5万以下,纯电动,轿车,微型,4座,江苏省,2026-06-25,26-30岁,男,企业职员,10-20万,恋爱/情侣同住,4人,否,否,无车,首购,无车,10万以内,已试驾,1周内,本人,KOL/博主；朋友/同事；车主评价,换新能源；低成本出行；空间升级,周末短途；城市通勤,车主群/社群讨论；朋友/同事推荐,是,外观设计；通勤舒适；智能驾驶,希望降低通勤和长途驾驶压力,价格是否值得；售后维修成本；智能化是否稳定,长安Lumin；宏光MINIEV,价格合适会买,待定,,受访者关注外观设计，主要用于周末短途；同时对价格是否值得仍有疑问，决策中会对比长安Lumin；宏光MINIEV。,先围绕周末短途场景切入，再把外观设计转化为可感知体验；对价格是否值得需结合竞品对比和真实用车成本解释。,公开资料方向拟定/模拟问卷样本,基于车型定位、价格段、能源形式、公开车主口碑和公开用户画像报告拟定；仅用于产品Demo，不代表真实调研结果。,2024增换购用户需求洞察｜汽车之家研究院,https://www.autohome.com.cn/news/202409/1300865.html
S024-02,五菱新能源,埃尚,埃尚,3.98-5.28万,5万以下,纯电动,轿车,微型,4座,河南省,2026-06-16,31-35岁,男,学生/应届,20-30万,已婚无孩,5人及以上,否,是,无车,首购,无车,10万以内,已试驾,1-2周,本人+配偶,KOL/博主；配偶,家庭出行升级；通勤代步；低成本出行,商务接待；周末短途,小红书/抖音内容；朋友/同事推荐,是,空间舒适；驾驶质感；价格权益；外观设计,希望兼顾家人乘坐和周末出行；希望同预算下配置和权益更划算,底盘舒适性；保值率,宏光MINIEV；QQ冰淇淋,转向竞品,否,品牌认可度更高,受访者关注空间舒适，主要用于商务接待；同时对底盘舒适性仍有疑问，决策中会对比宏光MINIEV；QQ冰淇淋。,先围绕商务接待场景切入，再把空间舒适转化为可感知体验；对底盘舒适性需结合竞品对比和真实用车成本解释。,公开资料方向拟定/模拟问卷样本,基于车型定位、价格段、能源形式、公开车主口碑和公开用户画像报告拟定；仅用于产品Demo，不代表真实调研结果。,2024增换购用户需求洞察｜汽车之家研究院,https://www.autohome.com.cn/news/202409/1300865.html
S024-03,五菱新能源,埃尚,埃尚,3.98-5.28万,5万以下,纯电动,轿车,微型,4座,江苏省,2026-07-08,26-30岁,男,企业职员,10-20万,单身,3人,否,否,无车,首购,无车,10万以内,对比评估,2周-1个月,本人,KOL/博主；销售顾问,通勤代步；空间升级,城市通勤；家庭出行,车主群/社群讨论；小红书/抖音内容,否,智能座舱；安全性；保值率；通勤舒适,希望在预算内获得更稳定的综合体验,补能是否方便；底盘舒适性,QQ冰淇淋；五菱宏光；奔腾小马,已购,是,,受访者关注智能座舱，主要用于城市通勤；同时对补能是否方便仍有疑问，决策中会对比QQ冰淇淋；五菱宏光；奔腾小马。,先围绕城市通勤场景切入，再把智能座舱转化为可感知体验；对补能是否方便需结合竞品对比和真实用车成本解释。,公开资料方向拟定/模拟问卷样本,基于车型定位、价格段、能源形式、公开车主口碑和公开用户画像报告拟定；仅用于产品Demo，不代表真实调研结果。,2024增换购用户需求洞察｜汽车之家研究院,https://www.autohome.com.cn/news/202409/1300865.html
S024-04,五菱新能源,埃尚,埃尚,3.98-5.28万,5万以下,纯电动,轿车,微型,4座,浙江省,2026-06-01,26-30岁,女,企业职员,20-30万,恋爱/情侣同住,4人,否,是,无车,首购,无车,10万以内,对比评估,1-2周,父母参与,KOL/博主；配偶；朋友/同事,通勤代步；空间升级；换新能源,城市通勤；商务接待；充电便利场景,KOL评测；小红书/抖音内容；品牌直营店/4S店,是,价格权益；保值率；售后服务；品牌认知,在意品牌形象和商务/社交场景认可度；希望同预算下配置和权益更划算,价格是否值得；后备厢空间；后排空间是否够用,五菱宏光；奔腾小马,继续比较,待定,,受访者关注价格权益，主要用于城市通勤；同时对价格是否值得仍有疑问，决策中会对比五菱宏光；奔腾小马。,先围绕城市通勤场景切入，再把价格权益转化为可感知体验；对价格是否值得需结合竞品对比和真实用车成本解释。,公开资料方向拟定/模拟问卷样本,基于车型定位、价格段、能源形式、公开车主口碑和公开用户画像报告拟定；仅用于产品Demo，不代表真实调研结果。,2024增换购用户需求洞察｜汽车之家研究院,https://www.autohome.com.cn/news/202409/1300865.html
S024-05,五菱新能源,埃尚,埃尚,3.98-5.28万,5万以下,纯电动,轿车,微型,4座,福建省,2026-07-14,18-25岁,男,医疗/教育从业者,20-30万,单身,5人及以上,否,否,无车,首购,无车,10万以内,已下订,2周-1个月,本人,销售顾问；KOL/博主,家庭出行升级；通勤代步；低成本出行,商务接待；城市通勤,KOL评测；品牌直营店/4S店；车主群/社群讨论,是,智能座舱；安全性；低使用成本；智能驾驶,希望降低通勤和长途驾驶压力,底盘舒适性；智能化是否稳定,奔腾小马；长安Lumin,价格合适会买,待定,,受访者关注智能座舱，主要用于商务接待；同时对底盘舒适性仍有疑问，决策中会对比奔腾小马；长安Lumin。,先围绕商务接待场景切入，再把智能座舱转化为可感知体验；对底盘舒适性需结合竞品对比和真实用车成本解释。,公开资料方向拟定/模拟问卷样本,基于车型定位、价格段、能源形式、公开车主口碑和公开用户画像报告拟定；仅用于产品Demo，不代表真实调研结果。,2024增换购用户需求洞察｜汽车之家研究院,https://www.autohome.com.cn/news/202409/1300865.html
S024-06,五菱新能源,埃尚,埃尚,3.98-5.28万,5万以下,纯电动,轿车,微型,4座,湖北省,2026-08-16,31-35岁,女,企业职员,10-20万,恋爱/情侣同住,3人,否,否,无车,首购,无车,10万以内,已下订,1-2周,父母参与,KOL/博主；配偶；朋友/同事,空间升级；家庭出行升级；低成本出行,家庭出行；充电便利场景；周末短途,品牌直营店/4S店；懂车帝/汽车之家口碑,是,安全性；品牌认知；售后服务；空间舒适,希望兼顾家人乘坐和周末出行；在意品牌形象和商务/社交场景认可度,智能化是否稳定；售后网络是否成熟,长安Lumin；宏光MINIEV；QQ冰淇淋,倾向本品,待定,,受访者关注安全性，主要用于家庭出行；同时对智能化是否稳定仍有疑问，决策中会对比长安Lumin；宏光MINIEV；QQ冰淇淋。,先围绕家庭出行场景切入，再把安全性转化为可感知体验；对智能化是否稳定需结合竞品对比和真实用车成本解释。,公开资料方向拟定/模拟问卷样本,基于车型定位、价格段、能源形式、公开车主口碑和公开用户画像报告拟定；仅用于产品Demo，不代表真实调研结果。,2024增换购用户需求洞察｜汽车之家研究院,https://www.autohome.com.cn/news/202409/1300865.html
S024-07,五菱新能源,埃尚,埃尚,3.98-5.28万,5万以下,纯电动,轿车,微型,4座,北京市,2026-07-22,26-30岁,女,学生/应届,10-20万,单身,3人,否,否,无车,首购,无车,10万以内,价格谈判,1周内,父母参与,销售顾问；KOL/博主；车主评价,家庭出行升级；低成本出行,家庭出行；周末短途；城市通勤,KOL评测；朋友/同事推荐；品牌直营店/4S店,是,智能座舱；售后服务；安全性；保值率,希望在预算内获得更稳定的综合体验,竞品是否更强；智能化是否稳定,宏光MINIEV；QQ冰淇淋,已下订,是,,受访者关注智能座舱，主要用于家庭出行；同时对竞品是否更强仍有疑问，决策中会对比宏光MINIEV；QQ冰淇淋。,先围绕家庭出行场景切入，再把智能座舱转化为可感知体验；对竞品是否更强需结合竞品对比和真实用车成本解释。,公开资料方向拟定/模拟问卷样本,基于车型定位、价格段、能源形式、公开车主口碑和公开用户画像报告拟定；仅用于产品Demo，不代表真实调研结果。,2024增换购用户需求洞察｜汽车之家研究院,https://www.autohome.com.cn/news/202409/1300865.html
S024-08,五菱新能源,埃尚,埃尚,3.98-5.28万,5万以下,纯电动,轿车,微型,4座,重庆市,2026-06-05,18-25岁,男,医疗/教育从业者,20-30万,已婚无孩,3人,否,是,无车,首购,无车,10万以内,对比评估,1-2周,本人,车主评价；配偶；朋友/同事,换新能源；空间升级,城市通勤；周末短途,朋友/同事推荐；懂车帝/汽车之家口碑,否,售后服务；安全性；价格权益,希望同预算下配置和权益更划算,售后网络是否成熟；价格是否值得；后备厢空间,QQ冰淇淋；五菱宏光,倾向本品,待定,,受访者关注售后服务，主要用于城市通勤；同时对售后网络是否成熟仍有疑问，决策中会对比QQ冰淇淋；五菱宏光。,先围绕城市通勤场景切入，再把售后服务转化为可感知体验；对售后网络是否成熟需结合竞品对比和真实用车成本解释。,公开资料方向拟定/模拟问卷样本,基于车型定位、价格段、能源形式、公开车主口碑和公开用户画像报告拟定；仅用于产品Demo，不代表真实调研结果。,2024增换购用户需求洞察｜汽车之家研究院,https://www.autohome.com.cn/news/202409/1300865.html
S025-01,比亚迪,海鸥,海鸥,6.98-8.59万,5-10万,纯电动,轿车,微型,4座,河南省,2026-08-28,18-25岁,女,学生/应届,10-20万,单身,2人,否,否,无车,首购,无车,10万以内,已试驾,1-2周,本人,车主评价；销售顾问,空间升级；智能化体验；换新能源,家庭出行；周末短途；城市通勤,小红书/抖音内容；品牌直营店/4S店；朋友/同事推荐,是,外观设计；安全性；保值率；通勤舒适,希望在预算内获得更稳定的综合体验,底盘舒适性；后排空间是否够用；售后维修成本,凯翼拾月；星愿,倾向本品,待定,,受访者关注外观设计，主要用于家庭出行；同时对底盘舒适性仍有疑问，决策中会对比凯翼拾月；星愿。,先围绕家庭出行场景切入，再把外观设计转化为可感知体验；对底盘舒适性需结合竞品对比和真实用车成本解释。,公开资料方向拟定/模拟问卷样本,基于车型定位、价格段、能源形式、公开车主口碑和公开用户画像报告拟定；仅用于产品Demo，不代表真实调研结果。,2024增换购用户需求洞察｜汽车之家研究院,https://www.autohome.com.cn/news/202409/1300865.html
S025-02,比亚迪,海鸥,海鸥,6.98-8.59万,5-10万,纯电动,轿车,微型,4座,湖北省,2026-07-17,18-25岁,男,学生/应届,10-20万,单身,2人,否,否,家中已有新能源车,增购,家中已有新能源车,10万以内,对比评估,1-2周,本人,朋友/同事；KOL/博主；车主评价,家庭出行升级；通勤代步；换新能源,家庭出行；城市通勤；商务接待,懂车帝/汽车之家口碑；小红书/抖音内容,否,驾驶质感；智能座舱；通勤舒适；外观设计,希望在预算内获得更稳定的综合体验,保值率；后备厢空间,星愿；秦PLUS,已下订,是,,受访者关注驾驶质感，主要用于家庭出行；同时对保值率仍有疑问，决策中会对比星愿；秦PLUS。,先围绕家庭出行场景切入，再把驾驶质感转化为可感知体验；对保值率需结合竞品对比和真实用车成本解释。,公开资料方向拟定/模拟问卷样本,基于车型定位、价格段、能源形式、公开车主口碑和公开用户画像报告拟定；仅用于产品Demo，不代表真实调研结果。,2024增换购用户需求洞察｜汽车之家研究院,https://www.autohome.com.cn/news/202409/1300865.html
S025-03,比亚迪,海鸥,海鸥,6.98-8.59万,5-10万,纯电动,轿车,微型,4座,广东省,2026-08-03,31-35岁,女,学生/应届,20-30万,恋爱/情侣同住,2人,否,否,无车,首购,无车,10万以内,已试驾,2周-1个月,父母参与,朋友/同事；配偶,通勤代步；换新能源,周末短途；家庭出行；城市通勤,KOL评测；朋友/同事推荐；懂车帝/汽车之家口碑,否,驾驶质感；智能驾驶；智能座舱；通勤舒适,希望降低通勤和长途驾驶压力,保值率；续航达成率,秦PLUS；朗逸；凯翼拾月,价格合适会买,待定,,受访者关注驾驶质感，主要用于周末短途；同时对保值率仍有疑问，决策中会对比秦PLUS；朗逸；凯翼拾月。,先围绕周末短途场景切入，再把驾驶质感转化为可感知体验；对保值率需结合竞品对比和真实用车成本解释。,公开资料方向拟定/模拟问卷样本,基于车型定位、价格段、能源形式、公开车主口碑和公开用户画像报告拟定；仅用于产品Demo，不代表真实调研结果。,2024增换购用户需求洞察｜汽车之家研究院,https://www.autohome.com.cn/news/202409/1300865.html
S025-04,比亚迪,海鸥,海鸥,6.98-8.59万,5-10万,纯电动,轿车,微型,4座,安徽省,2026-06-23,26-30岁,男,学生/应届,10-20万,恋爱/情侣同住,2人,否,否,无车,首购,无车,10万以内,已下订,2周-1个月,本人,配偶；车主评价；朋友/同事,家庭出行升级；通勤代步；换新能源,家庭出行；周末短途；充电便利场景,车主群/社群讨论；品牌直营店/4S店,是,智能驾驶；品牌认知；智能座舱；保值率,希望降低通勤和长途驾驶压力；在意品牌形象和商务/社交场景认可度,后备厢空间；智能化是否稳定；底盘舒适性,朗逸；凯翼拾月,倾向本品,待定,,受访者关注智能驾驶，主要用于家庭出行；同时对后备厢空间仍有疑问，决策中会对比朗逸；凯翼拾月。,先围绕家庭出行场景切入，再把智能驾驶转化为可感知体验；对后备厢空间需结合竞品对比和真实用车成本解释。,公开资料方向拟定/模拟问卷样本,基于车型定位、价格段、能源形式、公开车主口碑和公开用户画像报告拟定；仅用于产品Demo，不代表真实调研结果。,2024增换购用户需求洞察｜汽车之家研究院,https://www.autohome.com.cn/news/202409/1300865.html
S025-05,比亚迪,海鸥,海鸥,6.98-8.59万,5-10万,纯电动,轿车,微型,4座,四川省,2026-08-11,26-30岁,男,医疗/教育从业者,30-50万,单身,5人及以上,否,否,家中已有燃油车,增购,家中已有燃油车,10万以内,已试驾,1-2周,本人,车主评价；朋友/同事；销售顾问,智能化体验；空间升级；家庭出行升级,充电便利场景；周末短途,车主群/社群讨论；KOL评测,否,智能座舱；保值率；价格权益,希望同预算下配置和权益更划算,保值率；竞品是否更强；价格是否值得,凯翼拾月；星愿,继续比较,待定,,受访者关注智能座舱，主要用于充电便利场景；同时对保值率仍有疑问，决策中会对比凯翼拾月；星愿。,先围绕充电便利场景场景切入，再把智能座舱转化为可感知体验；对保值率需结合竞品对比和真实用车成本解释。,公开资料方向拟定/模拟问卷样本,基于车型定位、价格段、能源形式、公开车主口碑和公开用户画像报告拟定；仅用于产品Demo，不代表真实调研结果。,2024增换购用户需求洞察｜汽车之家研究院,https://www.autohome.com.cn/news/202409/1300865.html
S025-06,比亚迪,海鸥,海鸥,6.98-8.59万,5-10万,纯电动,轿车,微型,4座,湖北省,2026-06-12,18-25岁,男,学生/应届,10-20万,恋爱/情侣同住,5人及以上,否,否,无车,首购,无车,10万以内,价格谈判,1-2周,本人,KOL/博主；车主评价；配偶,低成本出行；智能化体验；换新能源,商务接待；周末短途,朋友/同事推荐；小红书/抖音内容；车主群/社群讨论,是,安全性；空间舒适；保值率,希望兼顾家人乘坐和周末出行,售后网络是否成熟；后备厢空间,星愿；秦PLUS；朗逸,倾向本品,待定,,受访者关注安全性，主要用于商务接待；同时对售后网络是否成熟仍有疑问，决策中会对比星愿；秦PLUS；朗逸。,先围绕商务接待场景切入，再把安全性转化为可感知体验；对售后网络是否成熟需结合竞品对比和真实用车成本解释。,公开资料方向拟定/模拟问卷样本,基于车型定位、价格段、能源形式、公开车主口碑和公开用户画像报告拟定；仅用于产品Demo，不代表真实调研结果。,2024增换购用户需求洞察｜汽车之家研究院,https://www.autohome.com.cn/news/202409/1300865.html
S025-07,比亚迪,海鸥,海鸥,6.98-8.59万,5-10万,纯电动,轿车,微型,4座,上海市,2026-08-03,31-35岁,不便透露,学生/应届,10-20万,恋爱/情侣同住,2人,否,是,无车,首购,无车,10万以内,已试驾,1-2周,本人,朋友/同事；车主评价,换新能源；智能化体验,家庭出行；城市通勤,品牌直营店/4S店；朋友/同事推荐,是,驾驶质感；品牌认知；智能驾驶；通勤舒适,希望降低通勤和长途驾驶压力；在意品牌形象和商务/社交场景认可度,价格是否值得；售后网络是否成熟,秦PLUS；朗逸,继续比较,待定,,受访者关注驾驶质感，主要用于家庭出行；同时对价格是否值得仍有疑问，决策中会对比秦PLUS；朗逸。,先围绕家庭出行场景切入，再把驾驶质感转化为可感知体验；对价格是否值得需结合竞品对比和真实用车成本解释。,公开资料方向拟定/模拟问卷样本,基于车型定位、价格段、能源形式、公开车主口碑和公开用户画像报告拟定；仅用于产品Demo，不代表真实调研结果。,2024增换购用户需求洞察｜汽车之家研究院,https://www.autohome.com.cn/news/202409/1300865.html
S025-08,比亚迪,海鸥,海鸥,6.98-8.59万,5-10万,纯电动,轿车,微型,4座,湖南省,2026-08-01,31-35岁,女,学生/应届,10-20万,恋爱/情侣同住,1人,否,否,家中已有新能源车,增购,家中已有新能源车,10万以内,对比评估,2周-1个月,本人+配偶,配偶；车主评价；朋友/同事,家庭出行升级；换新能源,家庭出行；周末短途；城市通勤,朋友/同事推荐；KOL评测；小红书/抖音内容,是,低使用成本；品牌认知；智能座舱,在意品牌形象和商务/社交场景认可度,智能化是否稳定；保值率；补能是否方便,朗逸；凯翼拾月,价格合适会买,待定,,受访者关注低使用成本，主要用于家庭出行；同时对智能化是否稳定仍有疑问，决策中会对比朗逸；凯翼拾月。,先围绕家庭出行场景切入，再把低使用成本转化为可感知体验；对智能化是否稳定需结合竞品对比和真实用车成本解释。,公开资料方向拟定/模拟问卷样本,基于车型定位、价格段、能源形式、公开车主口碑和公开用户画像报告拟定；仅用于产品Demo，不代表真实调研结果。,2024增换购用户需求洞察｜汽车之家研究院,https://www.autohome.com.cn/news/202409/1300865.html
S026-01,上汽大众,朗逸,朗逸,7.99-15.19万,10-20万,传统燃料,轿车,紧凑型,5座,重庆市,2026-06-28,31-35岁,男,中基层管理者,20-30万,已婚无孩,1人,否,是,家中已有燃油车,增购,家中已有燃油车,0-20万,已试驾,2周-1个月,家庭共同决策,配偶；车主评价,家庭出行升级；换新能源,周末短途；家庭出行；城市通勤,品牌直营店/4S店；小红书/抖音内容；朋友/同事推荐,是,安全性；售后服务；通勤舒适；外观设计,希望在预算内获得更稳定的综合体验,油耗是否偏高；底盘舒适性；售后维修成本,速腾；秦PLUS,继续比较,待定,,受访者关注安全性，主要用于周末短途；同时对油耗是否偏高仍有疑问，决策中会对比速腾；秦PLUS。,先围绕周末短途场景切入，再把安全性转化为可感知体验；对油耗是否偏高需结合竞品对比和真实用车成本解释。,公开资料方向拟定/模拟问卷样本,基于车型定位、价格段、能源形式、公开车主口碑和公开用户画像报告拟定；仅用于产品Demo，不代表真实调研结果。,2024增换购用户需求洞察｜汽车之家研究院,https://www.autohome.com.cn/news/202409/1300865.html
S026-02,上汽大众,朗逸,朗逸,7.99-15.19万,10-20万,传统燃料,轿车,紧凑型,5座,重庆市,2026-07-10,26-30岁,男,公务员/事业单位,10-20万,已婚一孩,3人,是,否,无车,首购,无车,0-20万,已试驾,1-2个月,本人+配偶,车主评价；KOL/博主；子女,商务接待；家庭出行升级；品牌升级,家庭出行；周末短途,小红书/抖音内容；品牌直营店/4S店；KOL评测,是,保值率；价格权益；驾驶质感,希望同预算下配置和权益更划算,竞品是否更强；车机/智能化是否落后,秦PLUS；秦L,倾向本品,待定,,受访者关注保值率，主要用于家庭出行；同时对竞品是否更强仍有疑问，决策中会对比秦PLUS；秦L。,先围绕家庭出行场景切入，再把保值率转化为可感知体验；对竞品是否更强需结合竞品对比和真实用车成本解释。,公开资料方向拟定/模拟问卷样本,基于车型定位、价格段、能源形式、公开车主口碑和公开用户画像报告拟定；仅用于产品Demo，不代表真实调研结果。,2024增换购用户需求洞察｜汽车之家研究院,https://www.autohome.com.cn/news/202409/1300865.html
S026-03,上汽大众,朗逸,朗逸,7.99-15.19万,10-20万,传统燃料,轿车,紧凑型,5座,安徽省,2026-06-05,18-25岁,女,互联网/科技从业者,20-30万,恋爱/情侣同住,4人,否,否,无车,首购,无车,0-20万,已试驾,2周-1个月,家庭共同决策,车主评价；配偶,空间升级；品牌升级；商务接待,商务接待；城市通勤；周末短途,朋友/同事推荐；小红书/抖音内容,是,价格权益；保值率；可靠性；售后服务,希望同预算下配置和权益更划算,油耗是否偏高；后备厢空间；售后维修成本,秦L；海豹06；星愿,价格合适会买,待定,,受访者关注价格权益，主要用于商务接待；同时对油耗是否偏高仍有疑问，决策中会对比秦L；海豹06；星愿。,先围绕商务接待场景切入，再把价格权益转化为可感知体验；对油耗是否偏高需结合竞品对比和真实用车成本解释。,公开资料方向拟定/模拟问卷样本,基于车型定位、价格段、能源形式、公开车主口碑和公开用户画像报告拟定；仅用于产品Demo，不代表真实调研结果。,2024增换购用户需求洞察｜汽车之家研究院,https://www.autohome.com.cn/news/202409/1300865.html
S026-04,上汽大众,朗逸,朗逸,7.99-15.19万,10-20万,传统燃料,轿车,紧凑型,5座,四川省,2026-08-12,31-35岁,男,公务员/事业单位,10-20万,已婚一孩,2人,是,是,无车,首购,无车,0-20万,对比评估,2周-1个月,本人,KOL/博主；父母,换新能源；家庭出行升级,周末短途；城市通勤,懂车帝/汽车之家口碑；KOL评测,是,售后服务；可靠性；驾驶质感；安全性,希望在预算内获得更稳定的综合体验,价格是否值得；保值率；油耗是否偏高,海豹06；星愿,转向竞品,否,补能/售后更方便,受访者关注售后服务，主要用于周末短途；同时对价格是否值得仍有疑问，决策中会对比海豹06；星愿。,先围绕周末短途场景切入，再把售后服务转化为可感知体验；对价格是否值得需结合竞品对比和真实用车成本解释。,公开资料方向拟定/模拟问卷样本,基于车型定位、价格段、能源形式、公开车主口碑和公开用户画像报告拟定；仅用于产品Demo，不代表真实调研结果。,2024增换购用户需求洞察｜汽车之家研究院,https://www.autohome.com.cn/news/202409/1300865.html
S026-05,上汽大众,朗逸,朗逸,7.99-15.19万,10-20万,传统燃料,轿车,紧凑型,5座,山东省,2026-07-20,31-35岁,男,企业职员,30-50万,已婚一孩,2人,是,否,无车,首购,无车,0-20万,对比评估,1-2周,家庭共同决策,父母；KOL/博主,品牌升级；商务接待；家庭出行升级,周末短途；商务接待；家庭出行,品牌直营店/4S店；朋友/同事推荐,否,保值率；驾驶质感；可靠性,希望在预算内获得更稳定的综合体验,售后维修成本；底盘舒适性,星愿；速腾,倾向本品,待定,,受访者关注保值率，主要用于周末短途；同时对售后维修成本仍有疑问，决策中会对比星愿；速腾。,先围绕周末短途场景切入，再把保值率转化为可感知体验；对售后维修成本需结合竞品对比和真实用车成本解释。,公开资料方向拟定/模拟问卷样本,基于车型定位、价格段、能源形式、公开车主口碑和公开用户画像报告拟定；仅用于产品Demo，不代表真实调研结果。,2024增换购用户需求洞察｜汽车之家研究院,https://www.autohome.com.cn/news/202409/1300865.html
S026-06,上汽大众,朗逸,朗逸,7.99-15.19万,10-20万,传统燃料,轿车,紧凑型,5座,上海市,2026-08-25,26-30岁,女,互联网/科技从业者,30-50万,已婚一孩,2人,是,是,无车,首购,无车,0-20万,已购/用车复盘,2周-1个月,本人,车主评价；父母；KOL/博主,通勤代步；商务接待,家庭出行；商务接待,小红书/抖音内容；KOL评测,否,通勤舒适；驾驶质感；售后服务；外观设计,希望在预算内获得更稳定的综合体验,保值率；车机/智能化是否落后,速腾；秦PLUS；秦L,倾向本品,待定,,受访者关注通勤舒适，主要用于家庭出行；同时对保值率仍有疑问，决策中会对比速腾；秦PLUS；秦L。,先围绕家庭出行场景切入，再把通勤舒适转化为可感知体验；对保值率需结合竞品对比和真实用车成本解释。,公开资料方向拟定/模拟问卷样本,基于车型定位、价格段、能源形式、公开车主口碑和公开用户画像报告拟定；仅用于产品Demo，不代表真实调研结果。,2024增换购用户需求洞察｜汽车之家研究院,https://www.autohome.com.cn/news/202409/1300865.html
S026-07,上汽大众,朗逸,朗逸,7.99-15.19万,10-20万,传统燃料,轿车,紧凑型,5座,广东省,2026-08-13,31-35岁,男,中基层管理者,20-30万,恋爱/情侣同住,4人,否,否,家中已有燃油车,增购,家中已有燃油车,0-20万,流失/转向竞品,1-2周,家庭共同决策,配偶；车主评价；KOL/博主,家庭出行升级；换新能源；通勤代步,家庭出行；周末短途；城市通勤,品牌直营店/4S店；KOL评测；小红书/抖音内容,是,价格权益；可靠性；保值率；品牌认知,在意品牌形象和商务/社交场景认可度；希望同预算下配置和权益更划算,车机/智能化是否落后；售后维修成本；竞品是否更强,秦PLUS；秦L,倾向本品,待定,,受访者关注价格权益，主要用于家庭出行；同时对车机/智能化是否落后仍有疑问，决策中会对比秦PLUS；秦L。,先围绕家庭出行场景切入，再把价格权益转化为可感知体验；对车机/智能化是否落后需结合竞品对比和真实用车成本解释。,公开资料方向拟定/模拟问卷样本,基于车型定位、价格段、能源形式、公开车主口碑和公开用户画像报告拟定；仅用于产品Demo，不代表真实调研结果。,2024增换购用户需求洞察｜汽车之家研究院,https://www.autohome.com.cn/news/202409/1300865.html
S026-08,上汽大众,朗逸,朗逸,7.99-15.19万,10-20万,传统燃料,轿车,紧凑型,5座,陕西省,2026-07-23,26-30岁,男,企业职员,10-20万,已婚一孩,3人,是,否,无车,首购,无车,0-20万,流失/转向竞品,2周-1个月,本人,子女；配偶；父母,商务接待；家庭出行升级；换新能源,城市通勤；周末短途；商务接待,懂车帝/汽车之家口碑；车主群/社群讨论；KOL评测,是,驾驶质感；空间舒适；售后服务；价格权益,希望兼顾家人乘坐和周末出行；希望同预算下配置和权益更划算,竞品是否更强；保值率,秦L；海豹06,已下订,是,,受访者关注驾驶质感，主要用于城市通勤；同时对竞品是否更强仍有疑问，决策中会对比秦L；海豹06。,先围绕城市通勤场景切入，再把驾驶质感转化为可感知体验；对竞品是否更强需结合竞品对比和真实用车成本解释。,公开资料方向拟定/模拟问卷样本,基于车型定位、价格段、能源形式、公开车主口碑和公开用户画像报告拟定；仅用于产品Demo，不代表真实调研结果。,2024增换购用户需求洞察｜汽车之家研究院,https://www.autohome.com.cn/news/202409/1300865.html
S027-01,比亚迪,秦PLUS,秦PLUS,7.98-17.98万,10-20万,纯电动；非增程式插混,轿车,紧凑型,5座,湖南省,2026-08-15,36-40岁,男,企业职员,20-30万,已婚一孩,4人,是,是,家中已有燃油车,增购,家中已有燃油车,0-20万,已试驾,2周-1个月,本人,KOL/博主；子女,低成本出行；减少里程焦虑；空间升级,长途自驾；老人小孩乘坐；商务接待,KOL评测；朋友/同事推荐；车主群/社群讨论,是,售后服务；智能驾驶；品牌认知；家庭适配,希望兼顾家人乘坐和周末出行；希望降低通勤和长途驾驶压力；在意品牌形象和商务/社交场景认可度,价格权益是否稳定；后备厢空间,朗逸；速腾,倾向本品,待定,,受访者关注售后服务，主要用于长途自驾；同时对价格权益是否稳定仍有疑问，决策中会对比朗逸；速腾。,先围绕长途自驾场景切入，再把售后服务转化为可感知体验；对价格权益是否稳定需结合竞品对比和真实用车成本解释。,公开资料方向拟定/模拟问卷样本,基于车型定位、价格段、能源形式、公开车主口碑和公开用户画像报告拟定；仅用于产品Demo，不代表真实调研结果。,2024增换购用户需求洞察｜汽车之家研究院,https://www.autohome.com.cn/news/202409/1300865.html
S027-02,比亚迪,秦PLUS,秦PLUS,7.98-17.98万,10-20万,纯电动；非增程式插混,轿车,紧凑型,5座,山东省,2026-06-13,31-35岁,女,企业职员,20-30万,已婚一孩,2人,是,是,15-25万合资/自主车,换购,15-25万合资/自主车,0-20万,流失/转向竞品,2个月以上,本人,子女；KOL/博主,低成本出行；换新能源,周末短途；长途自驾；充电便利场景,KOL评测；小红书/抖音内容；懂车帝/汽车之家口碑,是,家庭适配；通勤舒适；保值率；驾驶质感,希望兼顾家人乘坐和周末出行,后备厢空间；竞品是否更强；价格是否值得,速腾；秦L,倾向本品,待定,,受访者关注家庭适配，主要用于周末短途；同时对后备厢空间仍有疑问，决策中会对比速腾；秦L。,先围绕周末短途场景切入，再把家庭适配转化为可感知体验；对后备厢空间需结合竞品对比和真实用车成本解释。,公开资料方向拟定/模拟问卷样本,基于车型定位、价格段、能源形式、公开车主口碑和公开用户画像报告拟定；仅用于产品Demo，不代表真实调研结果。,2024增换购用户需求洞察｜汽车之家研究院,https://www.autohome.com.cn/news/202409/1300865.html
S027-03,比亚迪,秦PLUS,秦PLUS,7.98-17.98万,10-20万,纯电动；非增程式插混,轿车,紧凑型,5座,四川省,2026-08-08,26-30岁,男,中基层管理者,20-30万,单身,1人,否,是,无车,首购,无车,0-20万,流失/转向竞品,2个月以上,本人,朋友/同事；车主评价,减少里程焦虑；长途/自驾；空间升级,老人小孩乘坐；城市通勤,品牌直营店/4S店；朋友/同事推荐,是,价格权益；通勤舒适；保值率,希望同预算下配置和权益更划算,价格是否值得；智能化是否稳定,秦L；海豹06；星愿,倾向本品,待定,,受访者关注价格权益，主要用于老人小孩乘坐；同时对价格是否值得仍有疑问，决策中会对比秦L；海豹06；星愿。,先围绕老人小孩乘坐场景切入，再把价格权益转化为可感知体验；对价格是否值得需结合竞品对比和真实用车成本解释。,公开资料方向拟定/模拟问卷样本,基于车型定位、价格段、能源形式、公开车主口碑和公开用户画像报告拟定；仅用于产品Demo，不代表真实调研结果。,2024增换购用户需求洞察｜汽车之家研究院,https://www.autohome.com.cn/news/202409/1300865.html
S027-04,比亚迪,秦PLUS,秦PLUS,7.98-17.98万,10-20万,纯电动；非增程式插混,轿车,紧凑型,5座,山东省,2026-08-04,26-30岁,男,中基层管理者,20-30万,已婚无孩,3人,否,是,家中已有新能源车,增购,家中已有新能源车,0-20万,价格谈判,1-2周,本人+配偶,车主评价；配偶；朋友/同事,空间升级；低成本出行,商务接待；充电便利场景,懂车帝/汽车之家口碑；小红书/抖音内容；车主群/社群讨论,否,品牌认知；家庭适配；智能驾驶；智能座舱,希望兼顾家人乘坐和周末出行；希望降低通勤和长途驾驶压力；在意品牌形象和商务/社交场景认可度,底盘舒适性；售后网络是否成熟,海豹06；星愿,价格合适会买,待定,,受访者关注品牌认知，主要用于商务接待；同时对底盘舒适性仍有疑问，决策中会对比海豹06；星愿。,先围绕商务接待场景切入，再把品牌认知转化为可感知体验；对底盘舒适性需结合竞品对比和真实用车成本解释。,公开资料方向拟定/模拟问卷样本,基于车型定位、价格段、能源形式、公开车主口碑和公开用户画像报告拟定；仅用于产品Demo，不代表真实调研结果。,2024增换购用户需求洞察｜汽车之家研究院,https://www.autohome.com.cn/news/202409/1300865.html
S027-05,比亚迪,秦PLUS,秦PLUS,7.98-17.98万,10-20万,纯电动；非增程式插混,轿车,紧凑型,5座,重庆市,2026-06-16,26-30岁,男,中基层管理者,10-20万,已婚一孩,1人,是,否,无车,首购,无车,0-20万,已试驾,1-2个月,本人,配偶；子女,长途/自驾；换新能源；低成本出行,商务接待；家庭出行；充电便利场景,车主群/社群讨论；小红书/抖音内容,是,空间舒适；保值率；售后服务,希望兼顾家人乘坐和周末出行,用车能耗/续航；后排空间是否够用；增程/插混系统可靠性,星愿；朗逸,继续比较,待定,,受访者关注空间舒适，主要用于商务接待；同时对用车能耗/续航仍有疑问，决策中会对比星愿；朗逸。,先围绕商务接待场景切入，再把空间舒适转化为可感知体验；对用车能耗/续航需结合竞品对比和真实用车成本解释。,公开资料方向拟定/模拟问卷样本,基于车型定位、价格段、能源形式、公开车主口碑和公开用户画像报告拟定；仅用于产品Demo，不代表真实调研结果。,2024增换购用户需求洞察｜汽车之家研究院,https://www.autohome.com.cn/news/202409/1300865.html
S027-06,比亚迪,秦PLUS,秦PLUS,7.98-17.98万,10-20万,纯电动；非增程式插混,轿车,紧凑型,5座,湖南省,2026-07-24,26-30岁,女,企业职员,20-30万,已婚一孩,5人及以上,是,否,无车,首购,无车,0-20万,流失/转向竞品,1-2个月,本人,配偶；父母,空间升级；通勤代步；家庭出行升级,城市通勤；周末短途,KOL评测；车主群/社群讨论,是,外观设计；通勤舒适；品牌认知,在意品牌形象和商务/社交场景认可度,售后维修成本；续航达成率,朗逸；速腾；秦L,倾向本品,待定,,受访者关注外观设计，主要用于城市通勤；同时对售后维修成本仍有疑问，决策中会对比朗逸；速腾；秦L。,先围绕城市通勤场景切入，再把外观设计转化为可感知体验；对售后维修成本需结合竞品对比和真实用车成本解释。,公开资料方向拟定/模拟问卷样本,基于车型定位、价格段、能源形式、公开车主口碑和公开用户画像报告拟定；仅用于产品Demo，不代表真实调研结果。,2024增换购用户需求洞察｜汽车之家研究院,https://www.autohome.com.cn/news/202409/1300865.html
S027-07,比亚迪,秦PLUS,秦PLUS,7.98-17.98万,10-20万,纯电动；非增程式插混,轿车,紧凑型,5座,四川省,2026-06-01,26-30岁,男,中基层管理者,20-30万,已婚一孩,3人,是,是,无车,首购,无车,0-20万,已试驾,2周-1个月,家庭共同决策,父母；KOL/博主,换新能源；长途/自驾；家庭出行升级,老人小孩乘坐；充电便利场景；家庭出行,懂车帝/汽车之家口碑；车主群/社群讨论,是,智能座舱；驾驶质感；家庭适配,希望兼顾家人乘坐和周末出行,续航达成率；用车能耗/续航,速腾；秦L,倾向本品,待定,,受访者关注智能座舱，主要用于老人小孩乘坐；同时对续航达成率仍有疑问，决策中会对比速腾；秦L。,先围绕老人小孩乘坐场景切入，再把智能座舱转化为可感知体验；对续航达成率需结合竞品对比和真实用车成本解释。,公开资料方向拟定/模拟问卷样本,基于车型定位、价格段、能源形式、公开车主口碑和公开用户画像报告拟定；仅用于产品Demo，不代表真实调研结果。,2024增换购用户需求洞察｜汽车之家研究院,https://www.autohome.com.cn/news/202409/1300865.html
S027-08,比亚迪,秦PLUS,秦PLUS,7.98-17.98万,10-20万,纯电动；非增程式插混,轿车,紧凑型,5座,福建省,2026-07-17,26-30岁,女,互联网/科技从业者,30-50万,已婚一孩,2人,是,否,无车,首购,无车,0-20万,已试驾,2周-1个月,本人,配偶；子女；父母,长途/自驾；家庭出行升级；低成本出行,老人小孩乘坐；长途自驾；家庭出行,KOL评测；车主群/社群讨论,是,保值率；价格权益；安全性,希望同预算下配置和权益更划算,续航达成率；后排空间是否够用,秦L；海豹06,倾向本品,待定,,受访者关注保值率，主要用于老人小孩乘坐；同时对续航达成率仍有疑问，决策中会对比秦L；海豹06。,先围绕老人小孩乘坐场景切入，再把保值率转化为可感知体验；对续航达成率需结合竞品对比和真实用车成本解释。,公开资料方向拟定/模拟问卷样本,基于车型定位、价格段、能源形式、公开车主口碑和公开用户画像报告拟定；仅用于产品Demo，不代表真实调研结果。,2024增换购用户需求洞察｜汽车之家研究院,https://www.autohome.com.cn/news/202409/1300865.html
S028-01,长安启源,长安启源Q05,长安启源Q05,7.99-11.49万,5-10万,纯电动,SUV,紧凑型,5座,广东省,2026-08-12,26-30岁,男,医疗/教育从业者,20-30万,单身,5人及以上,否,否,无车,首购,无车,0-20万,初步了解,2周-1个月,本人,朋友/同事；KOL/博主；车主评价,换新能源；智能化体验；空间升级,周末短途；城市通勤,品牌直营店/4S店；朋友/同事推荐,否,售后服务；空间舒适；智能驾驶,希望兼顾家人乘坐和周末出行；希望降低通勤和长途驾驶压力,价格是否值得；智能化是否稳定；售后网络是否成熟,元UP；零跑A10,倾向本品,待定,,受访者关注售后服务，主要用于周末短途；同时对价格是否值得仍有疑问，决策中会对比元UP；零跑A10。,先围绕周末短途场景切入，再把售后服务转化为可感知体验；对价格是否值得需结合竞品对比和真实用车成本解释。,公开资料方向拟定/模拟问卷样本,基于车型定位、价格段、能源形式、公开车主口碑和公开用户画像报告拟定；仅用于产品Demo，不代表真实调研结果。,2024增换购用户需求洞察｜汽车之家研究院,https://www.autohome.com.cn/news/202409/1300865.html
S028-02,长安启源,长安启源Q05,长安启源Q05,7.99-11.49万,5-10万,纯电动,SUV,紧凑型,5座,安徽省,2026-07-03,26-30岁,女,学生/应届,10-20万,单身,4人,否,是,15-25万合资/自主车,换购,15-25万合资/自主车,0-20万,已试驾,1-2周,本人,KOL/博主；车主评价；朋友/同事,通勤代步；智能化体验,周末短途；家庭出行,品牌直营店/4S店；车主群/社群讨论；小红书/抖音内容,是,智能座舱；外观设计；售后服务,希望在预算内获得更稳定的综合体验,售后维修成本；保值率,零跑A10；星光L,倾向本品,待定,,受访者关注智能座舱，主要用于周末短途；同时对售后维修成本仍有疑问，决策中会对比零跑A10；星光L。,先围绕周末短途场景切入，再把智能座舱转化为可感知体验；对售后维修成本需结合竞品对比和真实用车成本解释。,公开资料方向拟定/模拟问卷样本,基于车型定位、价格段、能源形式、公开车主口碑和公开用户画像报告拟定；仅用于产品Demo，不代表真实调研结果。,2024增换购用户需求洞察｜汽车之家研究院,https://www.autohome.com.cn/news/202409/1300865.html
S028-03,长安启源,长安启源Q05,长安启源Q05,7.99-11.49万,5-10万,纯电动,SUV,紧凑型,5座,浙江省,2026-08-10,18-25岁,女,企业职员,10-20万,单身,2人,否,否,家中已有燃油车,增购,家中已有燃油车,0-20万,对比评估,2周-1个月,本人,朋友/同事；销售顾问,空间升级；通勤代步,城市通勤；家庭出行,车主群/社群讨论；KOL评测,否,低使用成本；保值率；售后服务,希望在预算内获得更稳定的综合体验,续航达成率；价格是否值得,星光L；秦PLUS；朗逸,转向竞品,否,竞品智驾更强,受访者关注低使用成本，主要用于城市通勤；同时对续航达成率仍有疑问，决策中会对比星光L；秦PLUS；朗逸。,先围绕城市通勤场景切入，再把低使用成本转化为可感知体验；对续航达成率需结合竞品对比和真实用车成本解释。,公开资料方向拟定/模拟问卷样本,基于车型定位、价格段、能源形式、公开车主口碑和公开用户画像报告拟定；仅用于产品Demo，不代表真实调研结果。,2024增换购用户需求洞察｜汽车之家研究院,https://www.autohome.com.cn/news/202409/1300865.html
S028-04,长安启源,长安启源Q05,长安启源Q05,7.99-11.49万,5-10万,纯电动,SUV,紧凑型,5座,河南省,2026-07-06,26-30岁,男,企业职员,10-20万,已婚无孩,3人,否,否,无车,首购,无车,0-20万,对比评估,1-2周,本人,KOL/博主；车主评价；配偶,家庭出行升级；通勤代步,周末短途；城市通勤,车主群/社群讨论；KOL评测；朋友/同事推荐,是,低使用成本；外观设计；价格权益；售后服务,希望同预算下配置和权益更划算,价格是否值得；售后维修成本,秦PLUS；朗逸,已购,是,,受访者关注低使用成本，主要用于周末短途；同时对价格是否值得仍有疑问，决策中会对比秦PLUS；朗逸。,先围绕周末短途场景切入，再把低使用成本转化为可感知体验；对价格是否值得需结合竞品对比和真实用车成本解释。,公开资料方向拟定/模拟问卷样本,基于车型定位、价格段、能源形式、公开车主口碑和公开用户画像报告拟定；仅用于产品Demo，不代表真实调研结果。,2024增换购用户需求洞察｜汽车之家研究院,https://www.autohome.com.cn/news/202409/1300865.html
S028-05,长安启源,长安启源Q05,长安启源Q05,7.99-11.49万,5-10万,纯电动,SUV,紧凑型,5座,四川省,2026-06-05,26-30岁,男,医疗/教育从业者,10-20万,单身,3人,否,否,家中已有燃油车,增购,家中已有燃油车,0-20万,已购/用车复盘,2周-1个月,本人,KOL/博主；销售顾问,智能化体验；家庭出行升级；空间升级,充电便利场景；家庭出行,小红书/抖音内容；朋友/同事推荐；KOL评测,是,保值率；售后服务；安全性；价格权益,希望同预算下配置和权益更划算,售后维修成本；竞品是否更强,朗逸；元UP,价格合适会买,待定,,受访者关注保值率，主要用于充电便利场景；同时对售后维修成本仍有疑问，决策中会对比朗逸；元UP。,先围绕充电便利场景场景切入，再把保值率转化为可感知体验；对售后维修成本需结合竞品对比和真实用车成本解释。,公开资料方向拟定/模拟问卷样本,基于车型定位、价格段、能源形式、公开车主口碑和公开用户画像报告拟定；仅用于产品Demo，不代表真实调研结果。,2024增换购用户需求洞察｜汽车之家研究院,https://www.autohome.com.cn/news/202409/1300865.html
S028-06,长安启源,长安启源Q05,长安启源Q05,7.99-11.49万,5-10万,纯电动,SUV,紧凑型,5座,湖北省,2026-06-21,18-25岁,女,医疗/教育从业者,10-20万,恋爱/情侣同住,2人,否,否,家中已有新能源车,增购,家中已有新能源车,0-20万,价格谈判,1-2周,本人,朋友/同事；车主评价,通勤代步；换新能源,家庭出行；充电便利场景；周末短途,小红书/抖音内容；朋友/同事推荐；KOL评测,是,空间舒适；售后服务；安全性；智能驾驶,希望兼顾家人乘坐和周末出行；希望降低通勤和长途驾驶压力,价格是否值得；补能是否方便；智能化是否稳定,元UP；零跑A10；星光L,已购,是,,受访者关注空间舒适，主要用于家庭出行；同时对价格是否值得仍有疑问，决策中会对比元UP；零跑A10；星光L。,先围绕家庭出行场景切入，再把空间舒适转化为可感知体验；对价格是否值得需结合竞品对比和真实用车成本解释。,公开资料方向拟定/模拟问卷样本,基于车型定位、价格段、能源形式、公开车主口碑和公开用户画像报告拟定；仅用于产品Demo，不代表真实调研结果。,2024增换购用户需求洞察｜汽车之家研究院,https://www.autohome.com.cn/news/202409/1300865.html
S028-07,长安启源,长安启源Q05,长安启源Q05,7.99-11.49万,5-10万,纯电动,SUV,紧凑型,5座,安徽省,2026-06-09,18-25岁,女,企业职员,10-20万,恋爱/情侣同住,4人,否,否,无车,首购,无车,0-20万,已试驾,1-2周,本人+配偶,朋友/同事；KOL/博主；配偶,家庭出行升级；换新能源；低成本出行,家庭出行；城市通勤；周末短途,朋友/同事推荐；小红书/抖音内容,否,智能驾驶；智能座舱；空间舒适,希望兼顾家人乘坐和周末出行；希望降低通勤和长途驾驶压力,智能化是否稳定；补能是否方便,零跑A10；星光L,价格合适会买,待定,,受访者关注智能驾驶，主要用于家庭出行；同时对智能化是否稳定仍有疑问，决策中会对比零跑A10；星光L。,先围绕家庭出行场景切入，再把智能驾驶转化为可感知体验；对智能化是否稳定需结合竞品对比和真实用车成本解释。,公开资料方向拟定/模拟问卷样本,基于车型定位、价格段、能源形式、公开车主口碑和公开用户画像报告拟定；仅用于产品Demo，不代表真实调研结果。,2024增换购用户需求洞察｜汽车之家研究院,https://www.autohome.com.cn/news/202409/1300865.html
S028-08,长安启源,长安启源Q05,长安启源Q05,7.99-11.49万,5-10万,纯电动,SUV,紧凑型,5座,浙江省,2026-08-26,26-30岁,男,企业职员,20-30万,已婚无孩,1人,否,否,家中已有新能源车,增购,家中已有新能源车,0-20万,价格谈判,1-2周,本人,配偶；朋友/同事；KOL/博主,通勤代步；低成本出行,周末短途；城市通勤；充电便利场景,车主群/社群讨论；KOL评测；朋友/同事推荐,是,智能座舱；价格权益；外观设计；智能驾驶,希望降低通勤和长途驾驶压力；希望同预算下配置和权益更划算,售后网络是否成熟；保值率；竞品是否更强,星光L；秦PLUS,已购,是,,受访者关注智能座舱，主要用于周末短途；同时对售后网络是否成熟仍有疑问，决策中会对比星光L；秦PLUS。,先围绕周末短途场景切入，再把智能座舱转化为可感知体验；对售后网络是否成熟需结合竞品对比和真实用车成本解释。,公开资料方向拟定/模拟问卷样本,基于车型定位、价格段、能源形式、公开车主口碑和公开用户画像报告拟定；仅用于产品Demo，不代表真实调研结果。,2024增换购用户需求洞察｜汽车之家研究院,https://www.autohome.com.cn/news/202409/1300865.html
S029-01,一汽大众,速腾,速腾,9.38-16.49万,10-20万,传统燃料,轿车,紧凑型,5座,河南省,2026-07-26,31-35岁,男,中基层管理者,20-30万,已婚无孩,2人,否,否,无车,首购,无车,0-20万,流失/转向竞品,1-2周,家庭共同决策,车主评价；配偶,换新能源；通勤代步；商务接待,城市通勤；家庭出行；周末短途,车主群/社群讨论；KOL评测,是,空间舒适；可靠性；价格权益；售后服务,希望兼顾家人乘坐和周末出行；希望同预算下配置和权益更划算,后排空间是否够用；底盘舒适性,朗逸；秦PLUS,已下订,是,,受访者关注空间舒适，主要用于城市通勤；同时对后排空间是否够用仍有疑问，决策中会对比朗逸；秦PLUS。,先围绕城市通勤场景切入，再把空间舒适转化为可感知体验；对后排空间是否够用需结合竞品对比和真实用车成本解释。,公开资料方向拟定/模拟问卷样本,基于车型定位、价格段、能源形式、公开车主口碑和公开用户画像报告拟定；仅用于产品Demo，不代表真实调研结果。,2024增换购用户需求洞察｜汽车之家研究院,https://www.autohome.com.cn/news/202409/1300865.html
S029-02,一汽大众,速腾,速腾,9.38-16.49万,10-20万,传统燃料,轿车,紧凑型,5座,四川省,2026-06-18,36-40岁,不便透露,中基层管理者,20-30万,已婚一孩,4人,是,否,无车,首购,无车,0-20万,初步了解,1-2周,本人+配偶,车主评价；子女,商务接待；通勤代步,商务接待；城市通勤,懂车帝/汽车之家口碑；朋友/同事推荐；小红书/抖音内容,是,安全性；通勤舒适；驾驶质感；保值率,希望在预算内获得更稳定的综合体验,底盘舒适性；保养维修费用；后备厢空间,秦PLUS；秦L,继续比较,待定,,受访者关注安全性，主要用于商务接待；同时对底盘舒适性仍有疑问，决策中会对比秦PLUS；秦L。,先围绕商务接待场景切入，再把安全性转化为可感知体验；对底盘舒适性需结合竞品对比和真实用车成本解释。,公开资料方向拟定/模拟问卷样本,基于车型定位、价格段、能源形式、公开车主口碑和公开用户画像报告拟定；仅用于产品Demo，不代表真实调研结果。,2024增换购用户需求洞察｜汽车之家研究院,https://www.autohome.com.cn/news/202409/1300865.html
S029-03,一汽大众,速腾,速腾,9.38-16.49万,10-20万,传统燃料,轿车,紧凑型,5座,江苏省,2026-06-18,31-35岁,男,公务员/事业单位,30-50万,已婚一孩,3人,是,否,无车,首购,无车,0-20万,已试驾,2周-1个月,本人,KOL/博主；配偶；车主评价,空间升级；品牌升级,城市通勤；家庭出行,懂车帝/汽车之家口碑；KOL评测；品牌直营店/4S店,否,可靠性；安全性；驾驶质感,希望在预算内获得更稳定的综合体验,后排空间是否够用；保养维修费用；价格是否值得,秦L；海豹06；星愿,倾向本品,待定,,受访者关注可靠性，主要用于城市通勤；同时对后排空间是否够用仍有疑问，决策中会对比秦L；海豹06；星愿。,先围绕城市通勤场景切入，再把可靠性转化为可感知体验；对后排空间是否够用需结合竞品对比和真实用车成本解释。,公开资料方向拟定/模拟问卷样本,基于车型定位、价格段、能源形式、公开车主口碑和公开用户画像报告拟定；仅用于产品Demo，不代表真实调研结果。,2024增换购用户需求洞察｜汽车之家研究院,https://www.autohome.com.cn/news/202409/1300865.html
S029-04,一汽大众,速腾,速腾,9.38-16.49万,10-20万,传统燃料,轿车,紧凑型,5座,重庆市,2026-08-16,31-35岁,男,企业职员,30-50万,已婚一孩,2人,是,否,无车,首购,无车,0-20万,已试驾,2个月以上,本人,配偶；KOL/博主,空间升级；换新能源；商务接待,城市通勤；商务接待；家庭出行,朋友/同事推荐；懂车帝/汽车之家口碑,否,通勤舒适；可靠性；价格权益,希望同预算下配置和权益更划算,底盘舒适性；售后维修成本；保养维修费用,海豹06；星愿,已下订,是,,受访者关注通勤舒适，主要用于城市通勤；同时对底盘舒适性仍有疑问，决策中会对比海豹06；星愿。,先围绕城市通勤场景切入，再把通勤舒适转化为可感知体验；对底盘舒适性需结合竞品对比和真实用车成本解释。,公开资料方向拟定/模拟问卷样本,基于车型定位、价格段、能源形式、公开车主口碑和公开用户画像报告拟定；仅用于产品Demo，不代表真实调研结果。,2024增换购用户需求洞察｜汽车之家研究院,https://www.autohome.com.cn/news/202409/1300865.html
S029-05,一汽大众,速腾,速腾,9.38-16.49万,10-20万,传统燃料,轿车,紧凑型,5座,湖南省,2026-06-13,36-40岁,女,企业职员,20-30万,已婚一孩,3人,是,否,无车,首购,无车,0-20万,已试驾,1-2周,本人,父母；配偶,家庭出行升级；通勤代步；商务接待,周末短途；商务接待,朋友/同事推荐；车主群/社群讨论,是,可靠性；驾驶质感；外观设计；安全性,希望在预算内获得更稳定的综合体验,后备厢空间；后排空间是否够用；油耗是否偏高,星愿；朗逸,倾向本品,待定,,受访者关注可靠性，主要用于周末短途；同时对后备厢空间仍有疑问，决策中会对比星愿；朗逸。,先围绕周末短途场景切入，再把可靠性转化为可感知体验；对后备厢空间需结合竞品对比和真实用车成本解释。,公开资料方向拟定/模拟问卷样本,基于车型定位、价格段、能源形式、公开车主口碑和公开用户画像报告拟定；仅用于产品Demo，不代表真实调研结果。,2024增换购用户需求洞察｜汽车之家研究院,https://www.autohome.com.cn/news/202409/1300865.html
S029-06,一汽大众,速腾,速腾,9.38-16.49万,10-20万,传统燃料,轿车,紧凑型,5座,安徽省,2026-07-18,18-25岁,男,互联网/科技从业者,20-30万,已婚一孩,3人,是,否,15-25万合资/自主车,换购,15-25万合资/自主车,0-20万,已购/用车复盘,2周-1个月,家庭共同决策,子女；车主评价,家庭出行升级；商务接待,商务接待；城市通勤,品牌直营店/4S店；KOL评测；朋友/同事推荐,是,价格权益；安全性；可靠性；空间舒适,希望兼顾家人乘坐和周末出行；希望同预算下配置和权益更划算,底盘舒适性；价格是否值得,朗逸；秦PLUS；秦L,倾向本品,待定,,受访者关注价格权益，主要用于商务接待；同时对底盘舒适性仍有疑问，决策中会对比朗逸；秦PLUS；秦L。,先围绕商务接待场景切入，再把价格权益转化为可感知体验；对底盘舒适性需结合竞品对比和真实用车成本解释。,公开资料方向拟定/模拟问卷样本,基于车型定位、价格段、能源形式、公开车主口碑和公开用户画像报告拟定；仅用于产品Demo，不代表真实调研结果。,2024增换购用户需求洞察｜汽车之家研究院,https://www.autohome.com.cn/news/202409/1300865.html
S029-07,一汽大众,速腾,速腾,9.38-16.49万,10-20万,传统燃料,轿车,紧凑型,5座,浙江省,2026-07-01,26-30岁,男,公务员/事业单位,30-50万,已婚一孩,5人及以上,是,否,家中已有燃油车,增购,家中已有燃油车,0-20万,对比评估,2周-1个月,家庭共同决策,父母；子女；KOL/博主,通勤代步；商务接待；家庭出行升级,周末短途；城市通勤；家庭出行,懂车帝/汽车之家口碑；KOL评测,否,品牌认知；外观设计；安全性,在意品牌形象和商务/社交场景认可度,后备厢空间；保养维修费用,秦PLUS；秦L,倾向本品,待定,,受访者关注品牌认知，主要用于周末短途；同时对后备厢空间仍有疑问，决策中会对比秦PLUS；秦L。,先围绕周末短途场景切入，再把品牌认知转化为可感知体验；对后备厢空间需结合竞品对比和真实用车成本解释。,公开资料方向拟定/模拟问卷样本,基于车型定位、价格段、能源形式、公开车主口碑和公开用户画像报告拟定；仅用于产品Demo，不代表真实调研结果。,2024增换购用户需求洞察｜汽车之家研究院,https://www.autohome.com.cn/news/202409/1300865.html
S029-08,一汽大众,速腾,速腾,9.38-16.49万,10-20万,传统燃料,轿车,紧凑型,5座,江苏省,2026-07-04,26-30岁,不便透露,公务员/事业单位,20-30万,单身,5人及以上,否,是,无车,首购,无车,0-20万,已购/用车复盘,2周-1个月,本人,朋友/同事；KOL/博主,空间升级；换新能源；品牌升级,商务接待；家庭出行；城市通勤,小红书/抖音内容；懂车帝/汽车之家口碑；KOL评测,是,售后服务；品牌认知；通勤舒适；外观设计,在意品牌形象和商务/社交场景认可度,价格是否值得；竞品是否更强；售后维修成本,秦L；海豹06,转向竞品,否,家人更认可竞品,受访者关注售后服务，主要用于商务接待；同时对价格是否值得仍有疑问，决策中会对比秦L；海豹06。,先围绕商务接待场景切入，再把售后服务转化为可感知体验；对价格是否值得需结合竞品对比和真实用车成本解释。,公开资料方向拟定/模拟问卷样本,基于车型定位、价格段、能源形式、公开车主口碑和公开用户画像报告拟定；仅用于产品Demo，不代表真实调研结果。,2024增换购用户需求洞察｜汽车之家研究院,https://www.autohome.com.cn/news/202409/1300865.html
S030-01,比亚迪,元UP,元UP,7.48-11.98万,5-10万,纯电动,SUV,小型,5座,重庆市,2026-07-22,18-25岁,男,企业职员,20-30万,恋爱/情侣同住,3人,否,否,无车,首购,无车,0-20万,初步了解,1周内,本人,车主评价；配偶；朋友/同事,空间升级；家庭出行升级,城市通勤；周末短途；充电便利场景,品牌直营店/4S店；懂车帝/汽车之家口碑,是,售后服务；保值率；安全性；低使用成本,希望在预算内获得更稳定的综合体验,保值率；售后维修成本；售后网络是否成熟,零跑A10；长安启源Q05,倾向本品,待定,,受访者关注售后服务，主要用于城市通勤；同时对保值率仍有疑问，决策中会对比零跑A10；长安启源Q05。,先围绕城市通勤场景切入，再把售后服务转化为可感知体验；对保值率需结合竞品对比和真实用车成本解释。,公开资料方向拟定/模拟问卷样本,基于车型定位、价格段、能源形式、公开车主口碑和公开用户画像报告拟定；仅用于产品Demo，不代表真实调研结果。,2024增换购用户需求洞察｜汽车之家研究院,https://www.autohome.com.cn/news/202409/1300865.html
S030-02,比亚迪,元UP,元UP,7.48-11.98万,5-10万,纯电动,SUV,小型,5座,湖北省,2026-06-01,18-25岁,女,自由职业/内容创作者,10-20万,单身,3人,否,是,家中已有新能源车,增购,家中已有新能源车,0-20万,对比评估,2周-1个月,父母参与,朋友/同事；KOL/博主；车主评价,家庭出行升级；空间升级；低成本出行,周末短途；家庭出行,品牌直营店/4S店；KOL评测；车主群/社群讨论,是,保值率；售后服务；智能驾驶,希望降低通勤和长途驾驶压力,智能化是否稳定；价格是否值得,长安启源Q05；星光L,倾向本品,待定,,受访者关注保值率，主要用于周末短途；同时对智能化是否稳定仍有疑问，决策中会对比长安启源Q05；星光L。,先围绕周末短途场景切入，再把保值率转化为可感知体验；对智能化是否稳定需结合竞品对比和真实用车成本解释。,公开资料方向拟定/模拟问卷样本,基于车型定位、价格段、能源形式、公开车主口碑和公开用户画像报告拟定；仅用于产品Demo，不代表真实调研结果。,2024增换购用户需求洞察｜汽车之家研究院,https://www.autohome.com.cn/news/202409/1300865.html
S030-03,比亚迪,元UP,元UP,7.48-11.98万,5-10万,纯电动,SUV,小型,5座,北京市,2026-06-02,18-25岁,男,企业职员,30-50万,单身,2人,否,否,无车,首购,无车,0-20万,已试驾,1-2周,本人,朋友/同事；车主评价,通勤代步；空间升级；低成本出行,城市通勤；家庭出行；周末短途,小红书/抖音内容；车主群/社群讨论,是,保值率；低使用成本；外观设计,希望在预算内获得更稳定的综合体验,价格是否值得；续航达成率；售后网络是否成熟,星光L；星愿；零跑A10,倾向本品,待定,,受访者关注保值率，主要用于城市通勤；同时对价格是否值得仍有疑问，决策中会对比星光L；星愿；零跑A10。,先围绕城市通勤场景切入，再把保值率转化为可感知体验；对价格是否值得需结合竞品对比和真实用车成本解释。,公开资料方向拟定/模拟问卷样本,基于车型定位、价格段、能源形式、公开车主口碑和公开用户画像报告拟定；仅用于产品Demo，不代表真实调研结果。,2024增换购用户需求洞察｜汽车之家研究院,https://www.autohome.com.cn/news/202409/1300865.html
S030-04,比亚迪,元UP,元UP,7.48-11.98万,5-10万,纯电动,SUV,小型,5座,北京市,2026-06-11,31-35岁,男,学生/应届,20-30万,单身,2人,否,否,无车,首购,无车,0-20万,流失/转向竞品,1-2周,本人,朋友/同事；车主评价；销售顾问,低成本出行；换新能源；空间升级,周末短途；充电便利场景,KOL评测；朋友/同事推荐,是,智能座舱；安全性；保值率,希望在预算内获得更稳定的综合体验,续航达成率；竞品是否更强,星愿；零跑A10,已购,是,,受访者关注智能座舱，主要用于周末短途；同时对续航达成率仍有疑问，决策中会对比星愿；零跑A10。,先围绕周末短途场景切入，再把智能座舱转化为可感知体验；对续航达成率需结合竞品对比和真实用车成本解释。,公开资料方向拟定/模拟问卷样本,基于车型定位、价格段、能源形式、公开车主口碑和公开用户画像报告拟定；仅用于产品Demo，不代表真实调研结果。,2024增换购用户需求洞察｜汽车之家研究院,https://www.autohome.com.cn/news/202409/1300865.html
S030-05,比亚迪,元UP,元UP,7.48-11.98万,5-10万,纯电动,SUV,小型,5座,陕西省,2026-07-13,26-30岁,女,学生/应届,20-30万,恋爱/情侣同住,1人,否,是,家中已有燃油车,增购,家中已有燃油车,0-20万,对比评估,1周内,父母参与,KOL/博主；配偶,换新能源；家庭出行升级,城市通勤；充电便利场景；周末短途,懂车帝/汽车之家口碑；KOL评测,否,安全性；空间舒适；外观设计；低使用成本,希望兼顾家人乘坐和周末出行,售后网络是否成熟；价格是否值得；售后维修成本,零跑A10；长安启源Q05,继续比较,待定,,受访者关注安全性，主要用于城市通勤；同时对售后网络是否成熟仍有疑问，决策中会对比零跑A10；长安启源Q05。,先围绕城市通勤场景切入，再把安全性转化为可感知体验；对售后网络是否成熟需结合竞品对比和真实用车成本解释。,公开资料方向拟定/模拟问卷样本,基于车型定位、价格段、能源形式、公开车主口碑和公开用户画像报告拟定；仅用于产品Demo，不代表真实调研结果。,2024增换购用户需求洞察｜汽车之家研究院,https://www.autohome.com.cn/news/202409/1300865.html
S030-06,比亚迪,元UP,元UP,7.48-11.98万,5-10万,纯电动,SUV,小型,5座,山东省,2026-07-23,18-25岁,男,企业职员,20-30万,恋爱/情侣同住,2人,否,否,无车,首购,无车,0-20万,已试驾,1-2周,本人,车主评价；朋友/同事,换新能源；通勤代步,家庭出行；周末短途,品牌直营店/4S店；小红书/抖音内容；KOL评测,是,保值率；智能驾驶；外观设计；售后服务,希望降低通勤和长途驾驶压力,续航达成率；竞品是否更强；智能化是否稳定,长安启源Q05；星光L；星愿,转向竞品,否,家人更认可竞品,受访者关注保值率，主要用于家庭出行；同时对续航达成率仍有疑问，决策中会对比长安启源Q05；星光L；星愿。,先围绕家庭出行场景切入，再把保值率转化为可感知体验；对续航达成率需结合竞品对比和真实用车成本解释。,公开资料方向拟定/模拟问卷样本,基于车型定位、价格段、能源形式、公开车主口碑和公开用户画像报告拟定；仅用于产品Demo，不代表真实调研结果。,2024增换购用户需求洞察｜汽车之家研究院,https://www.autohome.com.cn/news/202409/1300865.html
S030-07,比亚迪,元UP,元UP,7.48-11.98万,5-10万,纯电动,SUV,小型,5座,浙江省,2026-07-08,26-30岁,女,学生/应届,20-30万,单身,5人及以上,否,是,无车,首购,无车,0-20万,已下订,1周内,父母参与,车主评价；KOL/博主,家庭出行升级；通勤代步；空间升级,周末短途；充电便利场景,朋友/同事推荐；小红书/抖音内容,是,价格权益；保值率；外观设计,希望同预算下配置和权益更划算,竞品是否更强；售后网络是否成熟,星光L；星愿,倾向本品,待定,,受访者关注价格权益，主要用于周末短途；同时对竞品是否更强仍有疑问，决策中会对比星光L；星愿。,先围绕周末短途场景切入，再把价格权益转化为可感知体验；对竞品是否更强需结合竞品对比和真实用车成本解释。,公开资料方向拟定/模拟问卷样本,基于车型定位、价格段、能源形式、公开车主口碑和公开用户画像报告拟定；仅用于产品Demo，不代表真实调研结果。,2024增换购用户需求洞察｜汽车之家研究院,https://www.autohome.com.cn/news/202409/1300865.html
S030-08,比亚迪,元UP,元UP,7.48-11.98万,5-10万,纯电动,SUV,小型,5座,湖北省,2026-06-03,26-30岁,男,自由职业/内容创作者,10-20万,恋爱/情侣同住,5人及以上,否,否,无车,首购,无车,0-20万,流失/转向竞品,1-2周,本人,配偶；KOL/博主；车主评价,智能化体验；换新能源,城市通勤；周末短途；充电便利场景,品牌直营店/4S店；懂车帝/汽车之家口碑；车主群/社群讨论,否,保值率；售后服务；智能驾驶,希望降低通勤和长途驾驶压力,智能化是否稳定；售后网络是否成熟,星愿；零跑A10,价格合适会买,待定,,受访者关注保值率，主要用于城市通勤；同时对智能化是否稳定仍有疑问，决策中会对比星愿；零跑A10。,先围绕城市通勤场景切入，再把保值率转化为可感知体验；对智能化是否稳定需结合竞品对比和真实用车成本解释。,公开资料方向拟定/模拟问卷样本,基于车型定位、价格段、能源形式、公开车主口碑和公开用户画像报告拟定；仅用于产品Demo，不代表真实调研结果。,2024增换购用户需求洞察｜汽车之家研究院,https://www.autohome.com.cn/news/202409/1300865.html
S031-01,比亚迪,海豹06,海豹06,9.68-13.98万,10-20万,纯电动；非增程式插混,轿车,中型,5座,河南省,2026-07-15,31-35岁,男,企业职员,20-30万,恋爱/情侣同住,2人,否,是,无车,首购,无车,0-20万,价格谈判,2个月以上,本人,KOL/博主；配偶；车主评价,减少里程焦虑；低成本出行；换新能源,老人小孩乘坐；充电便利场景,品牌直营店/4S店；懂车帝/汽车之家口碑,否,补能便利；智能座舱；通勤舒适,希望在预算内获得更稳定的综合体验,售后网络是否成熟；增程/插混系统可靠性；底盘舒适性,秦L；秦PLUS,已购,是,,受访者关注补能便利，主要用于老人小孩乘坐；同时对售后网络是否成熟仍有疑问，决策中会对比秦L；秦PLUS。,先围绕老人小孩乘坐场景切入，再把补能便利转化为可感知体验；对售后网络是否成熟需结合竞品对比和真实用车成本解释。,公开资料方向拟定/模拟问卷样本,基于车型定位、价格段、能源形式、公开车主口碑和公开用户画像报告拟定；仅用于产品Demo，不代表真实调研结果。,2024增换购用户需求洞察｜汽车之家研究院,https://www.autohome.com.cn/news/202409/1300865.html
S031-02,比亚迪,海豹06,海豹06,9.68-13.98万,10-20万,纯电动；非增程式插混,轿车,中型,5座,北京市,2026-07-22,26-30岁,男,企业职员,30-50万,恋爱/情侣同住,4人,否,否,无车,首购,无车,0-20万,已试驾,2周-1个月,本人,配偶；KOL/博主,通勤代步；换新能源,周末短途；充电便利场景；家庭出行,小红书/抖音内容；KOL评测,是,保值率；低使用成本；家庭适配；补能便利,希望兼顾家人乘坐和周末出行,价格是否值得；用车能耗/续航,秦PLUS；速腾,转向竞品,否,竞品智驾更强,受访者关注保值率，主要用于周末短途；同时对价格是否值得仍有疑问，决策中会对比秦PLUS；速腾。,先围绕周末短途场景切入，再把保值率转化为可感知体验；对价格是否值得需结合竞品对比和真实用车成本解释。,公开资料方向拟定/模拟问卷样本,基于车型定位、价格段、能源形式、公开车主口碑和公开用户画像报告拟定；仅用于产品Demo，不代表真实调研结果。,2024增换购用户需求洞察｜汽车之家研究院,https://www.autohome.com.cn/news/202409/1300865.html
S031-03,比亚迪,海豹06,海豹06,9.68-13.98万,10-20万,纯电动；非增程式插混,轿车,中型,5座,上海市,2026-06-13,31-35岁,男,企业职员,30-50万,单身,1人,否,否,无车,首购,无车,0-20万,已试驾,1-2周,家庭共同决策,朋友/同事；销售顾问；车主评价,空间升级；换新能源；智能化体验,商务接待；长途自驾；周末短途,KOL评测；小红书/抖音内容,是,智能座舱；低使用成本；售后服务,希望在预算内获得更稳定的综合体验,智能化是否稳定；补能是否方便；竞品是否更强,速腾；朗逸；秦L,继续比较,待定,,受访者关注智能座舱，主要用于商务接待；同时对智能化是否稳定仍有疑问，决策中会对比速腾；朗逸；秦L。,先围绕商务接待场景切入，再把智能座舱转化为可感知体验；对智能化是否稳定需结合竞品对比和真实用车成本解释。,公开资料方向拟定/模拟问卷样本,基于车型定位、价格段、能源形式、公开车主口碑和公开用户画像报告拟定；仅用于产品Demo，不代表真实调研结果。,2024增换购用户需求洞察｜汽车之家研究院,https://www.autohome.com.cn/news/202409/1300865.html
S031-04,比亚迪,海豹06,海豹06,9.68-13.98万,10-20万,纯电动；非增程式插混,轿车,中型,5座,重庆市,2026-07-08,36-40岁,男,企业职员,30-50万,单身,1人,否,是,家中已有新能源车,增购,家中已有新能源车,0-20万,初步了解,1-2个月,本人+配偶,销售顾问；KOL/博主,低成本出行；空间升级；智能化体验,城市通勤；周末短途,懂车帝/汽车之家口碑；朋友/同事推荐；KOL评测,是,品牌认知；智能座舱；低使用成本；价格权益,在意品牌形象和商务/社交场景认可度；希望同预算下配置和权益更划算,续航达成率；竞品是否更强,朗逸；秦L,继续比较,待定,,受访者关注品牌认知，主要用于城市通勤；同时对续航达成率仍有疑问，决策中会对比朗逸；秦L。,先围绕城市通勤场景切入，再把品牌认知转化为可感知体验；对续航达成率需结合竞品对比和真实用车成本解释。,公开资料方向拟定/模拟问卷样本,基于车型定位、价格段、能源形式、公开车主口碑和公开用户画像报告拟定；仅用于产品Demo，不代表真实调研结果。,2024增换购用户需求洞察｜汽车之家研究院,https://www.autohome.com.cn/news/202409/1300865.html
S031-05,比亚迪,海豹06,海豹06,9.68-13.98万,10-20万,纯电动；非增程式插混,轿车,中型,5座,重庆市,2026-08-06,31-35岁,男,企业职员,30-50万,已婚一孩,3人,是,否,15-25万合资/自主车,换购,15-25万合资/自主车,0-20万,流失/转向竞品,1-2个月,本人,KOL/博主；子女；车主评价,长途/自驾；智能化体验,周末短途；充电便利场景,KOL评测；小红书/抖音内容,否,空间舒适；智能座舱；品牌认知,希望兼顾家人乘坐和周末出行；在意品牌形象和商务/社交场景认可度,后排空间是否够用；售后维修成本；竞品是否更强,秦L；秦PLUS,已下订,是,,受访者关注空间舒适，主要用于周末短途；同时对后排空间是否够用仍有疑问，决策中会对比秦L；秦PLUS。,先围绕周末短途场景切入，再把空间舒适转化为可感知体验；对后排空间是否够用需结合竞品对比和真实用车成本解释。,公开资料方向拟定/模拟问卷样本,基于车型定位、价格段、能源形式、公开车主口碑和公开用户画像报告拟定；仅用于产品Demo，不代表真实调研结果。,2024增换购用户需求洞察｜汽车之家研究院,https://www.autohome.com.cn/news/202409/1300865.html
S031-06,比亚迪,海豹06,海豹06,9.68-13.98万,10-20万,纯电动；非增程式插混,轿车,中型,5座,湖北省,2026-07-06,26-30岁,男,互联网/科技从业者,30-50万,恋爱/情侣同住,3人,否,否,无车,首购,无车,0-20万,对比评估,2周-1个月,本人+配偶,车主评价；KOL/博主；配偶,家庭出行升级；智能化体验；低成本出行,城市通勤；家庭出行；周末短途,小红书/抖音内容；车主群/社群讨论,是,通勤舒适；品牌认知；安全性；低使用成本,在意品牌形象和商务/社交场景认可度,售后维修成本；后备厢空间,秦PLUS；速腾；朗逸,价格合适会买,待定,,受访者关注通勤舒适，主要用于城市通勤；同时对售后维修成本仍有疑问，决策中会对比秦PLUS；速腾；朗逸。,先围绕城市通勤场景切入，再把通勤舒适转化为可感知体验；对售后维修成本需结合竞品对比和真实用车成本解释。,公开资料方向拟定/模拟问卷样本,基于车型定位、价格段、能源形式、公开车主口碑和公开用户画像报告拟定；仅用于产品Demo，不代表真实调研结果。,2024增换购用户需求洞察｜汽车之家研究院,https://www.autohome.com.cn/news/202409/1300865.html
S031-07,比亚迪,海豹06,海豹06,9.68-13.98万,10-20万,纯电动；非增程式插混,轿车,中型,5座,上海市,2026-08-09,26-30岁,女,互联网/科技从业者,10-20万,已婚无孩,2人,否,否,无车,首购,无车,0-20万,流失/转向竞品,2周-1个月,家庭共同决策,KOL/博主；配偶,通勤代步；低成本出行,周末短途；老人小孩乘坐,KOL评测；懂车帝/汽车之家口碑；朋友/同事推荐,否,价格权益；保值率；低使用成本；智能驾驶,希望降低通勤和长途驾驶压力；希望同预算下配置和权益更划算,增程/插混系统可靠性；售后网络是否成熟,速腾；朗逸,转向竞品,否,竞品智驾更强,受访者关注价格权益，主要用于周末短途；同时对增程/插混系统可靠性仍有疑问，决策中会对比速腾；朗逸。,先围绕周末短途场景切入，再把价格权益转化为可感知体验；对增程/插混系统可靠性需结合竞品对比和真实用车成本解释。,公开资料方向拟定/模拟问卷样本,基于车型定位、价格段、能源形式、公开车主口碑和公开用户画像报告拟定；仅用于产品Demo，不代表真实调研结果。,2024增换购用户需求洞察｜汽车之家研究院,https://www.autohome.com.cn/news/202409/1300865.html
S031-08,比亚迪,海豹06,海豹06,9.68-13.98万,10-20万,纯电动；非增程式插混,轿车,中型,5座,福建省,2026-06-16,31-35岁,男,企业职员,30-50万,已婚一孩,2人,是,否,家中已有新能源车,增购,家中已有新能源车,0-20万,已购/用车复盘,2周-1个月,本人,车主评价；子女；配偶,长途/自驾；低成本出行；减少里程焦虑,周末短途；家庭出行；城市通勤,朋友/同事推荐；车主群/社群讨论；KOL评测,否,安全性；外观设计；智能座舱；价格权益,希望同预算下配置和权益更划算,用车能耗/续航；续航达成率,朗逸；秦L,倾向本品,待定,,受访者关注安全性，主要用于周末短途；同时对用车能耗/续航仍有疑问，决策中会对比朗逸；秦L。,先围绕周末短途场景切入，再把安全性转化为可感知体验；对用车能耗/续航需结合竞品对比和真实用车成本解释。,公开资料方向拟定/模拟问卷样本,基于车型定位、价格段、能源形式、公开车主口碑和公开用户画像报告拟定；仅用于产品Demo，不代表真实调研结果。,2024增换购用户需求洞察｜汽车之家研究院,https://www.autohome.com.cn/news/202409/1300865.html
S032-01,比亚迪,秦L,秦L,9.68-15.38万,10-20万,纯电动；非增程式插混,轿车,中型,5座,福建省,2026-06-14,26-30岁,男,企业职员,10-20万,已婚一孩,5人及以上,是,否,无车,首购,无车,0-20万,已下订,2个月以上,家庭共同决策,车主评价；配偶,低成本出行；家庭出行升级,家庭出行；老人小孩乘坐,品牌直营店/4S店；懂车帝/汽车之家口碑；朋友/同事推荐,是,空间舒适；家庭适配；智能驾驶；保值率,希望兼顾家人乘坐和周末出行；希望降低通勤和长途驾驶压力,价格是否值得；补能是否方便；价格权益是否稳定,海豹06；秦PLUS,倾向本品,待定,,受访者关注空间舒适，主要用于家庭出行；同时对价格是否值得仍有疑问，决策中会对比海豹06；秦PLUS。,先围绕家庭出行场景切入，再把空间舒适转化为可感知体验；对价格是否值得需结合竞品对比和真实用车成本解释。,公开资料方向拟定/模拟问卷样本,基于车型定位、价格段、能源形式、公开车主口碑和公开用户画像报告拟定；仅用于产品Demo，不代表真实调研结果。,2024增换购用户需求洞察｜汽车之家研究院,https://www.autohome.com.cn/news/202409/1300865.html
S032-02,比亚迪,秦L,秦L,9.68-15.38万,10-20万,纯电动；非增程式插混,轿车,中型,5座,江苏省,2026-08-02,31-35岁,男,互联网/科技从业者,20-30万,已婚一孩,3人,是,否,无车,首购,无车,0-20万,对比评估,1-2个月,本人+配偶,父母；KOL/博主；配偶,换新能源；长途/自驾,充电便利场景；城市通勤；周末短途,懂车帝/汽车之家口碑；小红书/抖音内容；品牌直营店/4S店,是,空间舒适；低使用成本；保值率；外观设计,希望兼顾家人乘坐和周末出行,续航达成率；售后网络是否成熟；底盘舒适性,秦PLUS；速腾,价格合适会买,待定,,受访者关注空间舒适，主要用于充电便利场景；同时对续航达成率仍有疑问，决策中会对比秦PLUS；速腾。,先围绕充电便利场景场景切入，再把空间舒适转化为可感知体验；对续航达成率需结合竞品对比和真实用车成本解释。,公开资料方向拟定/模拟问卷样本,基于车型定位、价格段、能源形式、公开车主口碑和公开用户画像报告拟定；仅用于产品Demo，不代表真实调研结果。,2024增换购用户需求洞察｜汽车之家研究院,https://www.autohome.com.cn/news/202409/1300865.html
S032-03,比亚迪,秦L,秦L,9.68-15.38万,10-20万,纯电动；非增程式插混,轿车,中型,5座,山东省,2026-07-07,31-35岁,男,中基层管理者,20-30万,已婚无孩,2人,否,否,无车,首购,无车,0-20万,初步了解,2周-1个月,家庭共同决策,配偶；朋友/同事,空间升级；智能化体验,周末短途；长途自驾,车主群/社群讨论；懂车帝/汽车之家口碑,是,补能便利；空间舒适；售后服务；智能座舱,希望兼顾家人乘坐和周末出行,竞品是否更强；售后维修成本,速腾；朗逸；海豹06,倾向本品,待定,,受访者关注补能便利，主要用于周末短途；同时对竞品是否更强仍有疑问，决策中会对比速腾；朗逸；海豹06。,先围绕周末短途场景切入，再把补能便利转化为可感知体验；对竞品是否更强需结合竞品对比和真实用车成本解释。,公开资料方向拟定/模拟问卷样本,基于车型定位、价格段、能源形式、公开车主口碑和公开用户画像报告拟定；仅用于产品Demo，不代表真实调研结果。,2024增换购用户需求洞察｜汽车之家研究院,https://www.autohome.com.cn/news/202409/1300865.html
S032-04,比亚迪,秦L,秦L,9.68-15.38万,10-20万,纯电动；非增程式插混,轿车,中型,5座,陕西省,2026-08-28,31-35岁,男,企业职员,20-30万,已婚无孩,2人,否,否,家中已有新能源车,增购,家中已有新能源车,0-20万,初步了解,1-2周,家庭共同决策,KOL/博主；配偶；朋友/同事,减少里程焦虑；低成本出行,城市通勤；长途自驾；老人小孩乘坐,朋友/同事推荐；KOL评测,是,补能便利；品牌认知；保值率,在意品牌形象和商务/社交场景认可度,竞品是否更强；后备厢空间；底盘舒适性,朗逸；海豹06,继续比较,待定,,受访者关注补能便利，主要用于城市通勤；同时对竞品是否更强仍有疑问，决策中会对比朗逸；海豹06。,先围绕城市通勤场景切入，再把补能便利转化为可感知体验；对竞品是否更强需结合竞品对比和真实用车成本解释。,公开资料方向拟定/模拟问卷样本,基于车型定位、价格段、能源形式、公开车主口碑和公开用户画像报告拟定；仅用于产品Demo，不代表真实调研结果。,2024增换购用户需求洞察｜汽车之家研究院,https://www.autohome.com.cn/news/202409/1300865.html
S032-05,比亚迪,秦L,秦L,9.68-15.38万,10-20万,纯电动；非增程式插混,轿车,中型,5座,四川省,2026-06-15,18-25岁,女,中基层管理者,10-20万,已婚一孩,3人,是,否,无车,首购,无车,0-20万,已购/用车复盘,1-2个月,本人+配偶,车主评价；子女；父母,智能化体验；减少里程焦虑,长途自驾；商务接待,小红书/抖音内容；品牌直营店/4S店,是,保值率；智能驾驶；价格权益；空间舒适,希望兼顾家人乘坐和周末出行；希望降低通勤和长途驾驶压力；希望同预算下配置和权益更划算,用车能耗/续航；后排空间是否够用,海豹06；秦PLUS,倾向本品,待定,,受访者关注保值率，主要用于长途自驾；同时对用车能耗/续航仍有疑问，决策中会对比海豹06；秦PLUS。,先围绕长途自驾场景切入，再把保值率转化为可感知体验；对用车能耗/续航需结合竞品对比和真实用车成本解释。,公开资料方向拟定/模拟问卷样本,基于车型定位、价格段、能源形式、公开车主口碑和公开用户画像报告拟定；仅用于产品Demo，不代表真实调研结果。,2024增换购用户需求洞察｜汽车之家研究院,https://www.autohome.com.cn/news/202409/1300865.html
S032-06,比亚迪,秦L,秦L,9.68-15.38万,10-20万,纯电动；非增程式插混,轿车,中型,5座,北京市,2026-06-24,26-30岁,女,企业职员,20-30万,已婚无孩,3人,否,否,家中已有新能源车,增购,家中已有新能源车,0-20万,流失/转向竞品,1-2个月,本人,KOL/博主；车主评价；配偶,减少里程焦虑；换新能源,商务接待；充电便利场景,品牌直营店/4S店；小红书/抖音内容,是,低使用成本；安全性；保值率,希望在预算内获得更稳定的综合体验,续航达成率；后排空间是否够用；竞品是否更强,秦PLUS；速腾；朗逸,倾向本品,待定,,受访者关注低使用成本，主要用于商务接待；同时对续航达成率仍有疑问，决策中会对比秦PLUS；速腾；朗逸。,先围绕商务接待场景切入，再把低使用成本转化为可感知体验；对续航达成率需结合竞品对比和真实用车成本解释。,公开资料方向拟定/模拟问卷样本,基于车型定位、价格段、能源形式、公开车主口碑和公开用户画像报告拟定；仅用于产品Demo，不代表真实调研结果。,2024增换购用户需求洞察｜汽车之家研究院,https://www.autohome.com.cn/news/202409/1300865.html
S032-07,比亚迪,秦L,秦L,9.68-15.38万,10-20万,纯电动；非增程式插混,轿车,中型,5座,北京市,2026-07-01,31-35岁,男,企业职员,30-50万,恋爱/情侣同住,2人,否,否,15-25万合资/自主车,换购,15-25万合资/自主车,0-20万,流失/转向竞品,1-2个月,本人+配偶,配偶；KOL/博主；车主评价,家庭出行升级；低成本出行；减少里程焦虑,家庭出行；老人小孩乘坐,KOL评测；小红书/抖音内容,否,驾驶质感；低使用成本；保值率,希望在预算内获得更稳定的综合体验,底盘舒适性；用车能耗/续航；价格是否值得,速腾；朗逸,已下订,是,,受访者关注驾驶质感，主要用于家庭出行；同时对底盘舒适性仍有疑问，决策中会对比速腾；朗逸。,先围绕家庭出行场景切入，再把驾驶质感转化为可感知体验；对底盘舒适性需结合竞品对比和真实用车成本解释。,公开资料方向拟定/模拟问卷样本,基于车型定位、价格段、能源形式、公开车主口碑和公开用户画像报告拟定；仅用于产品Demo，不代表真实调研结果。,2024增换购用户需求洞察｜汽车之家研究院,https://www.autohome.com.cn/news/202409/1300865.html
S032-08,比亚迪,秦L,秦L,9.68-15.38万,10-20万,纯电动；非增程式插混,轿车,中型,5座,重庆市,2026-06-24,18-25岁,男,公务员/事业单位,20-30万,恋爱/情侣同住,2人,否,是,无车,首购,无车,0-20万,已试驾,2周-1个月,本人+配偶,车主评价；KOL/博主；朋友/同事,家庭出行升级；智能化体验,城市通勤；家庭出行；老人小孩乘坐,懂车帝/汽车之家口碑；朋友/同事推荐；KOL评测,否,家庭适配；售后服务；价格权益；补能便利,希望兼顾家人乘坐和周末出行；希望同预算下配置和权益更划算,后备厢空间；价格是否值得,朗逸；海豹06,转向竞品,否,竞品价格更低,受访者关注家庭适配，主要用于城市通勤；同时对后备厢空间仍有疑问，决策中会对比朗逸；海豹06。,先围绕城市通勤场景切入，再把家庭适配转化为可感知体验；对后备厢空间需结合竞品对比和真实用车成本解释。,公开资料方向拟定/模拟问卷样本,基于车型定位、价格段、能源形式、公开车主口碑和公开用户画像报告拟定；仅用于产品Demo，不代表真实调研结果。,2024增换购用户需求洞察｜汽车之家研究院,https://www.autohome.com.cn/news/202409/1300865.html
S033-01,长城汽车,坦克300,坦克300,19.98-23.48万,20-30万,传统燃料,SUV,紧凑型,5座,陕西省,2026-08-22,26-30岁,男,企业职员,20-30万,已婚二孩及以上,2人,是,否,15-25万合资/自主车,换购,15-25万合资/自主车,10-30万,已下订,1-2周,家庭共同决策,子女；KOL/博主,空间升级；商务接待,周末短途；城市通勤；家庭出行,车主群/社群讨论；懂车帝/汽车之家口碑；朋友/同事推荐,是,可靠性；驾驶质感；品牌认知；空间舒适,希望兼顾家人乘坐和周末出行；在意品牌形象和商务/社交场景认可度,油耗是否偏高；竞品是否更强；价格是否值得,RAV4荣放；钛7,倾向本品,待定,,受访者关注可靠性，主要用于周末短途；同时对油耗是否偏高仍有疑问，决策中会对比RAV4荣放；钛7。,先围绕周末短途场景切入，再把可靠性转化为可感知体验；对油耗是否偏高需结合竞品对比和真实用车成本解释。,公开资料方向拟定/模拟问卷样本,基于车型定位、价格段、能源形式、公开车主口碑和公开用户画像报告拟定；仅用于产品Demo，不代表真实调研结果。,2024增换购用户需求洞察｜汽车之家研究院,https://www.autohome.com.cn/news/202409/1300865.html
S033-02,长城汽车,坦克300,坦克300,19.98-23.48万,20-30万,传统燃料,SUV,紧凑型,5座,重庆市,2026-08-19,31-35岁,男,中基层管理者,50-80万,已婚二孩及以上,4人,是,否,家中已有新能源车,增购,家中已有新能源车,10-30万,对比评估,2周-1个月,本人+配偶,子女；KOL/博主,家庭出行升级；通勤代步；空间升级,城市通勤；家庭出行；周末短途,品牌直营店/4S店；懂车帝/汽车之家口碑；KOL评测,是,安全性；价格权益；售后服务,希望同预算下配置和权益更划算,保值率；保养维修费用,钛7；日产NX8,转向竞品,否,竞品智驾更强,受访者关注安全性，主要用于城市通勤；同时对保值率仍有疑问，决策中会对比钛7；日产NX8。,先围绕城市通勤场景切入，再把安全性转化为可感知体验；对保值率需结合竞品对比和真实用车成本解释。,公开资料方向拟定/模拟问卷样本,基于车型定位、价格段、能源形式、公开车主口碑和公开用户画像报告拟定；仅用于产品Demo，不代表真实调研结果。,2024增换购用户需求洞察｜汽车之家研究院,https://www.autohome.com.cn/news/202409/1300865.html
S033-03,长城汽车,坦克300,坦克300,19.98-23.48万,20-30万,传统燃料,SUV,紧凑型,5座,广东省,2026-06-16,31-35岁,女,中基层管理者,30-50万,已婚无孩,2人,否,否,无车,首购,无车,10-30万,已下订,2周-1个月,本人,朋友/同事；配偶；KOL/博主,通勤代步；空间升级；换新能源,家庭出行；城市通勤,车主群/社群讨论；朋友/同事推荐；品牌直营店/4S店,是,空间舒适；安全性；售后服务；保值率,希望兼顾家人乘坐和周末出行,价格是否值得；油耗是否偏高；车机/智能化是否落后,日产NX8；问界M6；华境S,转向竞品,否,补能/售后更方便,受访者关注空间舒适，主要用于家庭出行；同时对价格是否值得仍有疑问，决策中会对比日产NX8；问界M6；华境S。,先围绕家庭出行场景切入，再把空间舒适转化为可感知体验；对价格是否值得需结合竞品对比和真实用车成本解释。,公开资料方向拟定/模拟问卷样本,基于车型定位、价格段、能源形式、公开车主口碑和公开用户画像报告拟定；仅用于产品Demo，不代表真实调研结果。,2024增换购用户需求洞察｜汽车之家研究院,https://www.autohome.com.cn/news/202409/1300865.html
S033-04,长城汽车,坦克300,坦克300,19.98-23.48万,20-30万,传统燃料,SUV,紧凑型,5座,四川省,2026-08-12,26-30岁,男,私营业主/个体经营者,30-50万,已婚一孩,4人,是,否,无车,首购,无车,10-30万,流失/转向竞品,2周-1个月,本人+配偶,KOL/博主；配偶,换新能源；商务接待；品牌升级,周末短途；城市通勤；家庭出行,车主群/社群讨论；品牌直营店/4S店,否,空间舒适；保值率；驾驶质感；可靠性,希望兼顾家人乘坐和周末出行,油耗是否偏高；保养维修费用,问界M6；华境S,倾向本品,待定,,受访者关注空间舒适，主要用于周末短途；同时对油耗是否偏高仍有疑问，决策中会对比问界M6；华境S。,先围绕周末短途场景切入，再把空间舒适转化为可感知体验；对油耗是否偏高需结合竞品对比和真实用车成本解释。,公开资料方向拟定/模拟问卷样本,基于车型定位、价格段、能源形式、公开车主口碑和公开用户画像报告拟定；仅用于产品Demo，不代表真实调研结果。,2024增换购用户需求洞察｜汽车之家研究院,https://www.autohome.com.cn/news/202409/1300865.html
S033-05,长城汽车,坦克300,坦克300,19.98-23.48万,20-30万,传统燃料,SUV,紧凑型,5座,山东省,2026-07-06,36-40岁,不便透露,企业职员,20-30万,已婚二孩及以上,3人,是,否,无车,首购,无车,10-30万,已试驾,2个月以上,本人+配偶,配偶；子女,换新能源；空间升级,家庭出行；周末短途,小红书/抖音内容；朋友/同事推荐；懂车帝/汽车之家口碑,否,售后服务；品牌认知；可靠性,在意品牌形象和商务/社交场景认可度,油耗是否偏高；车机/智能化是否落后；价格是否值得,华境S；RAV4荣放,已下订,是,,受访者关注售后服务，主要用于家庭出行；同时对油耗是否偏高仍有疑问，决策中会对比华境S；RAV4荣放。,先围绕家庭出行场景切入，再把售后服务转化为可感知体验；对油耗是否偏高需结合竞品对比和真实用车成本解释。,公开资料方向拟定/模拟问卷样本,基于车型定位、价格段、能源形式、公开车主口碑和公开用户画像报告拟定；仅用于产品Demo，不代表真实调研结果。,2024增换购用户需求洞察｜汽车之家研究院,https://www.autohome.com.cn/news/202409/1300865.html
S033-06,长城汽车,坦克300,坦克300,19.98-23.48万,20-30万,传统燃料,SUV,紧凑型,5座,江苏省,2026-06-28,36-40岁,女,中基层管理者,30-50万,恋爱/情侣同住,1人,否,否,15-25万合资/自主车,换购,15-25万合资/自主车,10-30万,已试驾,1-2个月,本人,车主评价；朋友/同事,家庭出行升级；商务接待,城市通勤；周末短途；家庭出行,朋友/同事推荐；品牌直营店/4S店,是,售后服务；价格权益；可靠性；品牌认知,在意品牌形象和商务/社交场景认可度；希望同预算下配置和权益更划算,保养维修费用；售后维修成本；竞品是否更强,RAV4荣放；钛7；日产NX8,价格合适会买,待定,,受访者关注售后服务，主要用于城市通勤；同时对保养维修费用仍有疑问，决策中会对比RAV4荣放；钛7；日产NX8。,先围绕城市通勤场景切入，再把售后服务转化为可感知体验；对保养维修费用需结合竞品对比和真实用车成本解释。,公开资料方向拟定/模拟问卷样本,基于车型定位、价格段、能源形式、公开车主口碑和公开用户画像报告拟定；仅用于产品Demo，不代表真实调研结果。,2024增换购用户需求洞察｜汽车之家研究院,https://www.autohome.com.cn/news/202409/1300865.html
S033-07,长城汽车,坦克300,坦克300,19.98-23.48万,20-30万,传统燃料,SUV,紧凑型,5座,陕西省,2026-06-17,31-35岁,男,企业职员,30-50万,已婚无孩,5人及以上,否,否,无车,首购,无车,10-30万,对比评估,2周-1个月,本人+配偶,KOL/博主；朋友/同事,商务接待；品牌升级,家庭出行；城市通勤；周末短途,小红书/抖音内容；车主群/社群讨论；KOL评测,是,驾驶质感；空间舒适；价格权益,希望兼顾家人乘坐和周末出行；希望同预算下配置和权益更划算,竞品是否更强；保养维修费用,钛7；日产NX8,价格合适会买,待定,,受访者关注驾驶质感，主要用于家庭出行；同时对竞品是否更强仍有疑问，决策中会对比钛7；日产NX8。,先围绕家庭出行场景切入，再把驾驶质感转化为可感知体验；对竞品是否更强需结合竞品对比和真实用车成本解释。,公开资料方向拟定/模拟问卷样本,基于车型定位、价格段、能源形式、公开车主口碑和公开用户画像报告拟定；仅用于产品Demo，不代表真实调研结果。,2024增换购用户需求洞察｜汽车之家研究院,https://www.autohome.com.cn/news/202409/1300865.html
S033-08,长城汽车,坦克300,坦克300,19.98-23.48万,20-30万,传统燃料,SUV,紧凑型,5座,山东省,2026-06-09,26-30岁,女,企业职员,30-50万,已婚二孩及以上,3人,是,否,无车,首购,无车,10-30万,已购/用车复盘,1-2周,本人,配偶；子女,家庭出行升级；通勤代步,城市通勤；家庭出行,小红书/抖音内容；朋友/同事推荐,否,保值率；安全性；品牌认知,在意品牌形象和商务/社交场景认可度,价格是否值得；竞品是否更强；车机/智能化是否落后,日产NX8；问界M6,价格合适会买,待定,,受访者关注保值率，主要用于城市通勤；同时对价格是否值得仍有疑问，决策中会对比日产NX8；问界M6。,先围绕城市通勤场景切入，再把保值率转化为可感知体验；对价格是否值得需结合竞品对比和真实用车成本解释。,公开资料方向拟定/模拟问卷样本,基于车型定位、价格段、能源形式、公开车主口碑和公开用户画像报告拟定；仅用于产品Demo，不代表真实调研结果。,2024增换购用户需求洞察｜汽车之家研究院,https://www.autohome.com.cn/news/202409/1300865.html
S034-01,一汽大众,迈腾,迈腾,17.49-24.69万,20-30万,传统燃料,轿车,中型,5座,湖北省,2026-08-17,36-40岁,男,互联网/科技从业者,50-80万,恋爱/情侣同住,2人,否,否,无车,首购,无车,10-30万,已购/用车复盘,2周-1个月,本人,朋友/同事；车主评价,品牌升级；空间升级；换新能源,家庭出行；商务接待,KOL评测；小红书/抖音内容；品牌直营店/4S店,否,保值率；售后服务；品牌认知,在意品牌形象和商务/社交场景认可度,价格是否值得；售后维修成本,帕萨特；雅阁,倾向本品,待定,,受访者关注保值率，主要用于家庭出行；同时对价格是否值得仍有疑问，决策中会对比帕萨特；雅阁。,先围绕家庭出行场景切入，再把保值率转化为可感知体验；对价格是否值得需结合竞品对比和真实用车成本解释。,公开资料方向拟定/模拟问卷样本,基于车型定位、价格段、能源形式、公开车主口碑和公开用户画像报告拟定；仅用于产品Demo，不代表真实调研结果。,2024增换购用户需求洞察｜汽车之家研究院,https://www.autohome.com.cn/news/202409/1300865.html
S034-02,一汽大众,迈腾,迈腾,17.49-24.69万,20-30万,传统燃料,轿车,中型,5座,福建省,2026-06-01,26-30岁,不便透露,互联网/科技从业者,30-50万,已婚一孩,4人,是,否,家中已有新能源车,增购,家中已有新能源车,10-30万,已试驾,2周-1个月,家庭共同决策,KOL/博主；父母；子女,空间升级；品牌升级,城市通勤；周末短途,懂车帝/汽车之家口碑；小红书/抖音内容；车主群/社群讨论,是,外观设计；可靠性；售后服务,希望在预算内获得更稳定的综合体验,保值率；后备厢空间；售后维修成本,雅阁；凯美瑞,已购,是,,受访者关注外观设计，主要用于城市通勤；同时对保值率仍有疑问，决策中会对比雅阁；凯美瑞。,先围绕城市通勤场景切入，再把外观设计转化为可感知体验；对保值率需结合竞品对比和真实用车成本解释。,公开资料方向拟定/模拟问卷样本,基于车型定位、价格段、能源形式、公开车主口碑和公开用户画像报告拟定；仅用于产品Demo，不代表真实调研结果。,2024增换购用户需求洞察｜汽车之家研究院,https://www.autohome.com.cn/news/202409/1300865.html
S034-03,一汽大众,迈腾,迈腾,17.49-24.69万,20-30万,传统燃料,轿车,中型,5座,北京市,2026-06-07,26-30岁,不便透露,私营业主/个体经营者,30-50万,已婚一孩,3人,是,是,15-25万合资/自主车,换购,15-25万合资/自主车,10-30万,初步了解,2个月以上,本人+配偶,KOL/博主；车主评价；配偶,品牌升级；空间升级；换新能源,周末短途；城市通勤,小红书/抖音内容；懂车帝/汽车之家口碑,否,保值率；空间舒适；售后服务,希望兼顾家人乘坐和周末出行,底盘舒适性；保值率,凯美瑞；海豹08；小米SU7,已下订,是,,受访者关注保值率，主要用于周末短途；同时对底盘舒适性仍有疑问，决策中会对比凯美瑞；海豹08；小米SU7。,先围绕周末短途场景切入，再把保值率转化为可感知体验；对底盘舒适性需结合竞品对比和真实用车成本解释。,公开资料方向拟定/模拟问卷样本,基于车型定位、价格段、能源形式、公开车主口碑和公开用户画像报告拟定；仅用于产品Demo，不代表真实调研结果。,2024增换购用户需求洞察｜汽车之家研究院,https://www.autohome.com.cn/news/202409/1300865.html
S034-04,一汽大众,迈腾,迈腾,17.49-24.69万,20-30万,传统燃料,轿车,中型,5座,湖南省,2026-06-17,36-40岁,男,中基层管理者,30-50万,已婚无孩,3人,否,否,无车,首购,无车,10-30万,已下订,2周-1个月,家庭共同决策,朋友/同事；配偶,空间升级；换新能源；商务接待,家庭出行；城市通勤；周末短途,朋友/同事推荐；品牌直营店/4S店；车主群/社群讨论,是,品牌认知；空间舒适；价格权益；安全性,希望兼顾家人乘坐和周末出行；在意品牌形象和商务/社交场景认可度；希望同预算下配置和权益更划算,竞品是否更强；后排空间是否够用；价格是否值得,海豹08；小米SU7,价格合适会买,待定,,受访者关注品牌认知，主要用于家庭出行；同时对竞品是否更强仍有疑问，决策中会对比海豹08；小米SU7。,先围绕家庭出行场景切入，再把品牌认知转化为可感知体验；对竞品是否更强需结合竞品对比和真实用车成本解释。,公开资料方向拟定/模拟问卷样本,基于车型定位、价格段、能源形式、公开车主口碑和公开用户画像报告拟定；仅用于产品Demo，不代表真实调研结果。,2024增换购用户需求洞察｜汽车之家研究院,https://www.autohome.com.cn/news/202409/1300865.html
S034-05,一汽大众,迈腾,迈腾,17.49-24.69万,20-30万,传统燃料,轿车,中型,5座,四川省,2026-08-28,31-35岁,女,中基层管理者,20-30万,恋爱/情侣同住,2人,否,否,无车,首购,无车,10-30万,对比评估,2个月以上,本人+配偶,车主评价；朋友/同事,换新能源；家庭出行升级,家庭出行；周末短途；城市通勤,车主群/社群讨论；朋友/同事推荐,否,通勤舒适；外观设计；驾驶质感；安全性,希望在预算内获得更稳定的综合体验,后排空间是否够用；保值率；售后维修成本,小米SU7；帕萨特,倾向本品,待定,,受访者关注通勤舒适，主要用于家庭出行；同时对后排空间是否够用仍有疑问，决策中会对比小米SU7；帕萨特。,先围绕家庭出行场景切入，再把通勤舒适转化为可感知体验；对后排空间是否够用需结合竞品对比和真实用车成本解释。,公开资料方向拟定/模拟问卷样本,基于车型定位、价格段、能源形式、公开车主口碑和公开用户画像报告拟定；仅用于产品Demo，不代表真实调研结果。,2024增换购用户需求洞察｜汽车之家研究院,https://www.autohome.com.cn/news/202409/1300865.html
S034-06,一汽大众,迈腾,迈腾,17.49-24.69万,20-30万,传统燃料,轿车,中型,5座,安徽省,2026-06-21,31-35岁,男,企业职员,30-50万,已婚一孩,2人,是,否,15-25万合资/自主车,换购,15-25万合资/自主车,10-30万,对比评估,1-2个月,本人+配偶,子女；车主评价；配偶,商务接待；通勤代步；空间升级,周末短途；城市通勤,KOL评测；小红书/抖音内容；朋友/同事推荐,是,驾驶质感；品牌认知；可靠性；安全性,在意品牌形象和商务/社交场景认可度,后排空间是否够用；保值率；油耗是否偏高,帕萨特；雅阁；凯美瑞,价格合适会买,待定,,受访者关注驾驶质感，主要用于周末短途；同时对后排空间是否够用仍有疑问，决策中会对比帕萨特；雅阁；凯美瑞。,先围绕周末短途场景切入，再把驾驶质感转化为可感知体验；对后排空间是否够用需结合竞品对比和真实用车成本解释。,公开资料方向拟定/模拟问卷样本,基于车型定位、价格段、能源形式、公开车主口碑和公开用户画像报告拟定；仅用于产品Demo，不代表真实调研结果。,2024增换购用户需求洞察｜汽车之家研究院,https://www.autohome.com.cn/news/202409/1300865.html
S034-07,一汽大众,迈腾,迈腾,17.49-24.69万,20-30万,传统燃料,轿车,中型,5座,湖北省,2026-06-09,31-35岁,男,企业职员,30-50万,已婚一孩,3人,是,是,家中已有燃油车,增购,家中已有燃油车,10-30万,已购/用车复盘,2个月以上,本人,配偶；父母；子女,通勤代步；家庭出行升级,周末短途；商务接待,朋友/同事推荐；车主群/社群讨论,是,通勤舒适；外观设计；品牌认知,在意品牌形象和商务/社交场景认可度,后排空间是否够用；保值率；底盘舒适性,雅阁；凯美瑞,倾向本品,待定,,受访者关注通勤舒适，主要用于周末短途；同时对后排空间是否够用仍有疑问，决策中会对比雅阁；凯美瑞。,先围绕周末短途场景切入，再把通勤舒适转化为可感知体验；对后排空间是否够用需结合竞品对比和真实用车成本解释。,公开资料方向拟定/模拟问卷样本,基于车型定位、价格段、能源形式、公开车主口碑和公开用户画像报告拟定；仅用于产品Demo，不代表真实调研结果。,2024增换购用户需求洞察｜汽车之家研究院,https://www.autohome.com.cn/news/202409/1300865.html
S034-08,一汽大众,迈腾,迈腾,17.49-24.69万,20-30万,传统燃料,轿车,中型,5座,福建省,2026-06-15,26-30岁,男,互联网/科技从业者,30-50万,已婚一孩,4人,是,否,家中已有新能源车,增购,家中已有新能源车,10-30万,对比评估,2个月以上,本人,KOL/博主；父母,通勤代步；空间升级,商务接待；周末短途,KOL评测；品牌直营店/4S店；车主群/社群讨论,是,价格权益；安全性；品牌认知,在意品牌形象和商务/社交场景认可度；希望同预算下配置和权益更划算,售后维修成本；价格是否值得；保养维修费用,凯美瑞；海豹08,倾向本品,待定,,受访者关注价格权益，主要用于商务接待；同时对售后维修成本仍有疑问，决策中会对比凯美瑞；海豹08。,先围绕商务接待场景切入，再把价格权益转化为可感知体验；对售后维修成本需结合竞品对比和真实用车成本解释。,公开资料方向拟定/模拟问卷样本,基于车型定位、价格段、能源形式、公开车主口碑和公开用户画像报告拟定；仅用于产品Demo，不代表真实调研结果。,2024增换购用户需求洞察｜汽车之家研究院,https://www.autohome.com.cn/news/202409/1300865.html
S035-01,上汽大众,帕萨特,帕萨特,16.49-30.98万,20-30万,传统燃料,轿车,中型,5座,浙江省,2026-07-01,36-40岁,不便透露,企业职员,30-50万,已婚一孩,3人,是,是,家中已有燃油车,增购,家中已有燃油车,10-40万,已购/用车复盘,2周-1个月,本人+配偶,父母；配偶,空间升级；通勤代步；商务接待,家庭出行；商务接待,小红书/抖音内容；懂车帝/汽车之家口碑；朋友/同事推荐,否,售后服务；品牌认知；驾驶质感；可靠性,在意品牌形象和商务/社交场景认可度,竞品是否更强；售后维修成本,迈腾；宝马3系,继续比较,待定,,受访者关注售后服务，主要用于家庭出行；同时对竞品是否更强仍有疑问，决策中会对比迈腾；宝马3系。,先围绕家庭出行场景切入，再把售后服务转化为可感知体验；对竞品是否更强需结合竞品对比和真实用车成本解释。,公开资料方向拟定/模拟问卷样本,基于车型定位、价格段、能源形式、公开车主口碑和公开用户画像报告拟定；仅用于产品Demo，不代表真实调研结果。,2024增换购用户需求洞察｜汽车之家研究院,https://www.autohome.com.cn/news/202409/1300865.html
S035-02,上汽大众,帕萨特,帕萨特,16.49-30.98万,20-30万,传统燃料,轿车,中型,5座,上海市,2026-06-11,26-30岁,女,中基层管理者,50-80万,已婚一孩,1人,是,否,无车,首购,无车,10-40万,已试驾,1-2个月,家庭共同决策,配偶；子女,品牌升级；家庭出行升级；商务接待,周末短途；家庭出行；商务接待,朋友/同事推荐；小红书/抖音内容,是,售后服务；品牌认知；可靠性；安全性,在意品牌形象和商务/社交场景认可度,车机/智能化是否落后；价格是否值得,宝马3系；凯美瑞,价格合适会买,待定,,受访者关注售后服务，主要用于周末短途；同时对车机/智能化是否落后仍有疑问，决策中会对比宝马3系；凯美瑞。,先围绕周末短途场景切入，再把售后服务转化为可感知体验；对车机/智能化是否落后需结合竞品对比和真实用车成本解释。,公开资料方向拟定/模拟问卷样本,基于车型定位、价格段、能源形式、公开车主口碑和公开用户画像报告拟定；仅用于产品Demo，不代表真实调研结果。,2024增换购用户需求洞察｜汽车之家研究院,https://www.autohome.com.cn/news/202409/1300865.html
S035-03,上汽大众,帕萨特,帕萨特,16.49-30.98万,20-30万,传统燃料,轿车,中型,5座,福建省,2026-07-18,36-40岁,女,互联网/科技从业者,30-50万,已婚二孩及以上,2人,是,否,家中已有燃油车,增购,家中已有燃油车,10-40万,已下订,2周-1个月,家庭共同决策,子女；配偶；KOL/博主,空间升级；换新能源；品牌升级,家庭出行；周末短途；商务接待,朋友/同事推荐；品牌直营店/4S店,是,外观设计；驾驶质感；通勤舒适,希望在预算内获得更稳定的综合体验,售后维修成本；底盘舒适性；油耗是否偏高,凯美瑞；雅阁；奥迪A4L,转向竞品,否,品牌认可度更高,受访者关注外观设计，主要用于家庭出行；同时对售后维修成本仍有疑问，决策中会对比凯美瑞；雅阁；奥迪A4L。,先围绕家庭出行场景切入，再把外观设计转化为可感知体验；对售后维修成本需结合竞品对比和真实用车成本解释。,公开资料方向拟定/模拟问卷样本,基于车型定位、价格段、能源形式、公开车主口碑和公开用户画像报告拟定；仅用于产品Demo，不代表真实调研结果。,2024增换购用户需求洞察｜汽车之家研究院,https://www.autohome.com.cn/news/202409/1300865.html
S035-04,上汽大众,帕萨特,帕萨特,16.49-30.98万,20-30万,传统燃料,轿车,中型,5座,上海市,2026-06-20,31-35岁,女,企业职员,50-80万,已婚无孩,3人,否,否,家中已有新能源车,增购,家中已有新能源车,10-40万,初步了解,2周-1个月,本人+配偶,KOL/博主；配偶；朋友/同事,商务接待；换新能源；家庭出行升级,城市通勤；商务接待,品牌直营店/4S店；朋友/同事推荐,是,外观设计；驾驶质感；保值率,希望在预算内获得更稳定的综合体验,车机/智能化是否落后；售后维修成本；竞品是否更强,雅阁；奥迪A4L,已购,是,,受访者关注外观设计，主要用于城市通勤；同时对车机/智能化是否落后仍有疑问，决策中会对比雅阁；奥迪A4L。,先围绕城市通勤场景切入，再把外观设计转化为可感知体验；对车机/智能化是否落后需结合竞品对比和真实用车成本解释。,公开资料方向拟定/模拟问卷样本,基于车型定位、价格段、能源形式、公开车主口碑和公开用户画像报告拟定；仅用于产品Demo，不代表真实调研结果。,2024增换购用户需求洞察｜汽车之家研究院,https://www.autohome.com.cn/news/202409/1300865.html
S035-05,上汽大众,帕萨特,帕萨特,16.49-30.98万,20-30万,传统燃料,轿车,中型,5座,安徽省,2026-06-21,26-30岁,女,私营业主/个体经营者,30-50万,已婚一孩,2人,是,否,无车,首购,无车,10-40万,流失/转向竞品,1-2个月,本人+配偶,车主评价；配偶；KOL/博主,空间升级；家庭出行升级,商务接待；城市通勤；家庭出行,朋友/同事推荐；小红书/抖音内容；品牌直营店/4S店,是,安全性；驾驶质感；品牌认知；外观设计,在意品牌形象和商务/社交场景认可度,竞品是否更强；后排空间是否够用,奥迪A4L；迈腾,倾向本品,待定,,受访者关注安全性，主要用于商务接待；同时对竞品是否更强仍有疑问，决策中会对比奥迪A4L；迈腾。,先围绕商务接待场景切入，再把安全性转化为可感知体验；对竞品是否更强需结合竞品对比和真实用车成本解释。,公开资料方向拟定/模拟问卷样本,基于车型定位、价格段、能源形式、公开车主口碑和公开用户画像报告拟定；仅用于产品Demo，不代表真实调研结果。,2024增换购用户需求洞察｜汽车之家研究院,https://www.autohome.com.cn/news/202409/1300865.html
S035-06,上汽大众,帕萨特,帕萨特,16.49-30.98万,20-30万,传统燃料,轿车,中型,5座,四川省,2026-06-06,26-30岁,女,互联网/科技从业者,30-50万,已婚无孩,2人,否,否,家中已有新能源车,增购,家中已有新能源车,10-40万,对比评估,2周-1个月,本人+配偶,KOL/博主；配偶；车主评价,空间升级；通勤代步,城市通勤；周末短途,懂车帝/汽车之家口碑；KOL评测；小红书/抖音内容,是,驾驶质感；空间舒适；售后服务；可靠性,希望兼顾家人乘坐和周末出行,保养维修费用；价格是否值得；车机/智能化是否落后,迈腾；宝马3系；凯美瑞,继续比较,待定,,受访者关注驾驶质感，主要用于城市通勤；同时对保养维修费用仍有疑问，决策中会对比迈腾；宝马3系；凯美瑞。,先围绕城市通勤场景切入，再把驾驶质感转化为可感知体验；对保养维修费用需结合竞品对比和真实用车成本解释。,公开资料方向拟定/模拟问卷样本,基于车型定位、价格段、能源形式、公开车主口碑和公开用户画像报告拟定；仅用于产品Demo，不代表真实调研结果。,2024增换购用户需求洞察｜汽车之家研究院,https://www.autohome.com.cn/news/202409/1300865.html
S035-07,上汽大众,帕萨特,帕萨特,16.49-30.98万,20-30万,传统燃料,轿车,中型,5座,广东省,2026-07-21,31-35岁,男,企业职员,20-30万,恋爱/情侣同住,3人,否,是,家中已有燃油车,增购,家中已有燃油车,10-40万,已试驾,2周-1个月,本人+配偶,配偶；车主评价；朋友/同事,换新能源；品牌升级,家庭出行；商务接待；城市通勤,车主群/社群讨论；小红书/抖音内容,否,驾驶质感；品牌认知；售后服务；可靠性,在意品牌形象和商务/社交场景认可度,保养维修费用；底盘舒适性,宝马3系；凯美瑞,价格合适会买,待定,,受访者关注驾驶质感，主要用于家庭出行；同时对保养维修费用仍有疑问，决策中会对比宝马3系；凯美瑞。,先围绕家庭出行场景切入，再把驾驶质感转化为可感知体验；对保养维修费用需结合竞品对比和真实用车成本解释。,公开资料方向拟定/模拟问卷样本,基于车型定位、价格段、能源形式、公开车主口碑和公开用户画像报告拟定；仅用于产品Demo，不代表真实调研结果。,2024增换购用户需求洞察｜汽车之家研究院,https://www.autohome.com.cn/news/202409/1300865.html
S035-08,上汽大众,帕萨特,帕萨特,16.49-30.98万,20-30万,传统燃料,轿车,中型,5座,陕西省,2026-06-02,26-30岁,女,企业职员,20-30万,恋爱/情侣同住,2人,否,否,无车,首购,无车,10-40万,已购/用车复盘,2周-1个月,本人+配偶,朋友/同事；车主评价,通勤代步；品牌升级,周末短途；家庭出行；商务接待,品牌直营店/4S店；朋友/同事推荐,是,通勤舒适；外观设计；售后服务,希望在预算内获得更稳定的综合体验,底盘舒适性；后排空间是否够用,凯美瑞；雅阁,已购,是,,受访者关注通勤舒适，主要用于周末短途；同时对底盘舒适性仍有疑问，决策中会对比凯美瑞；雅阁。,先围绕周末短途场景切入，再把通勤舒适转化为可感知体验；对底盘舒适性需结合竞品对比和真实用车成本解释。,公开资料方向拟定/模拟问卷样本,基于车型定位、价格段、能源形式、公开车主口碑和公开用户画像报告拟定；仅用于产品Demo，不代表真实调研结果。,2024增换购用户需求洞察｜汽车之家研究院,https://www.autohome.com.cn/news/202409/1300865.html
S036-01,广汽本田,雅阁,雅阁,17.98-21.48万,10-20万,传统燃料,轿车,中型,5座,安徽省,2026-06-19,26-30岁,女,互联网/科技从业者,30-50万,已婚无孩,4人,否,是,15-25万合资/自主车,换购,15-25万合资/自主车,10-30万,已试驾,1-2个月,本人,车主评价；朋友/同事,换新能源；家庭出行升级；品牌升级,家庭出行；城市通勤；商务接待,小红书/抖音内容；朋友/同事推荐,否,驾驶质感；价格权益；品牌认知,在意品牌形象和商务/社交场景认可度；希望同预算下配置和权益更划算,保养维修费用；价格是否值得；油耗是否偏高,迈腾；帕萨特,倾向本品,待定,,受访者关注驾驶质感，主要用于家庭出行；同时对保养维修费用仍有疑问，决策中会对比迈腾；帕萨特。,先围绕家庭出行场景切入，再把驾驶质感转化为可感知体验；对保养维修费用需结合竞品对比和真实用车成本解释。,公开资料方向拟定/模拟问卷样本,基于车型定位、价格段、能源形式、公开车主口碑和公开用户画像报告拟定；仅用于产品Demo，不代表真实调研结果。,2024增换购用户需求洞察｜汽车之家研究院,https://www.autohome.com.cn/news/202409/1300865.html
S036-02,广汽本田,雅阁,雅阁,17.98-21.48万,10-20万,传统燃料,轿车,中型,5座,广东省,2026-06-13,36-40岁,男,中基层管理者,20-30万,单身,4人,否,否,家中已有新能源车,增购,家中已有新能源车,10-30万,流失/转向竞品,2周-1个月,家庭共同决策,KOL/博主；销售顾问；朋友/同事,空间升级；家庭出行升级；换新能源,城市通勤；周末短途,小红书/抖音内容；车主群/社群讨论,否,品牌认知；空间舒适；安全性,希望兼顾家人乘坐和周末出行；在意品牌形象和商务/社交场景认可度,保养维修费用；底盘舒适性,帕萨特；凯美瑞,转向竞品,否,竞品智驾更强,受访者关注品牌认知，主要用于城市通勤；同时对保养维修费用仍有疑问，决策中会对比帕萨特；凯美瑞。,先围绕城市通勤场景切入，再把品牌认知转化为可感知体验；对保养维修费用需结合竞品对比和真实用车成本解释。,公开资料方向拟定/模拟问卷样本,基于车型定位、价格段、能源形式、公开车主口碑和公开用户画像报告拟定；仅用于产品Demo，不代表真实调研结果。,2024增换购用户需求洞察｜汽车之家研究院,https://www.autohome.com.cn/news/202409/1300865.html
S036-03,广汽本田,雅阁,雅阁,17.98-21.48万,10-20万,传统燃料,轿车,中型,5座,浙江省,2026-06-03,36-40岁,不便透露,企业职员,30-50万,已婚无孩,4人,否,是,家中已有燃油车,增购,家中已有燃油车,10-30万,已下订,1-2个月,家庭共同决策,配偶；车主评价；KOL/博主,空间升级；换新能源,城市通勤；周末短途,朋友/同事推荐；品牌直营店/4S店；车主群/社群讨论,是,品牌认知；空间舒适；安全性；保值率,希望兼顾家人乘坐和周末出行；在意品牌形象和商务/社交场景认可度,保值率；油耗是否偏高；保养维修费用,凯美瑞；海豹08；钛7,倾向本品,待定,,受访者关注品牌认知，主要用于城市通勤；同时对保值率仍有疑问，决策中会对比凯美瑞；海豹08；钛7。,先围绕城市通勤场景切入，再把品牌认知转化为可感知体验；对保值率需结合竞品对比和真实用车成本解释。,公开资料方向拟定/模拟问卷样本,基于车型定位、价格段、能源形式、公开车主口碑和公开用户画像报告拟定；仅用于产品Demo，不代表真实调研结果。,2024增换购用户需求洞察｜汽车之家研究院,https://www.autohome.com.cn/news/202409/1300865.html
S036-04,广汽本田,雅阁,雅阁,17.98-21.48万,10-20万,传统燃料,轿车,中型,5座,湖北省,2026-06-01,26-30岁,女,互联网/科技从业者,30-50万,恋爱/情侣同住,3人,否,否,无车,首购,无车,10-30万,已试驾,2个月以上,本人+配偶,配偶；KOL/博主,商务接待；品牌升级,商务接待；周末短途,懂车帝/汽车之家口碑；小红书/抖音内容,是,品牌认知；售后服务；外观设计；安全性,在意品牌形象和商务/社交场景认可度,车机/智能化是否落后；后备厢空间；后排空间是否够用,海豹08；钛7,已购,是,,受访者关注品牌认知，主要用于商务接待；同时对车机/智能化是否落后仍有疑问，决策中会对比海豹08；钛7。,先围绕商务接待场景切入，再把品牌认知转化为可感知体验；对车机/智能化是否落后需结合竞品对比和真实用车成本解释。,公开资料方向拟定/模拟问卷样本,基于车型定位、价格段、能源形式、公开车主口碑和公开用户画像报告拟定；仅用于产品Demo，不代表真实调研结果。,2024增换购用户需求洞察｜汽车之家研究院,https://www.autohome.com.cn/news/202409/1300865.html
S036-05,广汽本田,雅阁,雅阁,17.98-21.48万,10-20万,传统燃料,轿车,中型,5座,浙江省,2026-08-21,26-30岁,男,企业职员,10-20万,恋爱/情侣同住,1人,否,否,无车,首购,无车,10-30万,对比评估,2个月以上,本人,车主评价；KOL/博主；配偶,空间升级；家庭出行升级；换新能源,商务接待；周末短途,朋友/同事推荐；小红书/抖音内容,否,通勤舒适；价格权益；空间舒适；售后服务,希望兼顾家人乘坐和周末出行；希望同预算下配置和权益更划算,车机/智能化是否落后；油耗是否偏高；底盘舒适性,钛7；迈腾,已下订,是,,受访者关注通勤舒适，主要用于商务接待；同时对车机/智能化是否落后仍有疑问，决策中会对比钛7；迈腾。,先围绕商务接待场景切入，再把通勤舒适转化为可感知体验；对车机/智能化是否落后需结合竞品对比和真实用车成本解释。,公开资料方向拟定/模拟问卷样本,基于车型定位、价格段、能源形式、公开车主口碑和公开用户画像报告拟定；仅用于产品Demo，不代表真实调研结果。,2024增换购用户需求洞察｜汽车之家研究院,https://www.autohome.com.cn/news/202409/1300865.html
S036-06,广汽本田,雅阁,雅阁,17.98-21.48万,10-20万,传统燃料,轿车,中型,5座,安徽省,2026-07-13,31-35岁,女,互联网/科技从业者,20-30万,已婚一孩,3人,是,否,无车,首购,无车,10-30万,对比评估,2周-1个月,家庭共同决策,配偶；车主评价,通勤代步；空间升级,城市通勤；家庭出行；商务接待,懂车帝/汽车之家口碑；车主群/社群讨论；KOL评测,是,品牌认知；可靠性；通勤舒适,在意品牌形象和商务/社交场景认可度,价格是否值得；保值率,迈腾；帕萨特；凯美瑞,价格合适会买,待定,,受访者关注品牌认知，主要用于城市通勤；同时对价格是否值得仍有疑问，决策中会对比迈腾；帕萨特；凯美瑞。,先围绕城市通勤场景切入，再把品牌认知转化为可感知体验；对价格是否值得需结合竞品对比和真实用车成本解释。,公开资料方向拟定/模拟问卷样本,基于车型定位、价格段、能源形式、公开车主口碑和公开用户画像报告拟定；仅用于产品Demo，不代表真实调研结果。,2024增换购用户需求洞察｜汽车之家研究院,https://www.autohome.com.cn/news/202409/1300865.html
S036-07,广汽本田,雅阁,雅阁,17.98-21.48万,10-20万,传统燃料,轿车,中型,5座,广东省,2026-06-26,31-35岁,男,企业职员,30-50万,已婚无孩,3人,否,否,无车,首购,无车,10-30万,价格谈判,1-2个月,本人+配偶,配偶；朋友/同事；车主评价,品牌升级；换新能源；商务接待,城市通勤；商务接待；家庭出行,KOL评测；朋友/同事推荐,否,空间舒适；可靠性；保值率；售后服务,希望兼顾家人乘坐和周末出行,后排空间是否够用；售后维修成本,帕萨特；凯美瑞,已下订,是,,受访者关注空间舒适，主要用于城市通勤；同时对后排空间是否够用仍有疑问，决策中会对比帕萨特；凯美瑞。,先围绕城市通勤场景切入，再把空间舒适转化为可感知体验；对后排空间是否够用需结合竞品对比和真实用车成本解释。,公开资料方向拟定/模拟问卷样本,基于车型定位、价格段、能源形式、公开车主口碑和公开用户画像报告拟定；仅用于产品Demo，不代表真实调研结果。,2024增换购用户需求洞察｜汽车之家研究院,https://www.autohome.com.cn/news/202409/1300865.html
S036-08,广汽本田,雅阁,雅阁,17.98-21.48万,10-20万,传统燃料,轿车,中型,5座,河南省,2026-08-09,31-35岁,男,互联网/科技从业者,20-30万,已婚无孩,3人,否,否,家中已有新能源车,增购,家中已有新能源车,10-30万,已购/用车复盘,1-2个月,本人+配偶,车主评价；配偶,空间升级；家庭出行升级,周末短途；商务接待,懂车帝/汽车之家口碑；车主群/社群讨论；朋友/同事推荐,是,售后服务；空间舒适；品牌认知,希望兼顾家人乘坐和周末出行；在意品牌形象和商务/社交场景认可度,底盘舒适性；后排空间是否够用；车机/智能化是否落后,凯美瑞；海豹08,继续比较,待定,,受访者关注售后服务，主要用于周末短途；同时对底盘舒适性仍有疑问，决策中会对比凯美瑞；海豹08。,先围绕周末短途场景切入，再把售后服务转化为可感知体验；对底盘舒适性需结合竞品对比和真实用车成本解释。,公开资料方向拟定/模拟问卷样本,基于车型定位、价格段、能源形式、公开车主口碑和公开用户画像报告拟定；仅用于产品Demo，不代表真实调研结果。,2024增换购用户需求洞察｜汽车之家研究院,https://www.autohome.com.cn/news/202409/1300865.html
S037-01,吉利汽车,星越L,星越L,13.98-17.77万,10-20万,传统燃料；常规混合动力,SUV,紧凑型,5座,湖南省,2026-08-25,36-40岁,男,中基层管理者,30-50万,已婚无孩,3人,否,否,15-25万合资/自主车,换购,15-25万合资/自主车,10-20万,已下订,1-2个月,本人+配偶,朋友/同事；KOL/博主,通勤代步；换新能源；品牌升级,城市通勤；家庭出行；周末短途,车主群/社群讨论；懂车帝/汽车之家口碑；小红书/抖音内容,是,安全性；可靠性；空间舒适；品牌认知,希望兼顾家人乘坐和周末出行；在意品牌形象和商务/社交场景认可度,保值率；车机/智能化是否落后,RAV4荣放；小鹏MONA L03,继续比较,待定,,受访者关注安全性，主要用于城市通勤；同时对保值率仍有疑问，决策中会对比RAV4荣放；小鹏MONA L03。,先围绕城市通勤场景切入，再把安全性转化为可感知体验；对保值率需结合竞品对比和真实用车成本解释。,公开资料方向拟定/模拟问卷样本,基于车型定位、价格段、能源形式、公开车主口碑和公开用户画像报告拟定；仅用于产品Demo，不代表真实调研结果。,2024增换购用户需求洞察｜汽车之家研究院,https://www.autohome.com.cn/news/202409/1300865.html
S037-02,吉利汽车,星越L,星越L,13.98-17.77万,10-20万,传统燃料；常规混合动力,SUV,紧凑型,5座,福建省,2026-07-21,26-30岁,男,企业职员,10-20万,单身,4人,否,否,15-25万合资/自主车,换购,15-25万合资/自主车,10-20万,已下订,1-2周,本人+配偶,KOL/博主；销售顾问,家庭出行升级；换新能源,周末短途；城市通勤；家庭出行,车主群/社群讨论；小红书/抖音内容,是,可靠性；安全性；保值率；品牌认知,在意品牌形象和商务/社交场景认可度,保值率；车机/智能化是否落后；保养维修费用,小鹏MONA L03；华境S,倾向本品,待定,,受访者关注可靠性，主要用于周末短途；同时对保值率仍有疑问，决策中会对比小鹏MONA L03；华境S。,先围绕周末短途场景切入，再把可靠性转化为可感知体验；对保值率需结合竞品对比和真实用车成本解释。,公开资料方向拟定/模拟问卷样本,基于车型定位、价格段、能源形式、公开车主口碑和公开用户画像报告拟定；仅用于产品Demo，不代表真实调研结果。,2024增换购用户需求洞察｜汽车之家研究院,https://www.autohome.com.cn/news/202409/1300865.html
S037-03,吉利汽车,星越L,星越L,13.98-17.77万,10-20万,传统燃料；常规混合动力,SUV,紧凑型,5座,河南省,2026-07-11,31-35岁,男,企业职员,30-50万,恋爱/情侣同住,3人,否,是,15-25万合资/自主车,换购,15-25万合资/自主车,10-20万,已下订,1-2个月,家庭共同决策,车主评价；配偶；朋友/同事,商务接待；空间升级；品牌升级,周末短途；家庭出行,朋友/同事推荐；车主群/社群讨论,是,保值率；品牌认知；售后服务,在意品牌形象和商务/社交场景认可度,保值率；竞品是否更强；保养维修费用,华境S；日产NX8；速腾,倾向本品,待定,,受访者关注保值率，主要用于周末短途；同时对保值率仍有疑问，决策中会对比华境S；日产NX8；速腾。,先围绕周末短途场景切入，再把保值率转化为可感知体验；对保值率需结合竞品对比和真实用车成本解释。,公开资料方向拟定/模拟问卷样本,基于车型定位、价格段、能源形式、公开车主口碑和公开用户画像报告拟定；仅用于产品Demo，不代表真实调研结果。,2024增换购用户需求洞察｜汽车之家研究院,https://www.autohome.com.cn/news/202409/1300865.html
S037-04,吉利汽车,星越L,星越L,13.98-17.77万,10-20万,传统燃料；常规混合动力,SUV,紧凑型,5座,河南省,2026-07-03,18-25岁,女,互联网/科技从业者,30-50万,已婚无孩,1人,否,否,无车,首购,无车,10-20万,已试驾,1-2周,家庭共同决策,车主评价；朋友/同事；配偶,家庭出行升级；通勤代步,周末短途；家庭出行,朋友/同事推荐；小红书/抖音内容；懂车帝/汽车之家口碑,是,安全性；品牌认知；保值率；空间舒适,希望兼顾家人乘坐和周末出行；在意品牌形象和商务/社交场景认可度,竞品是否更强；车机/智能化是否落后；油耗是否偏高,日产NX8；速腾,倾向本品,待定,,受访者关注安全性，主要用于周末短途；同时对竞品是否更强仍有疑问，决策中会对比日产NX8；速腾。,先围绕周末短途场景切入，再把安全性转化为可感知体验；对竞品是否更强需结合竞品对比和真实用车成本解释。,公开资料方向拟定/模拟问卷样本,基于车型定位、价格段、能源形式、公开车主口碑和公开用户画像报告拟定；仅用于产品Demo，不代表真实调研结果。,2024增换购用户需求洞察｜汽车之家研究院,https://www.autohome.com.cn/news/202409/1300865.html
S037-05,吉利汽车,星越L,星越L,13.98-17.77万,10-20万,传统燃料；常规混合动力,SUV,紧凑型,5座,重庆市,2026-07-14,26-30岁,女,企业职员,30-50万,已婚一孩,4人,是,否,15-25万合资/自主车,换购,15-25万合资/自主车,10-20万,价格谈判,2周-1个月,家庭共同决策,子女；KOL/博主；父母,商务接待；家庭出行升级,城市通勤；周末短途；家庭出行,朋友/同事推荐；车主群/社群讨论,是,售后服务；驾驶质感；安全性；保值率,希望在预算内获得更稳定的综合体验,保养维修费用；价格是否值得,速腾；RAV4荣放,倾向本品,待定,,受访者关注售后服务，主要用于城市通勤；同时对保养维修费用仍有疑问，决策中会对比速腾；RAV4荣放。,先围绕城市通勤场景切入，再把售后服务转化为可感知体验；对保养维修费用需结合竞品对比和真实用车成本解释。,公开资料方向拟定/模拟问卷样本,基于车型定位、价格段、能源形式、公开车主口碑和公开用户画像报告拟定；仅用于产品Demo，不代表真实调研结果。,2024增换购用户需求洞察｜汽车之家研究院,https://www.autohome.com.cn/news/202409/1300865.html
S037-06,吉利汽车,星越L,星越L,13.98-17.77万,10-20万,传统燃料；常规混合动力,SUV,紧凑型,5座,江苏省,2026-07-28,31-35岁,女,中基层管理者,30-50万,已婚无孩,5人及以上,否,否,无车,首购,无车,10-20万,已购/用车复盘,2周-1个月,本人+配偶,KOL/博主；车主评价,通勤代步；商务接待,家庭出行；周末短途；城市通勤,品牌直营店/4S店；懂车帝/汽车之家口碑；小红书/抖音内容,否,安全性；价格权益；空间舒适；可靠性,希望兼顾家人乘坐和周末出行；希望同预算下配置和权益更划算,价格是否值得；竞品是否更强；保养维修费用,RAV4荣放；小鹏MONA L03；华境S,倾向本品,待定,,受访者关注安全性，主要用于家庭出行；同时对价格是否值得仍有疑问，决策中会对比RAV4荣放；小鹏MONA L03；华境S。,先围绕家庭出行场景切入，再把安全性转化为可感知体验；对价格是否值得需结合竞品对比和真实用车成本解释。,公开资料方向拟定/模拟问卷样本,基于车型定位、价格段、能源形式、公开车主口碑和公开用户画像报告拟定；仅用于产品Demo，不代表真实调研结果。,2024增换购用户需求洞察｜汽车之家研究院,https://www.autohome.com.cn/news/202409/1300865.html
S037-07,吉利汽车,星越L,星越L,13.98-17.77万,10-20万,传统燃料；常规混合动力,SUV,紧凑型,5座,广东省,2026-07-03,26-30岁,女,企业职员,30-50万,已婚无孩,2人,否,是,无车,首购,无车,10-20万,对比评估,1-2个月,家庭共同决策,配偶；车主评价,换新能源；空间升级；通勤代步,周末短途；家庭出行；城市通勤,朋友/同事推荐；KOL评测,是,售后服务；价格权益；保值率,希望同预算下配置和权益更划算,车机/智能化是否落后；保值率,小鹏MONA L03；华境S,倾向本品,待定,,受访者关注售后服务，主要用于周末短途；同时对车机/智能化是否落后仍有疑问，决策中会对比小鹏MONA L03；华境S。,先围绕周末短途场景切入，再把售后服务转化为可感知体验；对车机/智能化是否落后需结合竞品对比和真实用车成本解释。,公开资料方向拟定/模拟问卷样本,基于车型定位、价格段、能源形式、公开车主口碑和公开用户画像报告拟定；仅用于产品Demo，不代表真实调研结果。,2024增换购用户需求洞察｜汽车之家研究院,https://www.autohome.com.cn/news/202409/1300865.html
S037-08,吉利汽车,星越L,星越L,13.98-17.77万,10-20万,传统燃料；常规混合动力,SUV,紧凑型,5座,江苏省,2026-08-15,36-40岁,不便透露,中基层管理者,20-30万,单身,3人,否,否,家中已有新能源车,增购,家中已有新能源车,10-20万,对比评估,1-2周,本人+配偶,KOL/博主；销售顾问,空间升级；品牌升级,周末短途；城市通勤,懂车帝/汽车之家口碑；车主群/社群讨论；品牌直营店/4S店,是,品牌认知；空间舒适；驾驶质感；保值率,希望兼顾家人乘坐和周末出行；在意品牌形象和商务/社交场景认可度,竞品是否更强；保值率,华境S；日产NX8,已下订,是,,受访者关注品牌认知，主要用于周末短途；同时对竞品是否更强仍有疑问，决策中会对比华境S；日产NX8。,先围绕周末短途场景切入，再把品牌认知转化为可感知体验；对竞品是否更强需结合竞品对比和真实用车成本解释。,公开资料方向拟定/模拟问卷样本,基于车型定位、价格段、能源形式、公开车主口碑和公开用户画像报告拟定；仅用于产品Demo，不代表真实调研结果。,2024增换购用户需求洞察｜汽车之家研究院,https://www.autohome.com.cn/news/202409/1300865.html
S038-01,AITO问界,问界M6,问界M6,22.98-29.98万,20-30万,纯电动；增程式插混,SUV,中大型,5座,重庆市,2026-06-18,31-35岁,男,私营业主/个体经营者,30-50万,三代同堂,5人及以上,是,是,15-25万合资/自主车,换购,15-25万合资/自主车,20-30万,对比评估,2周-1个月,本人+配偶,配偶；KOL/博主,低成本出行；高阶智驾尝鲜；智能化体验,老人小孩乘坐；城市通勤；周末短途,小红书/抖音内容；车主群/社群讨论,否,售后服务；价格权益；外观设计,希望同预算下配置和权益更划算,竞品是否更强；价格是否值得,理想L6；Model Y,倾向本品,待定,,受访者关注售后服务，主要用于老人小孩乘坐；同时对竞品是否更强仍有疑问，决策中会对比理想L6；Model Y。,先围绕老人小孩乘坐场景切入，再把售后服务转化为可感知体验；对竞品是否更强需结合竞品对比和真实用车成本解释。,公开资料方向拟定/模拟问卷样本,基于车型定位、价格段、能源形式、公开车主口碑和公开用户画像报告拟定；仅用于产品Demo，不代表真实调研结果。,2025款问界M9用户画像及满意度报告｜电动汽车用户联盟,https://www.fxbaogao.com/detail/5154312
S038-02,AITO问界,问界M6,问界M6,22.98-29.98万,20-30万,纯电动；增程式插混,SUV,中大型,5座,山东省,2026-08-16,31-35岁,不便透露,私营业主/个体经营者,20-30万,已婚二孩及以上,4人,是,是,15-25万合资/自主车,换购,15-25万合资/自主车,20-30万,对比评估,2周-1个月,家庭共同决策,子女；车主评价,智能化体验；长途/自驾,充电便利场景；长途自驾,KOL评测；车主群/社群讨论,是,空间舒适；外观设计；低使用成本；品牌信任,希望兼顾家人乘坐和周末出行,品牌归属感；售后网络是否成熟；增程/插混系统可靠性,理想L6；Model Y,继续比较,待定,,受访者关注空间舒适，主要用于充电便利场景；同时对品牌归属感仍有疑问，决策中会对比理想L6；Model Y。,先围绕充电便利场景场景切入，再把空间舒适转化为可感知体验；对品牌归属感需结合竞品对比和真实用车成本解释。,公开资料方向拟定/模拟问卷样本,基于车型定位、价格段、能源形式、公开车主口碑和公开用户画像报告拟定；仅用于产品Demo，不代表真实调研结果。,2025款问界M9用户画像及满意度报告｜电动汽车用户联盟,https://www.fxbaogao.com/detail/5154312
S038-03,AITO问界,问界M6,问界M6,22.98-29.98万,20-30万,纯电动；增程式插混,SUV,中大型,5座,浙江省,2026-06-01,31-35岁,男,互联网/科技从业者,20-30万,已婚二孩及以上,5人及以上,是,否,无车,首购,无车,20-30万,已购/用车复盘,1-2个月,本人,父母；配偶,长途/自驾；家庭出行升级,家庭出行；老人小孩乘坐；充电便利场景,朋友/同事推荐；小红书/抖音内容,是,鸿蒙座舱；保值率；价格权益；安全性,希望同预算下配置和权益更划算,增程/插混系统可靠性；智能化是否稳定；价格是否值得,理想L6；Model Y；奥迪Q5L,已购,是,,受访者关注鸿蒙座舱，主要用于家庭出行；同时对增程/插混系统可靠性仍有疑问，决策中会对比理想L6；Model Y；奥迪Q5L。,先围绕家庭出行场景切入，再把鸿蒙座舱转化为可感知体验；对增程/插混系统可靠性需结合竞品对比和真实用车成本解释。,公开资料方向拟定/模拟问卷样本,基于车型定位、价格段、能源形式、公开车主口碑和公开用户画像报告拟定；仅用于产品Demo，不代表真实调研结果。,2025款问界M9用户画像及满意度报告｜电动汽车用户联盟,https://www.fxbaogao.com/detail/5154312
S038-04,AITO问界,问界M6,问界M6,22.98-29.98万,20-30万,纯电动；增程式插混,SUV,中大型,5座,陕西省,2026-06-06,36-40岁,男,企业职员,50-80万,已婚一孩,4人,是,否,家中已有新能源车,增购,家中已有新能源车,20-30万,初步了解,2周-1个月,家庭共同决策,车主评价；配偶,低成本出行；换新能源,城市通勤；充电便利场景；长途自驾,品牌直营店/4S店；车主群/社群讨论,是,安全性；品牌信任；售后服务,希望在预算内获得更稳定的综合体验,补能是否方便；续航达成率；品牌归属感,理想L6；Model Y,倾向本品,待定,,受访者关注安全性，主要用于城市通勤；同时对补能是否方便仍有疑问，决策中会对比理想L6；Model Y。,先围绕城市通勤场景切入，再把安全性转化为可感知体验；对补能是否方便需结合竞品对比和真实用车成本解释。,公开资料方向拟定/模拟问卷样本,基于车型定位、价格段、能源形式、公开车主口碑和公开用户画像报告拟定；仅用于产品Demo，不代表真实调研结果。,2025款问界M9用户画像及满意度报告｜电动汽车用户联盟,https://www.fxbaogao.com/detail/5154312
S038-05,AITO问界,问界M6,问界M6,22.98-29.98万,20-30万,纯电动；增程式插混,SUV,中大型,5座,陕西省,2026-07-05,41-45岁,男,企业职员,30-50万,已婚一孩,4人,是,是,家中已有燃油车,增购,家中已有燃油车,20-30万,已购/用车复盘,2周-1个月,本人+配偶,子女；车主评价；父母,换新能源；长途/自驾；空间升级,城市通勤；老人小孩乘坐,品牌直营店/4S店；懂车帝/汽车之家口碑,是,低使用成本；智能驾驶；价格权益,希望降低通勤和长途驾驶压力；希望同预算下配置和权益更划算,价格是否值得；售后网络是否成熟；智驾安全边界,理想L6；Model Y,已购,是,,受访者关注低使用成本，主要用于城市通勤；同时对价格是否值得仍有疑问，决策中会对比理想L6；Model Y。,先围绕城市通勤场景切入，再把低使用成本转化为可感知体验；对价格是否值得需结合竞品对比和真实用车成本解释。,公开资料方向拟定/模拟问卷样本,基于车型定位、价格段、能源形式、公开车主口碑和公开用户画像报告拟定；仅用于产品Demo，不代表真实调研结果。,2025款问界M9用户画像及满意度报告｜电动汽车用户联盟,https://www.fxbaogao.com/detail/5154312
S038-06,AITO问界,问界M6,问界M6,22.98-29.98万,20-30万,纯电动；增程式插混,SUV,中大型,5座,北京市,2026-08-20,36-40岁,男,中基层管理者,20-30万,已婚二孩及以上,4人,是,否,家中已有新能源车,增购,家中已有新能源车,20-30万,对比评估,1-2周,本人+配偶,车主评价；子女,长途/自驾；低成本出行；空间升级,周末短途；家庭出行；充电便利场景,品牌直营店/4S店；小红书/抖音内容,否,价格权益；安全性；华为智驾；空间舒适,希望兼顾家人乘坐和周末出行；希望降低通勤和长途驾驶压力；希望同预算下配置和权益更划算,用车能耗/续航；交付/售后体验；增程/插混系统可靠性,理想L6；Model Y；奥迪Q5L,已购,是,,受访者关注价格权益，主要用于周末短途；同时对用车能耗/续航仍有疑问，决策中会对比理想L6；Model Y；奥迪Q5L。,先围绕周末短途场景切入，再把价格权益转化为可感知体验；对用车能耗/续航需结合竞品对比和真实用车成本解释。,公开资料方向拟定/模拟问卷样本,基于车型定位、价格段、能源形式、公开车主口碑和公开用户画像报告拟定；仅用于产品Demo，不代表真实调研结果。,2025款问界M9用户画像及满意度报告｜电动汽车用户联盟,https://www.fxbaogao.com/detail/5154312
S038-07,AITO问界,问界M6,问界M6,22.98-29.98万,20-30万,纯电动；增程式插混,SUV,中大型,5座,广东省,2026-07-25,36-40岁,男,私营业主/个体经营者,30-50万,已婚无孩,3人,否,否,15-25万合资/自主车,换购,15-25万合资/自主车,20-30万,已试驾,1-2周,本人+配偶,配偶；KOL/博主,高阶智驾尝鲜；换新能源,充电便利场景；城市通勤,朋友/同事推荐；车主群/社群讨论,是,保值率；价格权益；安全性；智能座舱,希望同预算下配置和权益更划算,智能化是否稳定；竞品是否更强；智驾安全边界,理想L6；Model Y,转向竞品,否,品牌认可度更高,受访者关注保值率，主要用于充电便利场景；同时对智能化是否稳定仍有疑问，决策中会对比理想L6；Model Y。,先围绕充电便利场景场景切入，再把保值率转化为可感知体验；对智能化是否稳定需结合竞品对比和真实用车成本解释。,公开资料方向拟定/模拟问卷样本,基于车型定位、价格段、能源形式、公开车主口碑和公开用户画像报告拟定；仅用于产品Demo，不代表真实调研结果。,2025款问界M9用户画像及满意度报告｜电动汽车用户联盟,https://www.fxbaogao.com/detail/5154312
S038-08,AITO问界,问界M6,问界M6,22.98-29.98万,20-30万,纯电动；增程式插混,SUV,中大型,5座,上海市,2026-06-25,31-35岁,女,企业职员,30-50万,已婚一孩,3人,是,否,家中已有新能源车,增购,家中已有新能源车,20-30万,已试驾,1-2周,本人,父母；配偶；KOL/博主,通勤代步；换新能源,充电便利场景；长途自驾,车主群/社群讨论；小红书/抖音内容；KOL评测,是,补能便利；鸿蒙座舱；华为智驾,希望降低通勤和长途驾驶压力,增程/插混系统可靠性；价格是否值得；用车能耗/续航,理想L6；Model Y,倾向本品,待定,,受访者关注补能便利，主要用于充电便利场景；同时对增程/插混系统可靠性仍有疑问，决策中会对比理想L6；Model Y。,先围绕充电便利场景场景切入，再把补能便利转化为可感知体验；对增程/插混系统可靠性需结合竞品对比和真实用车成本解释。,公开资料方向拟定/模拟问卷样本,基于车型定位、价格段、能源形式、公开车主口碑和公开用户画像报告拟定；仅用于产品Demo，不代表真实调研结果。,2025款问界M9用户画像及满意度报告｜电动汽车用户联盟,https://www.fxbaogao.com/detail/5154312
S038-09,AITO问界,问界M6,问界M6,22.98-29.98万,20-30万,纯电动；增程式插混,SUV,中大型,5座,安徽省,2026-08-15,36-40岁,女,企业职员,30-50万,已婚一孩,3人,是,否,15-25万合资/自主车,换购,15-25万合资/自主车,20-30万,对比评估,2周-1个月,本人+配偶,车主评价；子女,智能化体验；减少里程焦虑；换新能源,老人小孩乘坐；城市通勤；周末短途,朋友/同事推荐；懂车帝/汽车之家口碑；车主群/社群讨论,是,补能便利；售后服务；智能座舱；家庭适配,希望兼顾家人乘坐和周末出行,品牌归属感；售后维修成本；用车能耗/续航,理想L6；Model Y；奥迪Q5L,倾向本品,待定,,受访者关注补能便利，主要用于老人小孩乘坐；同时对品牌归属感仍有疑问，决策中会对比理想L6；Model Y；奥迪Q5L。,先围绕老人小孩乘坐场景切入，再把补能便利转化为可感知体验；对品牌归属感需结合竞品对比和真实用车成本解释。,公开资料方向拟定/模拟问卷样本,基于车型定位、价格段、能源形式、公开车主口碑和公开用户画像报告拟定；仅用于产品Demo，不代表真实调研结果。,2025款问界M9用户画像及满意度报告｜电动汽车用户联盟,https://www.fxbaogao.com/detail/5154312
S038-10,AITO问界,问界M6,问界M6,22.98-29.98万,20-30万,纯电动；增程式插混,SUV,中大型,5座,江苏省,2026-07-09,41-45岁,男,私营业主/个体经营者,30-50万,已婚一孩,5人及以上,是,否,无车,首购,无车,20-30万,对比评估,2周-1个月,本人+配偶,父母；KOL/博主；车主评价,低成本出行；长途/自驾,充电便利场景；家庭出行；老人小孩乘坐,懂车帝/汽车之家口碑；车主群/社群讨论；朋友/同事推荐,否,价格权益；智能驾驶；安全性,希望降低通勤和长途驾驶压力；希望同预算下配置和权益更划算,价格是否值得；保值率,理想L6；Model Y,倾向本品,待定,,受访者关注价格权益，主要用于充电便利场景；同时对价格是否值得仍有疑问，决策中会对比理想L6；Model Y。,先围绕充电便利场景场景切入，再把价格权益转化为可感知体验；对价格是否值得需结合竞品对比和真实用车成本解释。,公开资料方向拟定/模拟问卷样本,基于车型定位、价格段、能源形式、公开车主口碑和公开用户画像报告拟定；仅用于产品Demo，不代表真实调研结果。,2025款问界M9用户画像及满意度报告｜电动汽车用户联盟,https://www.fxbaogao.com/detail/5154312
S038-11,AITO问界,问界M6,问界M6,22.98-29.98万,20-30万,纯电动；增程式插混,SUV,中大型,5座,重庆市,2026-06-09,31-35岁,不便透露,企业职员,30-50万,已婚二孩及以上,3人,是,否,15-25万合资/自主车,换购,15-25万合资/自主车,20-30万,已试驾,1-2个月,本人+配偶,KOL/博主；配偶；子女,家庭出行升级；通勤代步；减少里程焦虑,城市通勤；充电便利场景,KOL评测；朋友/同事推荐,是,智能驾驶；低使用成本；价格权益；空间舒适,希望兼顾家人乘坐和周末出行；希望降低通勤和长途驾驶压力；希望同预算下配置和权益更划算,竞品是否更强；智能化是否稳定；补能是否方便,理想L6；Model Y,价格合适会买,待定,,受访者关注智能驾驶，主要用于城市通勤；同时对竞品是否更强仍有疑问，决策中会对比理想L6；Model Y。,先围绕城市通勤场景切入，再把智能驾驶转化为可感知体验；对竞品是否更强需结合竞品对比和真实用车成本解释。,公开资料方向拟定/模拟问卷样本,基于车型定位、价格段、能源形式、公开车主口碑和公开用户画像报告拟定；仅用于产品Demo，不代表真实调研结果。,2025款问界M9用户画像及满意度报告｜电动汽车用户联盟,https://www.fxbaogao.com/detail/5154312
S038-12,AITO问界,问界M6,问界M6,22.98-29.98万,20-30万,纯电动；增程式插混,SUV,中大型,5座,重庆市,2026-08-10,36-40岁,男,企业职员,30-50万,已婚一孩,3人,是,否,家中已有新能源车,增购,家中已有新能源车,20-30万,价格谈判,1-2个月,本人,车主评价；配偶,高阶智驾尝鲜；空间升级；家庭出行升级,家庭出行；长途自驾；老人小孩乘坐,KOL评测；车主群/社群讨论；懂车帝/汽车之家口碑,是,补能便利；低使用成本；品牌信任；保值率,希望在预算内获得更稳定的综合体验,售后维修成本；交付/售后体验,理想L6；Model Y；奥迪Q5L,价格合适会买,待定,,受访者关注补能便利，主要用于家庭出行；同时对售后维修成本仍有疑问，决策中会对比理想L6；Model Y；奥迪Q5L。,先围绕家庭出行场景切入，再把补能便利转化为可感知体验；对售后维修成本需结合竞品对比和真实用车成本解释。,公开资料方向拟定/模拟问卷样本,基于车型定位、价格段、能源形式、公开车主口碑和公开用户画像报告拟定；仅用于产品Demo，不代表真实调研结果。,2025款问界M9用户画像及满意度报告｜电动汽车用户联盟,https://www.fxbaogao.com/detail/5154312
S038-13,AITO问界,问界M6,问界M6,22.98-29.98万,20-30万,纯电动；增程式插混,SUV,中大型,5座,浙江省,2026-07-27,41-45岁,男,私营业主/个体经营者,50-80万,已婚二孩及以上,3人,是,否,15-25万合资/自主车,换购,15-25万合资/自主车,20-30万,已购/用车复盘,2周-1个月,本人,车主评价；KOL/博主；父母,减少里程焦虑；高阶智驾尝鲜；通勤代步,家庭出行；城市通勤；老人小孩乘坐,车主群/社群讨论；朋友/同事推荐；小红书/抖音内容,否,售后服务；保值率；安全性,希望在预算内获得更稳定的综合体验,智驾安全边界；售后网络是否成熟；补能是否方便,理想L6；Model Y,已购,是,,受访者关注售后服务，主要用于家庭出行；同时对智驾安全边界仍有疑问，决策中会对比理想L6；Model Y。,先围绕家庭出行场景切入，再把售后服务转化为可感知体验；对智驾安全边界需结合竞品对比和真实用车成本解释。,公开资料方向拟定/模拟问卷样本,基于车型定位、价格段、能源形式、公开车主口碑和公开用户画像报告拟定；仅用于产品Demo，不代表真实调研结果。,2025款问界M9用户画像及满意度报告｜电动汽车用户联盟,https://www.fxbaogao.com/detail/5154312
S038-14,AITO问界,问界M6,问界M6,22.98-29.98万,20-30万,纯电动；增程式插混,SUV,中大型,5座,湖北省,2026-07-10,41-45岁,女,企业职员,30-50万,已婚一孩,2人,是,是,15-25万合资/自主车,换购,15-25万合资/自主车,20-30万,流失/转向竞品,2个月以上,本人,配偶；子女,换新能源；低成本出行,周末短途；家庭出行；老人小孩乘坐,小红书/抖音内容；品牌直营店/4S店,是,保值率；低使用成本；补能便利；华为智驾,希望降低通勤和长途驾驶压力,保值率；售后网络是否成熟,理想L6；Model Y,继续比较,待定,,受访者关注保值率，主要用于周末短途；同时对保值率仍有疑问，决策中会对比理想L6；Model Y。,先围绕周末短途场景切入，再把保值率转化为可感知体验；对保值率需结合竞品对比和真实用车成本解释。,公开资料方向拟定/模拟问卷样本,基于车型定位、价格段、能源形式、公开车主口碑和公开用户画像报告拟定；仅用于产品Demo，不代表真实调研结果。,2025款问界M9用户画像及满意度报告｜电动汽车用户联盟,https://www.fxbaogao.com/detail/5154312
S038-15,AITO问界,问界M6,问界M6,22.98-29.98万,20-30万,纯电动；增程式插混,SUV,中大型,5座,湖南省,2026-06-05,36-40岁,不便透露,中基层管理者,30-50万,已婚无孩,2人,否,否,家中已有燃油车,增购,家中已有燃油车,20-30万,已购/用车复盘,1-2个月,本人,KOL/博主；朋友/同事,高阶智驾尝鲜；低成本出行,老人小孩乘坐；周末短途；长途自驾,朋友/同事推荐；KOL评测,是,价格权益；鸿蒙座舱；华为智驾；低使用成本,希望降低通勤和长途驾驶压力；希望同预算下配置和权益更划算,价格权益是否稳定；补能是否方便；交付/售后体验,理想L6；Model Y；奥迪Q5L,已购,是,,受访者关注价格权益，主要用于老人小孩乘坐；同时对价格权益是否稳定仍有疑问，决策中会对比理想L6；Model Y；奥迪Q5L。,先围绕老人小孩乘坐场景切入，再把价格权益转化为可感知体验；对价格权益是否稳定需结合竞品对比和真实用车成本解释。,公开资料方向拟定/模拟问卷样本,基于车型定位、价格段、能源形式、公开车主口碑和公开用户画像报告拟定；仅用于产品Demo，不代表真实调研结果。,2025款问界M9用户画像及满意度报告｜电动汽车用户联盟,https://www.fxbaogao.com/detail/5154312
S038-16,AITO问界,问界M6,问界M6,22.98-29.98万,20-30万,纯电动；增程式插混,SUV,中大型,5座,北京市,2026-07-06,41-45岁,女,私营业主/个体经营者,20-30万,已婚二孩及以上,5人及以上,是,否,15-25万合资/自主车,换购,15-25万合资/自主车,20-30万,对比评估,2个月以上,本人+配偶,配偶；KOL/博主,家庭出行升级；空间升级；减少里程焦虑,城市通勤；周末短途；家庭出行,品牌直营店/4S店；懂车帝/汽车之家口碑；小红书/抖音内容,是,售后服务；品牌信任；智能驾驶；补能便利,希望降低通勤和长途驾驶压力,价格是否值得；增程/插混系统可靠性；品牌归属感,理想L6；Model Y,继续比较,待定,,受访者关注售后服务，主要用于城市通勤；同时对价格是否值得仍有疑问，决策中会对比理想L6；Model Y。,先围绕城市通勤场景切入，再把售后服务转化为可感知体验；对价格是否值得需结合竞品对比和真实用车成本解释。,公开资料方向拟定/模拟问卷样本,基于车型定位、价格段、能源形式、公开车主口碑和公开用户画像报告拟定；仅用于产品Demo，不代表真实调研结果。,2025款问界M9用户画像及满意度报告｜电动汽车用户联盟,https://www.fxbaogao.com/detail/5154312
S038-17,AITO问界,问界M6,问界M6,22.98-29.98万,20-30万,纯电动；增程式插混,SUV,中大型,5座,浙江省,2026-08-25,41-45岁,不便透露,中基层管理者,50-80万,已婚一孩,4人,是,否,15-25万合资/自主车,换购,15-25万合资/自主车,20-30万,对比评估,1-2个月,本人+配偶,配偶；子女,长途/自驾；智能化体验；通勤代步,充电便利场景；长途自驾,品牌直营店/4S店；车主群/社群讨论；朋友/同事推荐,是,鸿蒙座舱；补能便利；售后服务；价格权益,希望同预算下配置和权益更划算,售后维修成本；续航达成率,理想L6；Model Y,转向竞品,否,补能/售后更方便,受访者关注鸿蒙座舱，主要用于充电便利场景；同时对售后维修成本仍有疑问，决策中会对比理想L6；Model Y。,先围绕充电便利场景场景切入，再把鸿蒙座舱转化为可感知体验；对售后维修成本需结合竞品对比和真实用车成本解释。,公开资料方向拟定/模拟问卷样本,基于车型定位、价格段、能源形式、公开车主口碑和公开用户画像报告拟定；仅用于产品Demo，不代表真实调研结果。,2025款问界M9用户画像及满意度报告｜电动汽车用户联盟,https://www.fxbaogao.com/detail/5154312
S038-18,AITO问界,问界M6,问界M6,22.98-29.98万,20-30万,纯电动；增程式插混,SUV,中大型,5座,山东省,2026-06-24,31-35岁,男,私营业主/个体经营者,30-50万,已婚无孩,1人,否,否,家中已有新能源车,增购,家中已有新能源车,20-30万,已购/用车复盘,1-2个月,家庭共同决策,KOL/博主；朋友/同事,换新能源；家庭出行升级；智能化体验,家庭出行；充电便利场景,车主群/社群讨论；小红书/抖音内容,是,空间舒适；外观设计；鸿蒙座舱,希望兼顾家人乘坐和周末出行,补能是否方便；增程/插混系统可靠性,理想L6；Model Y；奥迪Q5L,倾向本品,待定,,受访者关注空间舒适，主要用于家庭出行；同时对补能是否方便仍有疑问，决策中会对比理想L6；Model Y；奥迪Q5L。,先围绕家庭出行场景切入，再把空间舒适转化为可感知体验；对补能是否方便需结合竞品对比和真实用车成本解释。,公开资料方向拟定/模拟问卷样本,基于车型定位、价格段、能源形式、公开车主口碑和公开用户画像报告拟定；仅用于产品Demo，不代表真实调研结果。,2025款问界M9用户画像及满意度报告｜电动汽车用户联盟,https://www.fxbaogao.com/detail/5154312
S038-19,AITO问界,问界M6,问界M6,22.98-29.98万,20-30万,纯电动；增程式插混,SUV,中大型,5座,四川省,2026-08-24,31-35岁,男,互联网/科技从业者,30-50万,已婚二孩及以上,5人及以上,是,否,15-25万合资/自主车,换购,15-25万合资/自主车,20-30万,对比评估,2周-1个月,本人+配偶,配偶；子女；KOL/博主,低成本出行；智能化体验；高阶智驾尝鲜,家庭出行；城市通勤,车主群/社群讨论；小红书/抖音内容；懂车帝/汽车之家口碑,是,鸿蒙座舱；售后服务；智能驾驶；价格权益,希望降低通勤和长途驾驶压力；希望同预算下配置和权益更划算,品牌归属感；售后维修成本；竞品是否更强,理想L6；Model Y,倾向本品,待定,,受访者关注鸿蒙座舱，主要用于家庭出行；同时对品牌归属感仍有疑问，决策中会对比理想L6；Model Y。,先围绕家庭出行场景切入，再把鸿蒙座舱转化为可感知体验；对品牌归属感需结合竞品对比和真实用车成本解释。,公开资料方向拟定/模拟问卷样本,基于车型定位、价格段、能源形式、公开车主口碑和公开用户画像报告拟定；仅用于产品Demo，不代表真实调研结果。,2025款问界M9用户画像及满意度报告｜电动汽车用户联盟,https://www.fxbaogao.com/detail/5154312
S038-20,AITO问界,问界M6,问界M6,22.98-29.98万,20-30万,纯电动；增程式插混,SUV,中大型,5座,陕西省,2026-06-09,36-40岁,女,中基层管理者,30-50万,已婚无孩,3人,否,是,15-25万合资/自主车,换购,15-25万合资/自主车,20-30万,初步了解,1-2个月,家庭共同决策,KOL/博主；朋友/同事,空间升级；长途/自驾；低成本出行,老人小孩乘坐；城市通勤；周末短途,车主群/社群讨论；小红书/抖音内容；KOL评测,是,保值率；鸿蒙座舱；品牌信任,希望在预算内获得更稳定的综合体验,补能是否方便；续航达成率；交付/售后体验,理想L6；Model Y,倾向本品,待定,,受访者关注保值率，主要用于老人小孩乘坐；同时对补能是否方便仍有疑问，决策中会对比理想L6；Model Y。,先围绕老人小孩乘坐场景切入，再把保值率转化为可感知体验；对补能是否方便需结合竞品对比和真实用车成本解释。,公开资料方向拟定/模拟问卷样本,基于车型定位、价格段、能源形式、公开车主口碑和公开用户画像报告拟定；仅用于产品Demo，不代表真实调研结果。,2025款问界M9用户画像及满意度报告｜电动汽车用户联盟,https://www.fxbaogao.com/detail/5154312
S039-01,北京奔驰,奔驰C级,奔驰C级,29.99-34.56万,30-40万,常规混合动力,轿车,中型,5座,河南省,2026-06-24,36-40岁,女,私营业主/个体经营者,30-50万,已婚一孩,1人,是,否,15-25万合资/自主车,换购,15-25万合资/自主车,20-40万,已购/用车复盘,1-2个月,本人+配偶,KOL/博主；子女；车主评价,换新能源；通勤代步；空间升级,周末短途；城市通勤；家庭出行,懂车帝/汽车之家口碑；车主群/社群讨论；小红书/抖音内容,是,空间舒适；可靠性；安全性；驾驶质感,希望兼顾家人乘坐和周末出行,保养维修费用；价格是否值得,宝马3系；奥迪A4L,倾向本品,待定,,受访者关注空间舒适，主要用于周末短途；同时对保养维修费用仍有疑问，决策中会对比宝马3系；奥迪A4L。,先围绕周末短途场景切入，再把空间舒适转化为可感知体验；对保养维修费用需结合竞品对比和真实用车成本解释。,公开资料方向拟定/模拟问卷样本,基于车型定位、价格段、能源形式、公开车主口碑和公开用户画像报告拟定；仅用于产品Demo，不代表真实调研结果。,2024增换购用户需求洞察｜汽车之家研究院,https://www.autohome.com.cn/news/202409/1300865.html
S039-02,北京奔驰,奔驰C级,奔驰C级,29.99-34.56万,30-40万,常规混合动力,轿车,中型,5座,河南省,2026-08-07,36-40岁,男,中基层管理者,50-80万,已婚一孩,3人,是,是,家中已有新能源车,增购,家中已有新能源车,20-40万,对比评估,1-2个月,企业/业务需求,子女；KOL/博主,家庭出行升级；通勤代步；品牌升级,城市通勤；家庭出行；商务接待,懂车帝/汽车之家口碑；品牌直营店/4S店；朋友/同事推荐,否,空间舒适；品牌认知；保值率,希望兼顾家人乘坐和周末出行；在意品牌形象和商务/社交场景认可度,底盘舒适性；后排空间是否够用,奥迪A4L；小米SU7,倾向本品,待定,,受访者关注空间舒适，主要用于城市通勤；同时对底盘舒适性仍有疑问，决策中会对比奥迪A4L；小米SU7。,先围绕城市通勤场景切入，再把空间舒适转化为可感知体验；对底盘舒适性需结合竞品对比和真实用车成本解释。,公开资料方向拟定/模拟问卷样本,基于车型定位、价格段、能源形式、公开车主口碑和公开用户画像报告拟定；仅用于产品Demo，不代表真实调研结果。,2024增换购用户需求洞察｜汽车之家研究院,https://www.autohome.com.cn/news/202409/1300865.html
S039-03,北京奔驰,奔驰C级,奔驰C级,29.99-34.56万,30-40万,常规混合动力,轿车,中型,5座,重庆市,2026-07-20,36-40岁,女,公务员/事业单位,50-80万,商务/个人用车,3人,否,否,15-25万合资/自主车,换购,15-25万合资/自主车,20-40万,流失/转向竞品,1-2个月,本人+配偶,销售顾问；车主评价,品牌升级；家庭出行升级；换新能源,城市通勤；周末短途；商务接待,懂车帝/汽车之家口碑；KOL评测,是,通勤舒适；品牌认知；保值率,在意品牌形象和商务/社交场景认可度,后备厢空间；底盘舒适性；售后维修成本,小米SU7；凯美瑞；雅阁,已下订,是,,受访者关注通勤舒适，主要用于城市通勤；同时对后备厢空间仍有疑问，决策中会对比小米SU7；凯美瑞；雅阁。,先围绕城市通勤场景切入，再把通勤舒适转化为可感知体验；对后备厢空间需结合竞品对比和真实用车成本解释。,公开资料方向拟定/模拟问卷样本,基于车型定位、价格段、能源形式、公开车主口碑和公开用户画像报告拟定；仅用于产品Demo，不代表真实调研结果。,2024增换购用户需求洞察｜汽车之家研究院,https://www.autohome.com.cn/news/202409/1300865.html
S039-04,北京奔驰,奔驰C级,奔驰C级,29.99-34.56万,30-40万,常规混合动力,轿车,中型,5座,安徽省,2026-08-20,46岁以上,男,私营业主/个体经营者,50-80万,已婚一孩,3人,是,否,15-25万合资/自主车,换购,15-25万合资/自主车,20-40万,已试驾,1-2个月,本人,车主评价；父母,品牌升级；商务接待,周末短途；商务接待；城市通勤,KOL评测；车主群/社群讨论；品牌直营店/4S店,是,可靠性；价格权益；外观设计,希望同预算下配置和权益更划算,价格是否值得；油耗是否偏高,凯美瑞；雅阁,倾向本品,待定,,受访者关注可靠性，主要用于周末短途；同时对价格是否值得仍有疑问，决策中会对比凯美瑞；雅阁。,先围绕周末短途场景切入，再把可靠性转化为可感知体验；对价格是否值得需结合竞品对比和真实用车成本解释。,公开资料方向拟定/模拟问卷样本,基于车型定位、价格段、能源形式、公开车主口碑和公开用户画像报告拟定；仅用于产品Demo，不代表真实调研结果。,2024增换购用户需求洞察｜汽车之家研究院,https://www.autohome.com.cn/news/202409/1300865.html
S039-05,北京奔驰,奔驰C级,奔驰C级,29.99-34.56万,30-40万,常规混合动力,轿车,中型,5座,江苏省,2026-07-21,41-45岁,男,企业高管/企业主,30-50万,已婚一孩,3人,是,否,家中已有燃油车,增购,家中已有燃油车,20-40万,对比评估,1-2个月,本人+配偶,子女；配偶；车主评价,商务接待；换新能源,家庭出行；商务接待；城市通勤,小红书/抖音内容；KOL评测,是,售后服务；价格权益；品牌认知,在意品牌形象和商务/社交场景认可度；希望同预算下配置和权益更划算,价格是否值得；底盘舒适性,雅阁；宝马3系,继续比较,待定,,受访者关注售后服务，主要用于家庭出行；同时对价格是否值得仍有疑问，决策中会对比雅阁；宝马3系。,先围绕家庭出行场景切入，再把售后服务转化为可感知体验；对价格是否值得需结合竞品对比和真实用车成本解释。,公开资料方向拟定/模拟问卷样本,基于车型定位、价格段、能源形式、公开车主口碑和公开用户画像报告拟定；仅用于产品Demo，不代表真实调研结果。,2024增换购用户需求洞察｜汽车之家研究院,https://www.autohome.com.cn/news/202409/1300865.html
S039-06,北京奔驰,奔驰C级,奔驰C级,29.99-34.56万,30-40万,常规混合动力,轿车,中型,5座,江苏省,2026-08-16,36-40岁,男,金融/地产从业者,30-50万,商务/个人用车,4人,否,否,家中已有新能源车,增购,家中已有新能源车,20-40万,已试驾,1-2个月,本人,KOL/博主；朋友/同事；销售顾问,换新能源；空间升级；家庭出行升级,城市通勤；家庭出行；商务接待,懂车帝/汽车之家口碑；品牌直营店/4S店；KOL评测,是,通勤舒适；保值率；价格权益；空间舒适,希望兼顾家人乘坐和周末出行；希望同预算下配置和权益更划算,价格是否值得；保养维修费用,宝马3系；奥迪A4L；小米SU7,价格合适会买,待定,,受访者关注通勤舒适，主要用于城市通勤；同时对价格是否值得仍有疑问，决策中会对比宝马3系；奥迪A4L；小米SU7。,先围绕城市通勤场景切入，再把通勤舒适转化为可感知体验；对价格是否值得需结合竞品对比和真实用车成本解释。,公开资料方向拟定/模拟问卷样本,基于车型定位、价格段、能源形式、公开车主口碑和公开用户画像报告拟定；仅用于产品Demo，不代表真实调研结果。,2024增换购用户需求洞察｜汽车之家研究院,https://www.autohome.com.cn/news/202409/1300865.html
S039-07,北京奔驰,奔驰C级,奔驰C级,29.99-34.56万,30-40万,常规混合动力,轿车,中型,5座,重庆市,2026-07-09,31-35岁,男,私营业主/个体经营者,50-80万,已婚一孩,2人,是,否,15-25万合资/自主车,换购,15-25万合资/自主车,20-40万,流失/转向竞品,1-2个月,本人+配偶,父母；子女；KOL/博主,品牌升级；家庭出行升级；商务接待,城市通勤；家庭出行；周末短途,小红书/抖音内容；懂车帝/汽车之家口碑,是,通勤舒适；保值率；价格权益,希望同预算下配置和权益更划算,价格是否值得；车机/智能化是否落后；底盘舒适性,奥迪A4L；小米SU7,倾向本品,待定,,受访者关注通勤舒适，主要用于城市通勤；同时对价格是否值得仍有疑问，决策中会对比奥迪A4L；小米SU7。,先围绕城市通勤场景切入，再把通勤舒适转化为可感知体验；对价格是否值得需结合竞品对比和真实用车成本解释。,公开资料方向拟定/模拟问卷样本,基于车型定位、价格段、能源形式、公开车主口碑和公开用户画像报告拟定；仅用于产品Demo，不代表真实调研结果。,2024增换购用户需求洞察｜汽车之家研究院,https://www.autohome.com.cn/news/202409/1300865.html
S039-08,北京奔驰,奔驰C级,奔驰C级,29.99-34.56万,30-40万,常规混合动力,轿车,中型,5座,四川省,2026-08-28,31-35岁,男,中基层管理者,50-80万,已婚无孩,2人,否,否,15-25万合资/自主车,换购,15-25万合资/自主车,20-40万,已试驾,1-2个月,本人,车主评价；KOL/博主；配偶,品牌升级；家庭出行升级；换新能源,周末短途；城市通勤；商务接待,小红书/抖音内容；车主群/社群讨论；懂车帝/汽车之家口碑,是,空间舒适；售后服务；外观设计,希望兼顾家人乘坐和周末出行,保养维修费用；后备厢空间,小米SU7；凯美瑞,倾向本品,待定,,受访者关注空间舒适，主要用于周末短途；同时对保养维修费用仍有疑问，决策中会对比小米SU7；凯美瑞。,先围绕周末短途场景切入，再把空间舒适转化为可感知体验；对保养维修费用需结合竞品对比和真实用车成本解释。,公开资料方向拟定/模拟问卷样本,基于车型定位、价格段、能源形式、公开车主口碑和公开用户画像报告拟定；仅用于产品Demo，不代表真实调研结果。,2024增换购用户需求洞察｜汽车之家研究院,https://www.autohome.com.cn/news/202409/1300865.html
S040-01,比亚迪,海豹08,海豹08,19.69-23.99万,20-30万,纯电动；非增程式插混,轿车,中大型,5座,江苏省,2026-07-08,36-40岁,女,中基层管理者,20-30万,恋爱/情侣同住,2人,否,否,无车,首购,无车,10-30万,已下订,2周-1个月,本人+配偶,配偶；朋友/同事；车主评价,通勤代步；空间升级,商务接待；城市通勤；长途自驾,车主群/社群讨论；懂车帝/汽车之家口碑；品牌直营店/4S店,是,家庭适配；智能驾驶；售后服务；价格权益,希望兼顾家人乘坐和周末出行；希望降低通勤和长途驾驶压力；希望同预算下配置和权益更划算,价格权益是否稳定；底盘舒适性,小米SU7；迈腾,价格合适会买,待定,,受访者关注家庭适配，主要用于商务接待；同时对价格权益是否稳定仍有疑问，决策中会对比小米SU7；迈腾。,先围绕商务接待场景切入，再把家庭适配转化为可感知体验；对价格权益是否稳定需结合竞品对比和真实用车成本解释。,公开资料方向拟定/模拟问卷样本,基于车型定位、价格段、能源形式、公开车主口碑和公开用户画像报告拟定；仅用于产品Demo，不代表真实调研结果。,2024增换购用户需求洞察｜汽车之家研究院,https://www.autohome.com.cn/news/202409/1300865.html
S040-02,比亚迪,海豹08,海豹08,19.69-23.99万,20-30万,纯电动；非增程式插混,轿车,中大型,5座,山东省,2026-08-27,31-35岁,不便透露,中基层管理者,20-30万,恋爱/情侣同住,1人,否,否,无车,首购,无车,10-30万,已试驾,2周-1个月,本人,配偶；车主评价；朋友/同事,低成本出行；家庭出行升级,充电便利场景；长途自驾；老人小孩乘坐,懂车帝/汽车之家口碑；车主群/社群讨论；朋友/同事推荐,否,安全性；外观设计；价格权益；保值率,希望同预算下配置和权益更划算,价格是否值得；售后维修成本；用车能耗/续航,迈腾；帕萨特,已下订,是,,受访者关注安全性，主要用于充电便利场景；同时对价格是否值得仍有疑问，决策中会对比迈腾；帕萨特。,先围绕充电便利场景场景切入，再把安全性转化为可感知体验；对价格是否值得需结合竞品对比和真实用车成本解释。,公开资料方向拟定/模拟问卷样本,基于车型定位、价格段、能源形式、公开车主口碑和公开用户画像报告拟定；仅用于产品Demo，不代表真实调研结果。,2024增换购用户需求洞察｜汽车之家研究院,https://www.autohome.com.cn/news/202409/1300865.html
S040-03,比亚迪,海豹08,海豹08,19.69-23.99万,20-30万,纯电动；非增程式插混,轿车,中大型,5座,湖北省,2026-06-15,26-30岁,男,企业职员,30-50万,已婚一孩,5人及以上,是,否,15-25万合资/自主车,换购,15-25万合资/自主车,10-30万,初步了解,1-2个月,家庭共同决策,父母；车主评价；配偶,低成本出行；智能化体验；换新能源,城市通勤；家庭出行；充电便利场景,KOL评测；车主群/社群讨论；品牌直营店/4S店,是,价格权益；保值率；售后服务；智能驾驶,希望降低通勤和长途驾驶压力；希望同预算下配置和权益更划算,后排空间是否够用；后备厢空间；价格权益是否稳定,帕萨特；凯美瑞；雅阁,继续比较,待定,,受访者关注价格权益，主要用于城市通勤；同时对后排空间是否够用仍有疑问，决策中会对比帕萨特；凯美瑞；雅阁。,先围绕城市通勤场景切入，再把价格权益转化为可感知体验；对后排空间是否够用需结合竞品对比和真实用车成本解释。,公开资料方向拟定/模拟问卷样本,基于车型定位、价格段、能源形式、公开车主口碑和公开用户画像报告拟定；仅用于产品Demo，不代表真实调研结果。,2024增换购用户需求洞察｜汽车之家研究院,https://www.autohome.com.cn/news/202409/1300865.html
S040-04,比亚迪,海豹08,海豹08,19.69-23.99万,20-30万,纯电动；非增程式插混,轿车,中大型,5座,湖北省,2026-07-08,31-35岁,不便透露,企业职员,30-50万,已婚无孩,3人,否,否,无车,首购,无车,10-30万,已购/用车复盘,2周-1个月,家庭共同决策,朋友/同事；车主评价；配偶,换新能源；减少里程焦虑,家庭出行；长途自驾,小红书/抖音内容；车主群/社群讨论,是,价格权益；补能便利；智能驾驶,希望降低通勤和长途驾驶压力；希望同预算下配置和权益更划算,价格权益是否稳定；竞品是否更强；售后维修成本,凯美瑞；雅阁,继续比较,待定,,受访者关注价格权益，主要用于家庭出行；同时对价格权益是否稳定仍有疑问，决策中会对比凯美瑞；雅阁。,先围绕家庭出行场景切入，再把价格权益转化为可感知体验；对价格权益是否稳定需结合竞品对比和真实用车成本解释。,公开资料方向拟定/模拟问卷样本,基于车型定位、价格段、能源形式、公开车主口碑和公开用户画像报告拟定；仅用于产品Demo，不代表真实调研结果。,2024增换购用户需求洞察｜汽车之家研究院,https://www.autohome.com.cn/news/202409/1300865.html
S040-05,比亚迪,海豹08,海豹08,19.69-23.99万,20-30万,纯电动；非增程式插混,轿车,中大型,5座,安徽省,2026-06-07,31-35岁,男,企业职员,30-50万,已婚一孩,5人及以上,是,否,无车,首购,无车,10-30万,流失/转向竞品,1-2周,本人+配偶,配偶；KOL/博主,减少里程焦虑；智能化体验,老人小孩乘坐；家庭出行；周末短途,KOL评测；懂车帝/汽车之家口碑；品牌直营店/4S店,否,品牌认知；空间舒适；智能驾驶；驾驶质感,希望兼顾家人乘坐和周末出行；希望降低通勤和长途驾驶压力；在意品牌形象和商务/社交场景认可度,补能是否方便；售后网络是否成熟；增程/插混系统可靠性,雅阁；小米SU7,继续比较,待定,,受访者关注品牌认知，主要用于老人小孩乘坐；同时对补能是否方便仍有疑问，决策中会对比雅阁；小米SU7。,先围绕老人小孩乘坐场景切入，再把品牌认知转化为可感知体验；对补能是否方便需结合竞品对比和真实用车成本解释。,公开资料方向拟定/模拟问卷样本,基于车型定位、价格段、能源形式、公开车主口碑和公开用户画像报告拟定；仅用于产品Demo，不代表真实调研结果。,2024增换购用户需求洞察｜汽车之家研究院,https://www.autohome.com.cn/news/202409/1300865.html
S040-06,比亚迪,海豹08,海豹08,19.69-23.99万,20-30万,纯电动；非增程式插混,轿车,中大型,5座,陕西省,2026-07-22,26-30岁,女,企业职员,30-50万,已婚无孩,3人,否,是,无车,首购,无车,10-30万,价格谈判,2个月以上,本人,KOL/博主；配偶；车主评价,空间升级；低成本出行,商务接待；充电便利场景；老人小孩乘坐,车主群/社群讨论；懂车帝/汽车之家口碑；小红书/抖音内容,是,外观设计；智能驾驶；智能座舱；保值率,希望降低通勤和长途驾驶压力,价格权益是否稳定；底盘舒适性；智能化是否稳定,小米SU7；迈腾；帕萨特,倾向本品,待定,,受访者关注外观设计，主要用于商务接待；同时对价格权益是否稳定仍有疑问，决策中会对比小米SU7；迈腾；帕萨特。,先围绕商务接待场景切入，再把外观设计转化为可感知体验；对价格权益是否稳定需结合竞品对比和真实用车成本解释。,公开资料方向拟定/模拟问卷样本,基于车型定位、价格段、能源形式、公开车主口碑和公开用户画像报告拟定；仅用于产品Demo，不代表真实调研结果。,2024增换购用户需求洞察｜汽车之家研究院,https://www.autohome.com.cn/news/202409/1300865.html
S040-07,比亚迪,海豹08,海豹08,19.69-23.99万,20-30万,纯电动；非增程式插混,轿车,中大型,5座,福建省,2026-06-16,26-30岁,男,互联网/科技从业者,30-50万,已婚一孩,4人,是,否,无车,首购,无车,10-30万,对比评估,2周-1个月,本人,配偶；子女；父母,长途/自驾；低成本出行,家庭出行；周末短途,小红书/抖音内容；朋友/同事推荐,是,补能便利；智能座舱；驾驶质感；价格权益,希望同预算下配置和权益更划算,续航达成率；增程/插混系统可靠性,迈腾；帕萨特,倾向本品,待定,,受访者关注补能便利，主要用于家庭出行；同时对续航达成率仍有疑问，决策中会对比迈腾；帕萨特。,先围绕家庭出行场景切入，再把补能便利转化为可感知体验；对续航达成率需结合竞品对比和真实用车成本解释。,公开资料方向拟定/模拟问卷样本,基于车型定位、价格段、能源形式、公开车主口碑和公开用户画像报告拟定；仅用于产品Demo，不代表真实调研结果。,2024增换购用户需求洞察｜汽车之家研究院,https://www.autohome.com.cn/news/202409/1300865.html
S040-08,比亚迪,海豹08,海豹08,19.69-23.99万,20-30万,纯电动；非增程式插混,轿车,中大型,5座,福建省,2026-08-03,31-35岁,女,中基层管理者,20-30万,恋爱/情侣同住,4人,否,否,家中已有新能源车,增购,家中已有新能源车,10-30万,价格谈判,2周-1个月,家庭共同决策,朋友/同事；车主评价,空间升级；减少里程焦虑,老人小孩乘坐；充电便利场景,车主群/社群讨论；小红书/抖音内容；KOL评测,是,保值率；品牌认知；安全性；空间舒适,希望兼顾家人乘坐和周末出行；在意品牌形象和商务/社交场景认可度,增程/插混系统可靠性；后排空间是否够用,帕萨特；凯美瑞,继续比较,待定,,受访者关注保值率，主要用于老人小孩乘坐；同时对增程/插混系统可靠性仍有疑问，决策中会对比帕萨特；凯美瑞。,先围绕老人小孩乘坐场景切入，再把保值率转化为可感知体验；对增程/插混系统可靠性需结合竞品对比和真实用车成本解释。,公开资料方向拟定/模拟问卷样本,基于车型定位、价格段、能源形式、公开车主口碑和公开用户画像报告拟定；仅用于产品Demo，不代表真实调研结果。,2024增换购用户需求洞察｜汽车之家研究院,https://www.autohome.com.cn/news/202409/1300865.html
S041-01,理想汽车,理想i6,理想i6,24.98-26.98万,20-30万,纯电动,SUV,中大型,5座,安徽省,2026-06-21,26-30岁,男,企业职员,30-50万,恋爱/情侣同住,3人,否,否,无车,首购,无车,20-30万,已试驾,2周-1个月,家庭共同决策,车主评价；KOL/博主；配偶,通勤代步；换新能源；家庭出行升级,城市通勤；周末短途,朋友/同事推荐；品牌直营店/4S店；懂车帝/汽车之家口碑,否,售后服务；外观设计；价格权益,希望同预算下配置和权益更划算,价格是否值得；智驾是否强于竞品；车身尺寸是否好开,Model Y；小米SU7,继续比较,待定,,受访者整体对理想i6的家庭场景适配度评价较积极，关注售后服务，认为其能兼顾城市通勤与家人乘坐；主要顾虑集中在价格是否值得，决策中会对比Model Y；小米SU7。,优先从情侣/家庭共同决策和真实出行场景切入，强调空间、座舱和增程/补能确定性体验，再回应价格是否值得。,公开资料方向拟定/模拟问卷样本,基于车型定位、价格段、能源形式、公开车主口碑和公开用户画像报告拟定；仅用于产品Demo，不代表真实调研结果。,理想L6/L8公开调研与理想家庭用户口碑方向,https://www.thepaper.cn/newsDetail_forward_27214618
S041-02,理想汽车,理想i6,理想i6,24.98-26.98万,20-30万,纯电动,SUV,中大型,5座,安徽省,2026-07-27,26-30岁,女,企业职员,20-30万,已婚无孩,2人,否,否,15-25万合资/自主车,换购,15-25万合资/自主车,20-30万,价格谈判,1-2个月,本人,KOL/博主；车主评价,低成本出行；换新能源,充电便利场景；城市通勤,车主群/社群讨论；小红书/抖音内容,是,智能驾驶；空间舒适；冰箱彩电/后排娱乐,希望兼顾家人乘坐和周末出行；希望降低通勤和长途驾驶压力,智驾是否强于竞品；售后网络是否成熟,小米SU7；问界M6,已购,是,,受访者整体对理想i6的家庭场景适配度评价较积极，关注智能驾驶，认为其能兼顾充电便利场景与家人乘坐；主要顾虑集中在智驾是否强于竞品，决策中会对比小米SU7；问界M6。,优先从情侣/家庭共同决策和真实出行场景切入，强调空间、座舱和增程/补能确定性体验，再回应智驾是否强于竞品。,公开资料方向拟定/模拟问卷样本,基于车型定位、价格段、能源形式、公开车主口碑和公开用户画像报告拟定；仅用于产品Demo，不代表真实调研结果。,理想L6/L8公开调研与理想家庭用户口碑方向,https://www.thepaper.cn/newsDetail_forward_27214618
S041-03,理想汽车,理想i6,理想i6,24.98-26.98万,20-30万,纯电动,SUV,中大型,5座,福建省,2026-06-08,26-30岁,女,企业职员,30-50万,已婚一孩,1人,是,否,无车,首购,无车,20-30万,已购/用车复盘,1-2周,本人+配偶,父母；子女,智能化体验；年轻家庭第一辆改善型车,充电便利场景；周末短途；城市通勤,车主群/社群讨论；朋友/同事推荐；KOL评测,是,家庭适配；空间舒适；智能座舱；保值率,希望兼顾家人乘坐和周末出行,续航达成率；车身尺寸是否好开；补能是否方便,问界M6；极氪7X；理想L6,倾向本品,待定,,受访者整体对理想i6的家庭场景适配度评价较积极，关注家庭适配，认为其能兼顾充电便利场景与家人乘坐；主要顾虑集中在续航达成率，决策中会对比问界M6；极氪7X；理想L6。,优先从情侣/家庭共同决策和真实出行场景切入，强调空间、座舱和增程/补能确定性体验，再回应续航达成率。,公开资料方向拟定/模拟问卷样本,基于车型定位、价格段、能源形式、公开车主口碑和公开用户画像报告拟定；仅用于产品Demo，不代表真实调研结果。,理想L6/L8公开调研与理想家庭用户口碑方向,https://www.thepaper.cn/newsDetail_forward_27214618
S041-04,理想汽车,理想i6,理想i6,24.98-26.98万,20-30万,纯电动,SUV,中大型,5座,北京市,2026-06-21,26-30岁,女,企业职员,50-80万,恋爱/情侣同住,4人,否,是,家中已有新能源车,增购,家中已有新能源车,20-30万,对比评估,1-2个月,本人+配偶,朋友/同事；配偶,低成本出行；智能化体验,充电便利场景；城市通勤,车主群/社群讨论；朋友/同事推荐,是,智能驾驶；保值率；价格权益,希望降低通勤和长途驾驶压力；希望同预算下配置和权益更划算,补能是否方便；竞品是否更强；价格是否值得,极氪7X；理想L6,已下订,是,,受访者整体对理想i6的家庭场景适配度评价较积极，关注智能驾驶，认为其能兼顾充电便利场景与家人乘坐；主要顾虑集中在补能是否方便，决策中会对比极氪7X；理想L6。,优先从情侣/家庭共同决策和真实出行场景切入，强调空间、座舱和增程/补能确定性体验，再回应补能是否方便。,公开资料方向拟定/模拟问卷样本,基于车型定位、价格段、能源形式、公开车主口碑和公开用户画像报告拟定；仅用于产品Demo，不代表真实调研结果。,理想L6/L8公开调研与理想家庭用户口碑方向,https://www.thepaper.cn/newsDetail_forward_27214618
S041-05,理想汽车,理想i6,理想i6,24.98-26.98万,20-30万,纯电动,SUV,中大型,5座,四川省,2026-06-04,36-40岁,女,企业职员,30-50万,恋爱/情侣同住,4人,否,否,15-25万合资/自主车,换购,15-25万合资/自主车,20-30万,已试驾,2个月以上,家庭共同决策,配偶；KOL/博主；车主评价,智能化体验；低成本出行,城市通勤；家庭出行,品牌直营店/4S店；小红书/抖音内容,否,价格权益；售后服务；外观设计,希望同预算下配置和权益更划算,智能化是否稳定；续航达成率,理想L6；Model Y,已下订,是,,受访者整体对理想i6的家庭场景适配度评价较积极，关注价格权益，认为其能兼顾城市通勤与家人乘坐；主要顾虑集中在智能化是否稳定，决策中会对比理想L6；Model Y。,优先从情侣/家庭共同决策和真实出行场景切入，强调空间、座舱和增程/补能确定性体验，再回应智能化是否稳定。,公开资料方向拟定/模拟问卷样本,基于车型定位、价格段、能源形式、公开车主口碑和公开用户画像报告拟定；仅用于产品Demo，不代表真实调研结果。,理想L6/L8公开调研与理想家庭用户口碑方向,https://www.thepaper.cn/newsDetail_forward_27214618
S041-06,理想汽车,理想i6,理想i6,24.98-26.98万,20-30万,纯电动,SUV,中大型,5座,广东省,2026-06-17,31-35岁,女,企业职员,30-50万,恋爱/情侣同住,3人,否,是,家中已有新能源车,增购,家中已有新能源车,20-30万,已试驾,1-2个月,本人,车主评价；配偶,年轻家庭第一辆改善型车；低成本出行,周末短途；家庭出行；充电便利场景,车主群/社群讨论；朋友/同事推荐,否,家庭适配；价格权益；智能驾驶；空间舒适,希望兼顾家人乘坐和周末出行；希望降低通勤和长途驾驶压力；希望同预算下配置和权益更划算,智驾是否强于竞品；价格是否值得,Model Y；小米SU7；问界M6,价格合适会买,待定,,受访者整体对理想i6的家庭场景适配度评价较积极，关注家庭适配，认为其能兼顾周末短途与家人乘坐；主要顾虑集中在智驾是否强于竞品，决策中会对比Model Y；小米SU7；问界M6。,优先从情侣/家庭共同决策和真实出行场景切入，强调空间、座舱和增程/补能确定性体验，再回应智驾是否强于竞品。,公开资料方向拟定/模拟问卷样本,基于车型定位、价格段、能源形式、公开车主口碑和公开用户画像报告拟定；仅用于产品Demo，不代表真实调研结果。,理想L6/L8公开调研与理想家庭用户口碑方向,https://www.thepaper.cn/newsDetail_forward_27214618
S041-07,理想汽车,理想i6,理想i6,24.98-26.98万,20-30万,纯电动,SUV,中大型,5座,湖北省,2026-07-18,26-30岁,男,私营业主/个体经营者,30-50万,已婚二孩及以上,3人,是,否,无车,首购,无车,20-30万,对比评估,1-2周,家庭共同决策,子女；配偶；KOL/博主,年轻家庭第一辆改善型车；空间升级,周末短途；家庭出行,懂车帝/汽车之家口碑；小红书/抖音内容；朋友/同事推荐,否,低使用成本；家庭适配；安全性；冰箱彩电/后排娱乐,希望兼顾家人乘坐和周末出行,售后维修成本；智驾是否强于竞品,小米SU7；问界M6,倾向本品,待定,,受访者整体对理想i6的家庭场景适配度评价较积极，关注低使用成本，认为其能兼顾周末短途与家人乘坐；主要顾虑集中在售后维修成本，决策中会对比小米SU7；问界M6。,优先从情侣/家庭共同决策和真实出行场景切入，强调空间、座舱和增程/补能确定性体验，再回应售后维修成本。,公开资料方向拟定/模拟问卷样本,基于车型定位、价格段、能源形式、公开车主口碑和公开用户画像报告拟定；仅用于产品Demo，不代表真实调研结果。,理想L6/L8公开调研与理想家庭用户口碑方向,https://www.thepaper.cn/newsDetail_forward_27214618
S041-08,理想汽车,理想i6,理想i6,24.98-26.98万,20-30万,纯电动,SUV,中大型,5座,湖南省,2026-08-13,31-35岁,女,互联网/科技从业者,30-50万,已婚一孩,5人及以上,是,否,15-25万合资/自主车,换购,15-25万合资/自主车,20-30万,对比评估,2周-1个月,本人+配偶,父母；KOL/博主；子女,低成本出行；年轻家庭第一辆改善型车；智能化体验,充电便利场景；家庭出行；城市通勤,车主群/社群讨论；KOL评测,是,售后服务；家庭适配；智能驾驶；安全性,希望兼顾家人乘坐和周末出行；希望降低通勤和长途驾驶压力,智能化是否稳定；智驾是否强于竞品；保值率,问界M6；极氪7X,继续比较,待定,,受访者整体对理想i6的家庭场景适配度评价较积极，关注售后服务，认为其能兼顾充电便利场景与家人乘坐；主要顾虑集中在智能化是否稳定，决策中会对比问界M6；极氪7X。,优先从情侣/家庭共同决策和真实出行场景切入，强调空间、座舱和增程/补能确定性体验，再回应智能化是否稳定。,公开资料方向拟定/模拟问卷样本,基于车型定位、价格段、能源形式、公开车主口碑和公开用户画像报告拟定；仅用于产品Demo，不代表真实调研结果。,理想L6/L8公开调研与理想家庭用户口碑方向,https://www.thepaper.cn/newsDetail_forward_27214618
S041-09,理想汽车,理想i6,理想i6,24.98-26.98万,20-30万,纯电动,SUV,中大型,5座,北京市,2026-08-01,36-40岁,男,互联网/科技从业者,50-80万,已婚二孩及以上,4人,是,是,15-25万合资/自主车,换购,15-25万合资/自主车,20-30万,对比评估,2个月以上,本人+配偶,配偶；子女,通勤代步；年轻家庭第一辆改善型车；空间升级,家庭出行；充电便利场景；周末短途,品牌直营店/4S店；车主群/社群讨论,是,智能驾驶；外观设计；空间舒适,希望兼顾家人乘坐和周末出行；希望降低通勤和长途驾驶压力,售后维修成本；智驾是否强于竞品,极氪7X；理想L6；Model Y,价格合适会买,待定,,受访者整体对理想i6的家庭场景适配度评价较积极，关注智能驾驶，认为其能兼顾家庭出行与家人乘坐；主要顾虑集中在售后维修成本，决策中会对比极氪7X；理想L6；Model Y。,优先从情侣/家庭共同决策和真实出行场景切入，强调空间、座舱和增程/补能确定性体验，再回应售后维修成本。,公开资料方向拟定/模拟问卷样本,基于车型定位、价格段、能源形式、公开车主口碑和公开用户画像报告拟定；仅用于产品Demo，不代表真实调研结果。,理想L6/L8公开调研与理想家庭用户口碑方向,https://www.thepaper.cn/newsDetail_forward_27214618
S041-10,理想汽车,理想i6,理想i6,24.98-26.98万,20-30万,纯电动,SUV,中大型,5座,湖北省,2026-08-25,31-35岁,男,中基层管理者,30-50万,已婚无孩,2人,否,否,无车,首购,无车,20-30万,已下订,1-2个月,家庭共同决策,配偶；车主评价,换新能源；家庭出行升级,周末短途；家庭出行；城市通勤,朋友/同事推荐；懂车帝/汽车之家口碑,是,保值率；价格权益；智能座舱,希望同预算下配置和权益更划算,续航达成率；竞品是否更强；价格是否值得,理想L6；Model Y,倾向本品,待定,,受访者整体对理想i6的家庭场景适配度评价较积极，关注保值率，认为其能兼顾周末短途与家人乘坐；主要顾虑集中在续航达成率，决策中会对比理想L6；Model Y。,优先从情侣/家庭共同决策和真实出行场景切入，强调空间、座舱和增程/补能确定性体验，再回应续航达成率。,公开资料方向拟定/模拟问卷样本,基于车型定位、价格段、能源形式、公开车主口碑和公开用户画像报告拟定；仅用于产品Demo，不代表真实调研结果。,理想L6/L8公开调研与理想家庭用户口碑方向,https://www.thepaper.cn/newsDetail_forward_27214618
S041-11,理想汽车,理想i6,理想i6,24.98-26.98万,20-30万,纯电动,SUV,中大型,5座,福建省,2026-08-10,36-40岁,女,互联网/科技从业者,20-30万,恋爱/情侣同住,2人,否,否,无车,首购,无车,20-30万,已试驾,2周-1个月,本人,朋友/同事；车主评价,年轻家庭第一辆改善型车；换新能源；空间升级,家庭出行；城市通勤,懂车帝/汽车之家口碑；小红书/抖音内容；车主群/社群讨论,是,外观设计；冰箱彩电/后排娱乐；空间舒适；保值率,希望兼顾家人乘坐和周末出行,智能化是否稳定；售后网络是否成熟；竞品是否更强,Model Y；小米SU7,价格合适会买,待定,,受访者整体对理想i6的家庭场景适配度评价较积极，关注外观设计，认为其能兼顾家庭出行与家人乘坐；主要顾虑集中在智能化是否稳定，决策中会对比Model Y；小米SU7。,优先从情侣/家庭共同决策和真实出行场景切入，强调空间、座舱和增程/补能确定性体验，再回应智能化是否稳定。,公开资料方向拟定/模拟问卷样本,基于车型定位、价格段、能源形式、公开车主口碑和公开用户画像报告拟定；仅用于产品Demo，不代表真实调研结果。,理想L6/L8公开调研与理想家庭用户口碑方向,https://www.thepaper.cn/newsDetail_forward_27214618
S041-12,理想汽车,理想i6,理想i6,24.98-26.98万,20-30万,纯电动,SUV,中大型,5座,安徽省,2026-06-08,31-35岁,男,中基层管理者,30-50万,恋爱/情侣同住,2人,否,否,家中已有新能源车,增购,家中已有新能源车,20-30万,已试驾,1-2个月,本人+配偶,车主评价；配偶；朋友/同事,家庭出行升级；智能化体验,城市通勤；家庭出行；充电便利场景,懂车帝/汽车之家口碑；朋友/同事推荐；品牌直营店/4S店,是,外观设计；售后服务；智能座舱,希望在预算内获得更稳定的综合体验,智驾是否强于竞品；续航达成率,小米SU7；问界M6；极氪7X,价格合适会买,待定,,受访者整体对理想i6的家庭场景适配度评价较积极，关注外观设计，认为其能兼顾城市通勤与家人乘坐；主要顾虑集中在智驾是否强于竞品，决策中会对比小米SU7；问界M6；极氪7X。,优先从情侣/家庭共同决策和真实出行场景切入，强调空间、座舱和增程/补能确定性体验，再回应智驾是否强于竞品。,公开资料方向拟定/模拟问卷样本,基于车型定位、价格段、能源形式、公开车主口碑和公开用户画像报告拟定；仅用于产品Demo，不代表真实调研结果。,理想L6/L8公开调研与理想家庭用户口碑方向,https://www.thepaper.cn/newsDetail_forward_27214618
S041-13,理想汽车,理想i6,理想i6,24.98-26.98万,20-30万,纯电动,SUV,中大型,5座,河南省,2026-08-24,31-35岁,男,互联网/科技从业者,50-80万,恋爱/情侣同住,3人,否,否,无车,首购,无车,20-30万,流失/转向竞品,2个月以上,本人+配偶,配偶；车主评价,空间升级；家庭出行升级,家庭出行；城市通勤；充电便利场景,懂车帝/汽车之家口碑；朋友/同事推荐；KOL评测,是,外观设计；售后服务；低使用成本,希望在预算内获得更稳定的综合体验,补能是否方便；价格是否值得,问界M6；极氪7X,已购,是,,受访者整体对理想i6的家庭场景适配度评价较积极，关注外观设计，认为其能兼顾家庭出行与家人乘坐；主要顾虑集中在补能是否方便，决策中会对比问界M6；极氪7X。,优先从情侣/家庭共同决策和真实出行场景切入，强调空间、座舱和增程/补能确定性体验，再回应补能是否方便。,公开资料方向拟定/模拟问卷样本,基于车型定位、价格段、能源形式、公开车主口碑和公开用户画像报告拟定；仅用于产品Demo，不代表真实调研结果。,理想L6/L8公开调研与理想家庭用户口碑方向,https://www.thepaper.cn/newsDetail_forward_27214618
S041-14,理想汽车,理想i6,理想i6,24.98-26.98万,20-30万,纯电动,SUV,中大型,5座,广东省,2026-08-08,26-30岁,男,互联网/科技从业者,50-80万,恋爱/情侣同住,5人及以上,否,否,家中已有新能源车,增购,家中已有新能源车,20-30万,价格谈判,1-2个月,本人+配偶,配偶；车主评价,通勤代步；低成本出行；家庭出行升级,充电便利场景；城市通勤,懂车帝/汽车之家口碑；朋友/同事推荐,是,售后服务；低使用成本；智能驾驶,希望降低通勤和长途驾驶压力,智驾是否强于竞品；售后维修成本；智能化是否稳定,极氪7X；理想L6,倾向本品,待定,,受访者整体对理想i6的家庭场景适配度评价较积极，关注售后服务，认为其能兼顾充电便利场景与家人乘坐；主要顾虑集中在智驾是否强于竞品，决策中会对比极氪7X；理想L6。,优先从情侣/家庭共同决策和真实出行场景切入，强调空间、座舱和增程/补能确定性体验，再回应智驾是否强于竞品。,公开资料方向拟定/模拟问卷样本,基于车型定位、价格段、能源形式、公开车主口碑和公开用户画像报告拟定；仅用于产品Demo，不代表真实调研结果。,理想L6/L8公开调研与理想家庭用户口碑方向,https://www.thepaper.cn/newsDetail_forward_27214618
S041-15,理想汽车,理想i6,理想i6,24.98-26.98万,20-30万,纯电动,SUV,中大型,5座,北京市,2026-08-23,31-35岁,男,中基层管理者,50-80万,已婚一孩,2人,是,是,无车,首购,无车,20-30万,流失/转向竞品,2周-1个月,本人,子女；配偶,通勤代步；换新能源,家庭出行；充电便利场景；城市通勤,懂车帝/汽车之家口碑；KOL评测,是,增程无焦虑；空间舒适；外观设计；智能驾驶,希望兼顾家人乘坐和周末出行；希望降低通勤和长途驾驶压力,竞品是否更强；智驾是否强于竞品；车身尺寸是否好开,理想L6；Model Y；小米SU7,倾向本品,待定,,受访者整体对理想i6的家庭场景适配度评价较积极，关注增程无焦虑，认为其能兼顾家庭出行与家人乘坐；主要顾虑集中在竞品是否更强，决策中会对比理想L6；Model Y；小米SU7。,优先从情侣/家庭共同决策和真实出行场景切入，强调空间、座舱和增程/补能确定性体验，再回应竞品是否更强。,公开资料方向拟定/模拟问卷样本,基于车型定位、价格段、能源形式、公开车主口碑和公开用户画像报告拟定；仅用于产品Demo，不代表真实调研结果。,理想L6/L8公开调研与理想家庭用户口碑方向,https://www.thepaper.cn/newsDetail_forward_27214618
S041-16,理想汽车,理想i6,理想i6,24.98-26.98万,20-30万,纯电动,SUV,中大型,5座,陕西省,2026-06-20,26-30岁,男,互联网/科技从业者,30-50万,已婚二孩及以上,3人,是,是,家中已有新能源车,增购,家中已有新能源车,20-30万,已购/用车复盘,2周-1个月,本人+配偶,车主评价；配偶；子女,智能化体验；年轻家庭第一辆改善型车,城市通勤；充电便利场景,KOL评测；朋友/同事推荐；小红书/抖音内容,是,智能座舱；智能驾驶；安全性；低使用成本,希望降低通勤和长途驾驶压力,竞品是否更强；价格是否值得,Model Y；小米SU7,倾向本品,待定,,受访者整体对理想i6的家庭场景适配度评价较积极，关注智能座舱，认为其能兼顾城市通勤与家人乘坐；主要顾虑集中在竞品是否更强，决策中会对比Model Y；小米SU7。,优先从情侣/家庭共同决策和真实出行场景切入，强调空间、座舱和增程/补能确定性体验，再回应竞品是否更强。,公开资料方向拟定/模拟问卷样本,基于车型定位、价格段、能源形式、公开车主口碑和公开用户画像报告拟定；仅用于产品Demo，不代表真实调研结果。,理想L6/L8公开调研与理想家庭用户口碑方向,https://www.thepaper.cn/newsDetail_forward_27214618
S041-17,理想汽车,理想i6,理想i6,24.98-26.98万,20-30万,纯电动,SUV,中大型,5座,重庆市,2026-08-26,31-35岁,男,中基层管理者,20-30万,恋爱/情侣同住,3人,否,否,15-25万合资/自主车,换购,15-25万合资/自主车,20-30万,已试驾,1-2个月,家庭共同决策,KOL/博主；配偶；车主评价,年轻家庭第一辆改善型车；通勤代步,充电便利场景；城市通勤,小红书/抖音内容；车主群/社群讨论；品牌直营店/4S店,是,价格权益；智能驾驶；智能座舱；外观设计,希望降低通勤和长途驾驶压力；希望同预算下配置和权益更划算,续航达成率；售后网络是否成熟,小米SU7；问界M6,倾向本品,待定,,受访者整体对理想i6的家庭场景适配度评价较积极，关注价格权益，认为其能兼顾充电便利场景与家人乘坐；主要顾虑集中在续航达成率，决策中会对比小米SU7；问界M6。,优先从情侣/家庭共同决策和真实出行场景切入，强调空间、座舱和增程/补能确定性体验，再回应续航达成率。,公开资料方向拟定/模拟问卷样本,基于车型定位、价格段、能源形式、公开车主口碑和公开用户画像报告拟定；仅用于产品Demo，不代表真实调研结果。,理想L6/L8公开调研与理想家庭用户口碑方向,https://www.thepaper.cn/newsDetail_forward_27214618
S041-18,理想汽车,理想i6,理想i6,24.98-26.98万,20-30万,纯电动,SUV,中大型,5座,福建省,2026-08-25,26-30岁,男,中基层管理者,30-50万,已婚一孩,2人,是,否,家中已有新能源车,增购,家中已有新能源车,20-30万,已试驾,1-2周,本人,车主评价；配偶,智能化体验；低成本出行,家庭出行；充电便利场景；城市通勤,朋友/同事推荐；懂车帝/汽车之家口碑,是,保值率；价格权益；安全性,希望同预算下配置和权益更划算,OTA持续性；竞品是否更强；车身尺寸是否好开,问界M6；极氪7X；理想L6,倾向本品,待定,,受访者整体对理想i6的家庭场景适配度评价较积极，关注保值率，认为其能兼顾家庭出行与家人乘坐；主要顾虑集中在OTA持续性，决策中会对比问界M6；极氪7X；理想L6。,优先从情侣/家庭共同决策和真实出行场景切入，强调空间、座舱和增程/补能确定性体验，再回应OTA持续性。,公开资料方向拟定/模拟问卷样本,基于车型定位、价格段、能源形式、公开车主口碑和公开用户画像报告拟定；仅用于产品Demo，不代表真实调研结果。,理想L6/L8公开调研与理想家庭用户口碑方向,https://www.thepaper.cn/newsDetail_forward_27214618
S041-19,理想汽车,理想i6,理想i6,24.98-26.98万,20-30万,纯电动,SUV,中大型,5座,江苏省,2026-06-04,26-30岁,男,互联网/科技从业者,30-50万,已婚无孩,3人,否,是,15-25万合资/自主车,换购,15-25万合资/自主车,20-30万,已购/用车复盘,2周-1个月,家庭共同决策,KOL/博主；朋友/同事；车主评价,通勤代步；空间升级；智能化体验,家庭出行；周末短途,车主群/社群讨论；小红书/抖音内容；朋友/同事推荐,是,空间舒适；外观设计；售后服务,希望兼顾家人乘坐和周末出行,智驾是否强于竞品；补能是否方便；售后维修成本,极氪7X；理想L6,已下订,是,,受访者整体对理想i6的家庭场景适配度评价较积极，关注空间舒适，认为其能兼顾家庭出行与家人乘坐；主要顾虑集中在智驾是否强于竞品，决策中会对比极氪7X；理想L6。,优先从情侣/家庭共同决策和真实出行场景切入，强调空间、座舱和增程/补能确定性体验，再回应智驾是否强于竞品。,公开资料方向拟定/模拟问卷样本,基于车型定位、价格段、能源形式、公开车主口碑和公开用户画像报告拟定；仅用于产品Demo，不代表真实调研结果。,理想L6/L8公开调研与理想家庭用户口碑方向,https://www.thepaper.cn/newsDetail_forward_27214618
S041-20,理想汽车,理想i6,理想i6,24.98-26.98万,20-30万,纯电动,SUV,中大型,5座,四川省,2026-08-24,36-40岁,男,私营业主/个体经营者,50-80万,已婚一孩,2人,是,否,无车,首购,无车,20-30万,价格谈判,1-2个月,本人+配偶,父母；配偶,换新能源；空间升级,城市通勤；家庭出行；充电便利场景,小红书/抖音内容；品牌直营店/4S店；KOL评测,是,安全性；空间舒适；家庭适配；售后服务,希望兼顾家人乘坐和周末出行,保值率；售后维修成本,理想L6；Model Y,已下订,是,,受访者整体对理想i6的家庭场景适配度评价较积极，关注安全性，认为其能兼顾城市通勤与家人乘坐；主要顾虑集中在保值率，决策中会对比理想L6；Model Y。,优先从情侣/家庭共同决策和真实出行场景切入，强调空间、座舱和增程/补能确定性体验，再回应保值率。,公开资料方向拟定/模拟问卷样本,基于车型定位、价格段、能源形式、公开车主口碑和公开用户画像报告拟定；仅用于产品Demo，不代表真实调研结果。,理想L6/L8公开调研与理想家庭用户口碑方向,https://www.thepaper.cn/newsDetail_forward_27214618
S042-01,北京奔驰,奔驰GLC,奔驰GLC,35.18-46.28万,40-50万,常规混合动力,SUV,中型,5座；7座,广东省,2026-07-20,36-40岁,男,中基层管理者,50-80万,三代同堂,1人,是,是,15-25万合资/自主车,换购,15-25万合资/自主车,30-50万,对比评估,1-2个月,家庭共同决策,父母；配偶,家庭品质升级；通勤代步,多成员家庭出行；接送孩子,KOL评测；小红书/抖音内容,是,家庭适配；保值率；驾驶质感,希望兼顾家人乘坐和周末出行,停车便利性；售后维修成本,宝马X3；奥迪Q5L,倾向本品,待定,,受访者关注家庭适配，主要用于多成员家庭出行；同时对停车便利性仍有疑问，决策中会对比宝马X3；奥迪Q5L。,先围绕多成员家庭出行场景切入，再把家庭适配转化为可感知体验；对停车便利性需结合竞品对比和真实用车成本解释。,公开资料方向拟定/模拟问卷样本,基于车型定位、价格段、能源形式、公开车主口碑和公开用户画像报告拟定；仅用于产品Demo，不代表真实调研结果。,2024增换购用户需求洞察｜汽车之家研究院,https://www.autohome.com.cn/news/202409/1300865.html
S042-02,北京奔驰,奔驰GLC,奔驰GLC,35.18-46.28万,40-50万,常规混合动力,SUV,中型,5座；7座,江苏省,2026-07-28,36-40岁,不便透露,公务员/事业单位,50-80万,已婚二孩及以上,4人,是,否,15-25万合资/自主车,换购,15-25万合资/自主车,30-50万,对比评估,1-2个月,家庭共同决策,配偶；KOL/博主,家庭出行升级；商务接待,城市通勤；多成员家庭出行,懂车帝/汽车之家口碑；车主群/社群讨论,是,第三排/多人乘坐；可靠性；售后服务；保值率,希望在预算内获得更稳定的综合体验,停车便利性；保养维修费用；竞品是否更强,奥迪Q5L；Model Y,倾向本品,待定,,受访者关注第三排/多人乘坐，主要用于城市通勤；同时对停车便利性仍有疑问，决策中会对比奥迪Q5L；Model Y。,先围绕城市通勤场景切入，再把第三排/多人乘坐转化为可感知体验；对停车便利性需结合竞品对比和真实用车成本解释。,公开资料方向拟定/模拟问卷样本,基于车型定位、价格段、能源形式、公开车主口碑和公开用户画像报告拟定；仅用于产品Demo，不代表真实调研结果。,2024增换购用户需求洞察｜汽车之家研究院,https://www.autohome.com.cn/news/202409/1300865.html
S042-03,北京奔驰,奔驰GLC,奔驰GLC,35.18-46.28万,40-50万,常规混合动力,SUV,中型,5座；7座,陕西省,2026-07-03,36-40岁,男,中基层管理者,80-100万,三代同堂,3人,是,是,家中已有燃油车,增购,家中已有燃油车,30-50万,已下订,2周-1个月,家庭共同决策,车主评价；KOL/博主,家庭出行升级；空间升级,长途自驾；城市通勤,车主群/社群讨论；懂车帝/汽车之家口碑,是,价格权益；豪华感/质感；保值率,希望同预算下配置和权益更划算,第三排舒适性；油耗是否偏高,Model Y；理想L6；问界M6,继续比较,待定,,受访者关注价格权益，主要用于长途自驾；同时对第三排舒适性仍有疑问，决策中会对比Model Y；理想L6；问界M6。,先围绕长途自驾场景切入，再把价格权益转化为可感知体验；对第三排舒适性需结合竞品对比和真实用车成本解释。,公开资料方向拟定/模拟问卷样本,基于车型定位、价格段、能源形式、公开车主口碑和公开用户画像报告拟定；仅用于产品Demo，不代表真实调研结果。,2024增换购用户需求洞察｜汽车之家研究院,https://www.autohome.com.cn/news/202409/1300865.html
S042-04,北京奔驰,奔驰GLC,奔驰GLC,35.18-46.28万,40-50万,常规混合动力,SUV,中型,5座；7座,四川省,2026-08-10,31-35岁,男,企业高管/企业主,50-80万,三代同堂,2人,是,是,家中已有新能源车,增购,家中已有新能源车,30-50万,对比评估,2周-1个月,本人+配偶,车主评价；子女,家庭品质升级；家庭出行升级；商务接待,周末短途；多成员家庭出行,朋友/同事推荐；懂车帝/汽车之家口碑；品牌直营店/4S店,是,乘坐舒适；价格权益；品牌认知；售后服务,在意品牌形象和商务/社交场景认可度；希望同预算下配置和权益更划算,保养维修费用；权益透明度,理想L6；问界M6,继续比较,待定,,受访者关注乘坐舒适，主要用于周末短途；同时对保养维修费用仍有疑问，决策中会对比理想L6；问界M6。,先围绕周末短途场景切入，再把乘坐舒适转化为可感知体验；对保养维修费用需结合竞品对比和真实用车成本解释。,公开资料方向拟定/模拟问卷样本,基于车型定位、价格段、能源形式、公开车主口碑和公开用户画像报告拟定；仅用于产品Demo，不代表真实调研结果。,2024增换购用户需求洞察｜汽车之家研究院,https://www.autohome.com.cn/news/202409/1300865.html
S042-05,北京奔驰,奔驰GLC,奔驰GLC,35.18-46.28万,40-50万,常规混合动力,SUV,中型,5座；7座,河南省,2026-08-16,36-40岁,男,公务员/事业单位,30-50万,已婚二孩及以上,3人,是,否,家中已有燃油车,增购,家中已有燃油车,30-50万,已购/用车复盘,2个月以上,家庭共同决策,车主评价；配偶；KOL/博主,换新能源；通勤代步,长途自驾；城市通勤；家庭出行,懂车帝/汽车之家口碑；车主群/社群讨论；品牌直营店/4S店,否,驾驶质感；第三排/多人乘坐；豪华感/质感；空间舒适,希望兼顾家人乘坐和周末出行,价格是否值得；车身尺寸是否好开；油耗是否偏高,问界M6；宝马X3,倾向本品,待定,,受访者关注驾驶质感，主要用于长途自驾；同时对价格是否值得仍有疑问，决策中会对比问界M6；宝马X3。,先围绕长途自驾场景切入，再把驾驶质感转化为可感知体验；对价格是否值得需结合竞品对比和真实用车成本解释。,公开资料方向拟定/模拟问卷样本,基于车型定位、价格段、能源形式、公开车主口碑和公开用户画像报告拟定；仅用于产品Demo，不代表真实调研结果。,2024增换购用户需求洞察｜汽车之家研究院,https://www.autohome.com.cn/news/202409/1300865.html
S042-06,北京奔驰,奔驰GLC,奔驰GLC,35.18-46.28万,40-50万,常规混合动力,SUV,中型,5座；7座,浙江省,2026-06-04,36-40岁,男,金融/地产从业者,100万以上,已婚二孩及以上,2人,是,是,15-25万合资/自主车,换购,15-25万合资/自主车,30-50万,已购/用车复盘,1-2个月,本人+配偶,子女；配偶；KOL/博主,换新能源；通勤代步；家庭出行升级,周末短途；长途自驾；城市通勤,朋友/同事推荐；小红书/抖音内容,是,乘坐舒适；售后服务；可靠性；价格权益,希望同预算下配置和权益更划算,停车便利性；油耗是否偏高；价格是否值得,宝马X3；奥迪Q5L；Model Y,价格合适会买,待定,,受访者关注乘坐舒适，主要用于周末短途；同时对停车便利性仍有疑问，决策中会对比宝马X3；奥迪Q5L；Model Y。,先围绕周末短途场景切入，再把乘坐舒适转化为可感知体验；对停车便利性需结合竞品对比和真实用车成本解释。,公开资料方向拟定/模拟问卷样本,基于车型定位、价格段、能源形式、公开车主口碑和公开用户画像报告拟定；仅用于产品Demo，不代表真实调研结果。,2024增换购用户需求洞察｜汽车之家研究院,https://www.autohome.com.cn/news/202409/1300865.html
S042-07,北京奔驰,奔驰GLC,奔驰GLC,35.18-46.28万,40-50万,常规混合动力,SUV,中型,5座；7座,湖南省,2026-08-01,31-35岁,男,公务员/事业单位,50-80万,已婚二孩及以上,5人及以上,是,是,15-25万合资/自主车,换购,15-25万合资/自主车,30-50万,对比评估,1-2个月,本人+配偶,车主评价；子女；配偶,家庭出行升级；空间升级,城市通勤；长途自驾,KOL评测；车主群/社群讨论,是,驾驶质感；豪华感/质感；乘坐舒适；售后服务,希望在预算内获得更稳定的综合体验,高端服务体验；车身尺寸是否好开；价格是否值得,奥迪Q5L；Model Y,继续比较,待定,,受访者关注驾驶质感，主要用于城市通勤；同时对高端服务体验仍有疑问，决策中会对比奥迪Q5L；Model Y。,先围绕城市通勤场景切入，再把驾驶质感转化为可感知体验；对高端服务体验需结合竞品对比和真实用车成本解释。,公开资料方向拟定/模拟问卷样本,基于车型定位、价格段、能源形式、公开车主口碑和公开用户画像报告拟定；仅用于产品Demo，不代表真实调研结果。,2024增换购用户需求洞察｜汽车之家研究院,https://www.autohome.com.cn/news/202409/1300865.html
S042-08,北京奔驰,奔驰GLC,奔驰GLC,35.18-46.28万,40-50万,常规混合动力,SUV,中型,5座；7座,江苏省,2026-07-08,36-40岁,男,中基层管理者,30-50万,已婚二孩及以上,5人及以上,是,否,无车,首购,无车,30-50万,对比评估,1-2个月,家庭共同决策,配偶；子女；KOL/博主,通勤代步；品牌升级；换新能源,长途自驾；接送孩子；城市通勤,懂车帝/汽车之家口碑；品牌直营店/4S店；车主群/社群讨论,是,第三排/多人乘坐；豪华感/质感；可靠性,希望在预算内获得更稳定的综合体验,油耗是否偏高；车机/智能化是否落后；车身尺寸是否好开,Model Y；理想L6,价格合适会买,待定,,受访者关注第三排/多人乘坐，主要用于长途自驾；同时对油耗是否偏高仍有疑问，决策中会对比Model Y；理想L6。,先围绕长途自驾场景切入，再把第三排/多人乘坐转化为可感知体验；对油耗是否偏高需结合竞品对比和真实用车成本解释。,公开资料方向拟定/模拟问卷样本,基于车型定位、价格段、能源形式、公开车主口碑和公开用户画像报告拟定；仅用于产品Demo，不代表真实调研结果。,2024增换购用户需求洞察｜汽车之家研究院,https://www.autohome.com.cn/news/202409/1300865.html
S043-01,华晨宝马,宝马5系,宝马5系,36.80-44.80万,40-50万,常规混合动力,轿车,中大型,5座,北京市,2026-07-20,46岁以上,男,互联网/科技从业者,30-50万,已婚一孩,2人,是,是,15-25万合资/自主车,换购,15-25万合资/自主车,30-50万,初步了解,1-2个月,本人+配偶,子女；车主评价,家庭出行升级；驾驶乐趣；通勤代步,家庭出行；周末短途；商务接待,小红书/抖音内容；KOL评测；朋友/同事推荐,是,乘坐舒适；豪华感/质感；保值率；空间舒适,希望兼顾家人乘坐和周末出行,权益透明度；油耗是否偏高；后排空间,奥迪A6L；奔驰E级,已下订,是,,受访者关注乘坐舒适，主要用于家庭出行；同时对权益透明度仍有疑问，决策中会对比奥迪A6L；奔驰E级。,先围绕家庭出行场景切入，再把乘坐舒适转化为可感知体验；对权益透明度需结合竞品对比和真实用车成本解释。,公开资料方向拟定/模拟问卷样本,基于车型定位、价格段、能源形式、公开车主口碑和公开用户画像报告拟定；仅用于产品Demo，不代表真实调研结果。,宝马X3/5系公开车主口碑｜懂车帝,https://www.dongchedi.com/auto/series/score/2812-x-S0-4-create_time-x-1
S043-02,华晨宝马,宝马5系,宝马5系,36.80-44.80万,40-50万,常规混合动力,轿车,中大型,5座,福建省,2026-06-15,36-40岁,男,金融/地产从业者,50-80万,已婚无孩,3人,否,否,15-25万合资/自主车,换购,15-25万合资/自主车,30-50万,流失/转向竞品,2周-1个月,本人+配偶,朋友/同事；KOL/博主；配偶,换新能源；通勤代步；家庭品质升级,城市通勤；周末短途,懂车帝/汽车之家口碑；品牌直营店/4S店；小红书/抖音内容,是,可靠性；通勤舒适；驾驶质感；售后服务,希望在预算内获得更稳定的综合体验,保值率；内饰科技感；油耗是否偏高,奥迪A6L；奔驰E级,继续比较,待定,,受访者关注可靠性，主要用于城市通勤；同时对保值率仍有疑问，决策中会对比奥迪A6L；奔驰E级。,先围绕城市通勤场景切入，再把可靠性转化为可感知体验；对保值率需结合竞品对比和真实用车成本解释。,公开资料方向拟定/模拟问卷样本,基于车型定位、价格段、能源形式、公开车主口碑和公开用户画像报告拟定；仅用于产品Demo，不代表真实调研结果。,宝马X3/5系公开车主口碑｜懂车帝,https://www.dongchedi.com/auto/series/score/2812-x-S0-4-create_time-x-1
S043-03,华晨宝马,宝马5系,宝马5系,36.80-44.80万,40-50万,常规混合动力,轿车,中大型,5座,河南省,2026-07-28,31-35岁,男,中基层管理者,80-100万,已婚一孩,2人,是,否,15-25万合资/自主车,换购,15-25万合资/自主车,30-50万,已试驾,1-2个月,本人+配偶,配偶；车主评价；KOL/博主,家庭品质升级；空间升级；通勤代步,周末短途；家庭出行；商务接待,品牌直营店/4S店；车主群/社群讨论,是,保值率；豪华感/质感；空间舒适,希望兼顾家人乘坐和周末出行,底盘舒适性；内饰科技感；高端服务体验,奥迪A6L；奔驰E级；小米SU7,倾向本品,待定,,受访者关注保值率，主要用于周末短途；同时对底盘舒适性仍有疑问，决策中会对比奥迪A6L；奔驰E级；小米SU7。,先围绕周末短途场景切入，再把保值率转化为可感知体验；对底盘舒适性需结合竞品对比和真实用车成本解释。,公开资料方向拟定/模拟问卷样本,基于车型定位、价格段、能源形式、公开车主口碑和公开用户画像报告拟定；仅用于产品Demo，不代表真实调研结果。,宝马X3/5系公开车主口碑｜懂车帝,https://www.dongchedi.com/auto/series/score/2812-x-S0-4-create_time-x-1
S043-04,华晨宝马,宝马5系,宝马5系,36.80-44.80万,40-50万,常规混合动力,轿车,中大型,5座,陕西省,2026-07-09,31-35岁,男,中基层管理者,50-80万,已婚一孩,2人,是,是,家中已有新能源车,增购,家中已有新能源车,30-50万,流失/转向竞品,1-2个月,本人,父母；KOL/博主；子女,品牌升级；通勤代步；驾驶乐趣,城市通勤；商务接待；周末短途,车主群/社群讨论；品牌直营店/4S店；小红书/抖音内容,是,品牌认知；通勤舒适；空间舒适；售后服务,希望兼顾家人乘坐和周末出行；在意品牌形象和商务/社交场景认可度,后备厢空间；保养维修费用,奥迪A6L；奔驰E级,继续比较,待定,,受访者关注品牌认知，主要用于城市通勤；同时对后备厢空间仍有疑问，决策中会对比奥迪A6L；奔驰E级。,先围绕城市通勤场景切入，再把品牌认知转化为可感知体验；对后备厢空间需结合竞品对比和真实用车成本解释。,公开资料方向拟定/模拟问卷样本,基于车型定位、价格段、能源形式、公开车主口碑和公开用户画像报告拟定；仅用于产品Demo，不代表真实调研结果。,宝马X3/5系公开车主口碑｜懂车帝,https://www.dongchedi.com/auto/series/score/2812-x-S0-4-create_time-x-1
S043-05,华晨宝马,宝马5系,宝马5系,36.80-44.80万,40-50万,常规混合动力,轿车,中大型,5座,浙江省,2026-08-03,41-45岁,男,中基层管理者,80-100万,商务/个人用车,3人,否,否,15-25万合资/自主车,换购,15-25万合资/自主车,30-50万,流失/转向竞品,1-2个月,企业/业务需求,KOL/博主；车主评价；销售顾问,换新能源；商务与家用兼顾,家庭出行；城市通勤,朋友/同事推荐；车主群/社群讨论；品牌直营店/4S店,是,品牌认知；豪华感/质感；售后服务,在意品牌形象和商务/社交场景认可度,后排空间是否够用；高端服务体验；保养维修成本,奥迪A6L；奔驰E级,已购,是,,受访者关注品牌认知，主要用于家庭出行；同时对后排空间是否够用仍有疑问，决策中会对比奥迪A6L；奔驰E级。,先围绕家庭出行场景切入，再把品牌认知转化为可感知体验；对后排空间是否够用需结合竞品对比和真实用车成本解释。,公开资料方向拟定/模拟问卷样本,基于车型定位、价格段、能源形式、公开车主口碑和公开用户画像报告拟定；仅用于产品Demo，不代表真实调研结果。,宝马X3/5系公开车主口碑｜懂车帝,https://www.dongchedi.com/auto/series/score/2812-x-S0-4-create_time-x-1
S043-06,华晨宝马,宝马5系,宝马5系,36.80-44.80万,40-50万,常规混合动力,轿车,中大型,5座,江苏省,2026-06-26,31-35岁,男,企业高管/企业主,50-80万,已婚无孩,3人,否,是,15-25万合资/自主车,换购,15-25万合资/自主车,30-50万,价格谈判,2个月以上,本人+配偶,配偶；车主评价；朋友/同事,商务接待；品牌升级,城市通勤；家庭出行；商务接待,懂车帝/汽车之家口碑；小红书/抖音内容,是,保值率；售后服务；乘坐舒适,希望在预算内获得更稳定的综合体验,保值率；保养维修成本；权益透明度,奥迪A6L；奔驰E级；小米SU7,倾向本品,待定,,受访者关注保值率，主要用于城市通勤；同时对保值率仍有疑问，决策中会对比奥迪A6L；奔驰E级；小米SU7。,先围绕城市通勤场景切入，再把保值率转化为可感知体验；对保值率需结合竞品对比和真实用车成本解释。,公开资料方向拟定/模拟问卷样本,基于车型定位、价格段、能源形式、公开车主口碑和公开用户画像报告拟定；仅用于产品Demo，不代表真实调研结果。,宝马X3/5系公开车主口碑｜懂车帝,https://www.dongchedi.com/auto/series/score/2812-x-S0-4-create_time-x-1
S043-07,华晨宝马,宝马5系,宝马5系,36.80-44.80万,40-50万,常规混合动力,轿车,中大型,5座,湖南省,2026-08-05,46岁以上,女,私营业主/个体经营者,30-50万,已婚无孩,3人,否,否,家中已有燃油车,增购,家中已有燃油车,30-50万,已购/用车复盘,2个月以上,本人+配偶,朋友/同事；车主评价；KOL/博主,商务与家用兼顾；商务接待,商务接待；城市通勤；家庭出行,品牌直营店/4S店；KOL评测,是,驾驶质感；空间舒适；乘坐舒适；品牌认知,希望兼顾家人乘坐和周末出行；在意品牌形象和商务/社交场景认可度,底盘舒适性；油耗是否偏高,奥迪A6L；奔驰E级,转向竞品,否,家人更认可竞品,受访者关注驾驶质感，主要用于商务接待；同时对底盘舒适性仍有疑问，决策中会对比奥迪A6L；奔驰E级。,先围绕商务接待场景切入，再把驾驶质感转化为可感知体验；对底盘舒适性需结合竞品对比和真实用车成本解释。,公开资料方向拟定/模拟问卷样本,基于车型定位、价格段、能源形式、公开车主口碑和公开用户画像报告拟定；仅用于产品Demo，不代表真实调研结果。,宝马X3/5系公开车主口碑｜懂车帝,https://www.dongchedi.com/auto/series/score/2812-x-S0-4-create_time-x-1
S043-08,华晨宝马,宝马5系,宝马5系,36.80-44.80万,40-50万,常规混合动力,轿车,中大型,5座,北京市,2026-06-03,36-40岁,男,中基层管理者,80-100万,已婚无孩,2人,否,否,15-25万合资/自主车,换购,15-25万合资/自主车,30-50万,流失/转向竞品,2个月以上,本人+配偶,配偶；朋友/同事；KOL/博主,空间升级；品牌升级,商务接待；周末短途,车主群/社群讨论；小红书/抖音内容；KOL评测,是,驾驶质感；可靠性；空间舒适；价格权益,希望兼顾家人乘坐和周末出行；希望同预算下配置和权益更划算,底盘舒适性；后备厢空间,奥迪A6L；奔驰E级,已购,是,,受访者关注驾驶质感，主要用于商务接待；同时对底盘舒适性仍有疑问，决策中会对比奥迪A6L；奔驰E级。,先围绕商务接待场景切入，再把驾驶质感转化为可感知体验；对底盘舒适性需结合竞品对比和真实用车成本解释。,公开资料方向拟定/模拟问卷样本,基于车型定位、价格段、能源形式、公开车主口碑和公开用户画像报告拟定；仅用于产品Demo，不代表真实调研结果。,宝马X3/5系公开车主口碑｜懂车帝,https://www.dongchedi.com/auto/series/score/2812-x-S0-4-create_time-x-1
S043-09,华晨宝马,宝马5系,宝马5系,36.80-44.80万,40-50万,常规混合动力,轿车,中大型,5座,河南省,2026-08-24,41-45岁,男,私营业主/个体经营者,80-100万,已婚一孩,5人及以上,是,否,15-25万合资/自主车,换购,15-25万合资/自主车,30-50万,对比评估,1-2个月,本人,父母；KOL/博主,驾驶乐趣；商务与家用兼顾；通勤代步,城市通勤；周末短途；商务接待,KOL评测；朋友/同事推荐,是,外观设计；通勤舒适；空间舒适,希望兼顾家人乘坐和周末出行,保养维修成本；后排空间；配置性价比,奥迪A6L；奔驰E级；小米SU7,价格合适会买,待定,,受访者关注外观设计，主要用于城市通勤；同时对保养维修成本仍有疑问，决策中会对比奥迪A6L；奔驰E级；小米SU7。,先围绕城市通勤场景切入，再把外观设计转化为可感知体验；对保养维修成本需结合竞品对比和真实用车成本解释。,公开资料方向拟定/模拟问卷样本,基于车型定位、价格段、能源形式、公开车主口碑和公开用户画像报告拟定；仅用于产品Demo，不代表真实调研结果。,宝马X3/5系公开车主口碑｜懂车帝,https://www.dongchedi.com/auto/series/score/2812-x-S0-4-create_time-x-1
S043-10,华晨宝马,宝马5系,宝马5系,36.80-44.80万,40-50万,常规混合动力,轿车,中大型,5座,四川省,2026-06-18,31-35岁,男,私营业主/个体经营者,50-80万,已婚无孩,3人,否,否,15-25万合资/自主车,换购,15-25万合资/自主车,30-50万,已试驾,1-2个月,本人+配偶,朋友/同事；车主评价,家庭出行升级；空间升级,周末短途；城市通勤,小红书/抖音内容；品牌直营店/4S店；朋友/同事推荐,是,空间舒适；品牌认知；外观设计,希望兼顾家人乘坐和周末出行；在意品牌形象和商务/社交场景认可度,内饰科技感；竞品是否更强,奥迪A6L；奔驰E级,已购,是,,受访者关注空间舒适，主要用于周末短途；同时对内饰科技感仍有疑问，决策中会对比奥迪A6L；奔驰E级。,先围绕周末短途场景切入，再把空间舒适转化为可感知体验；对内饰科技感需结合竞品对比和真实用车成本解释。,公开资料方向拟定/模拟问卷样本,基于车型定位、价格段、能源形式、公开车主口碑和公开用户画像报告拟定；仅用于产品Demo，不代表真实调研结果。,宝马X3/5系公开车主口碑｜懂车帝,https://www.dongchedi.com/auto/series/score/2812-x-S0-4-create_time-x-1
S043-11,华晨宝马,宝马5系,宝马5系,36.80-44.80万,40-50万,常规混合动力,轿车,中大型,5座,浙江省,2026-08-24,31-35岁,男,中基层管理者,80-100万,已婚无孩,2人,否,是,15-25万合资/自主车,换购,15-25万合资/自主车,30-50万,初步了解,1-2个月,本人,KOL/博主；配偶；车主评价,换新能源；家庭品质升级,城市通勤；商务接待；周末短途,车主群/社群讨论；小红书/抖音内容；品牌直营店/4S店,是,可靠性；空间舒适；操控体验；品牌认知,希望兼顾家人乘坐和周末出行；在意品牌形象和商务/社交场景认可度,高端服务体验；后排空间,奥迪A6L；奔驰E级,价格合适会买,待定,,受访者关注可靠性，主要用于城市通勤；同时对高端服务体验仍有疑问，决策中会对比奥迪A6L；奔驰E级。,先围绕城市通勤场景切入，再把可靠性转化为可感知体验；对高端服务体验需结合竞品对比和真实用车成本解释。,公开资料方向拟定/模拟问卷样本,基于车型定位、价格段、能源形式、公开车主口碑和公开用户画像报告拟定；仅用于产品Demo，不代表真实调研结果。,宝马X3/5系公开车主口碑｜懂车帝,https://www.dongchedi.com/auto/series/score/2812-x-S0-4-create_time-x-1
S043-12,华晨宝马,宝马5系,宝马5系,36.80-44.80万,40-50万,常规混合动力,轿车,中大型,5座,北京市,2026-08-07,31-35岁,男,企业高管/企业主,50-80万,已婚无孩,4人,否,否,家中已有新能源车,增购,家中已有新能源车,30-50万,对比评估,2周-1个月,本人+配偶,KOL/博主；朋友/同事；车主评价,商务接待；通勤代步；空间升级,周末短途；家庭出行,KOL评测；小红书/抖音内容；品牌直营店/4S店,是,乘坐舒适；品牌认知；保值率,在意品牌形象和商务/社交场景认可度,后排空间是否够用；保养维修成本,奥迪A6L；奔驰E级；小米SU7,价格合适会买,待定,,受访者关注乘坐舒适，主要用于周末短途；同时对后排空间是否够用仍有疑问，决策中会对比奥迪A6L；奔驰E级；小米SU7。,先围绕周末短途场景切入，再把乘坐舒适转化为可感知体验；对后排空间是否够用需结合竞品对比和真实用车成本解释。,公开资料方向拟定/模拟问卷样本,基于车型定位、价格段、能源形式、公开车主口碑和公开用户画像报告拟定；仅用于产品Demo，不代表真实调研结果。,宝马X3/5系公开车主口碑｜懂车帝,https://www.dongchedi.com/auto/series/score/2812-x-S0-4-create_time-x-1
S043-13,华晨宝马,宝马5系,宝马5系,36.80-44.80万,40-50万,常规混合动力,轿车,中大型,5座,广东省,2026-07-15,46岁以上,男,中基层管理者,30-50万,商务/个人用车,1人,否,否,15-25万合资/自主车,换购,15-25万合资/自主车,30-50万,对比评估,1-2个月,本人,车主评价；销售顾问；朋友/同事,商务接待；驾驶乐趣,商务接待；家庭出行；城市通勤,朋友/同事推荐；品牌直营店/4S店；懂车帝/汽车之家口碑,否,可靠性；空间舒适；价格权益；品牌认知,希望兼顾家人乘坐和周末出行；在意品牌形象和商务/社交场景认可度；希望同预算下配置和权益更划算,底盘舒适性；保养维修费用,奥迪A6L；奔驰E级,倾向本品,待定,,受访者关注可靠性，主要用于商务接待；同时对底盘舒适性仍有疑问，决策中会对比奥迪A6L；奔驰E级。,先围绕商务接待场景切入，再把可靠性转化为可感知体验；对底盘舒适性需结合竞品对比和真实用车成本解释。,公开资料方向拟定/模拟问卷样本,基于车型定位、价格段、能源形式、公开车主口碑和公开用户画像报告拟定；仅用于产品Demo，不代表真实调研结果。,宝马X3/5系公开车主口碑｜懂车帝,https://www.dongchedi.com/auto/series/score/2812-x-S0-4-create_time-x-1
S043-14,华晨宝马,宝马5系,宝马5系,36.80-44.80万,40-50万,常规混合动力,轿车,中大型,5座,四川省,2026-08-04,36-40岁,男,金融/地产从业者,50-80万,已婚一孩,4人,是,是,无车,首购,无车,30-50万,对比评估,1-2个月,本人+配偶,子女；车主评价,通勤代步；家庭品质升级；品牌升级,周末短途；家庭出行；商务接待,朋友/同事推荐；车主群/社群讨论,是,安全性；驾驶质感；可靠性；外观设计,希望在预算内获得更稳定的综合体验,价格是否值得；车机/智能化是否落后,奥迪A6L；奔驰E级,继续比较,待定,,受访者关注安全性，主要用于周末短途；同时对价格是否值得仍有疑问，决策中会对比奥迪A6L；奔驰E级。,先围绕周末短途场景切入，再把安全性转化为可感知体验；对价格是否值得需结合竞品对比和真实用车成本解释。,公开资料方向拟定/模拟问卷样本,基于车型定位、价格段、能源形式、公开车主口碑和公开用户画像报告拟定；仅用于产品Demo，不代表真实调研结果。,宝马X3/5系公开车主口碑｜懂车帝,https://www.dongchedi.com/auto/series/score/2812-x-S0-4-create_time-x-1
S043-15,华晨宝马,宝马5系,宝马5系,36.80-44.80万,40-50万,常规混合动力,轿车,中大型,5座,重庆市,2026-06-08,31-35岁,男,金融/地产从业者,100万以上,已婚无孩,1人,否,是,15-25万合资/自主车,换购,15-25万合资/自主车,30-50万,已下订,1-2个月,企业/业务需求,朋友/同事；KOL/博主,换新能源；空间升级,城市通勤；周末短途；家庭出行,车主群/社群讨论；朋友/同事推荐；KOL评测,否,售后服务；驾驶质感；操控体验；可靠性,希望在预算内获得更稳定的综合体验,后备厢空间；后排空间；保养维修费用,奥迪A6L；奔驰E级；小米SU7,倾向本品,待定,,受访者关注售后服务，主要用于城市通勤；同时对后备厢空间仍有疑问，决策中会对比奥迪A6L；奔驰E级；小米SU7。,先围绕城市通勤场景切入，再把售后服务转化为可感知体验；对后备厢空间需结合竞品对比和真实用车成本解释。,公开资料方向拟定/模拟问卷样本,基于车型定位、价格段、能源形式、公开车主口碑和公开用户画像报告拟定；仅用于产品Demo，不代表真实调研结果。,宝马X3/5系公开车主口碑｜懂车帝,https://www.dongchedi.com/auto/series/score/2812-x-S0-4-create_time-x-1
S043-16,华晨宝马,宝马5系,宝马5系,36.80-44.80万,40-50万,常规混合动力,轿车,中大型,5座,山东省,2026-06-27,41-45岁,男,中基层管理者,50-80万,已婚二孩及以上,1人,是,否,15-25万合资/自主车,换购,15-25万合资/自主车,30-50万,流失/转向竞品,1-2个月,本人,配偶；子女,空间升级；商务接待；换新能源,城市通勤；周末短途；商务接待,品牌直营店/4S店；小红书/抖音内容；懂车帝/汽车之家口碑,是,保值率；驾驶质感；安全性；乘坐舒适,希望在预算内获得更稳定的综合体验,保养维修成本；车机/智能化是否落后,奥迪A6L；奔驰E级,倾向本品,待定,,受访者关注保值率，主要用于城市通勤；同时对保养维修成本仍有疑问，决策中会对比奥迪A6L；奔驰E级。,先围绕城市通勤场景切入，再把保值率转化为可感知体验；对保养维修成本需结合竞品对比和真实用车成本解释。,公开资料方向拟定/模拟问卷样本,基于车型定位、价格段、能源形式、公开车主口碑和公开用户画像报告拟定；仅用于产品Demo，不代表真实调研结果。,宝马X3/5系公开车主口碑｜懂车帝,https://www.dongchedi.com/auto/series/score/2812-x-S0-4-create_time-x-1
S043-17,华晨宝马,宝马5系,宝马5系,36.80-44.80万,40-50万,常规混合动力,轿车,中大型,5座,广东省,2026-06-15,31-35岁,不便透露,中基层管理者,30-50万,已婚无孩,1人,否,是,家中已有燃油车,增购,家中已有燃油车,30-50万,已下订,2周-1个月,本人,车主评价；朋友/同事；配偶,驾驶乐趣；品牌升级,商务接待；城市通勤；周末短途,懂车帝/汽车之家口碑；品牌直营店/4S店,是,安全性；可靠性；空间舒适,希望兼顾家人乘坐和周末出行,车机/智能化是否落后；后排空间；竞品是否更强,奥迪A6L；奔驰E级,继续比较,待定,,受访者关注安全性，主要用于商务接待；同时对车机/智能化是否落后仍有疑问，决策中会对比奥迪A6L；奔驰E级。,先围绕商务接待场景切入，再把安全性转化为可感知体验；对车机/智能化是否落后需结合竞品对比和真实用车成本解释。,公开资料方向拟定/模拟问卷样本,基于车型定位、价格段、能源形式、公开车主口碑和公开用户画像报告拟定；仅用于产品Demo，不代表真实调研结果。,宝马X3/5系公开车主口碑｜懂车帝,https://www.dongchedi.com/auto/series/score/2812-x-S0-4-create_time-x-1
S043-18,华晨宝马,宝马5系,宝马5系,36.80-44.80万,40-50万,常规混合动力,轿车,中大型,5座,河南省,2026-07-05,36-40岁,女,中基层管理者,80-100万,已婚无孩,4人,否,是,15-25万合资/自主车,换购,15-25万合资/自主车,30-50万,已试驾,1-2个月,本人,配偶；车主评价；朋友/同事,品牌升级；通勤代步,城市通勤；周末短途；商务接待,KOL评测；朋友/同事推荐；车主群/社群讨论,否,外观设计；价格权益；保值率,希望同预算下配置和权益更划算,后排空间；车机/智能化是否落后；保值率,奥迪A6L；奔驰E级；小米SU7,已购,是,,受访者关注外观设计，主要用于城市通勤；同时对后排空间仍有疑问，决策中会对比奥迪A6L；奔驰E级；小米SU7。,先围绕城市通勤场景切入，再把外观设计转化为可感知体验；对后排空间需结合竞品对比和真实用车成本解释。,公开资料方向拟定/模拟问卷样本,基于车型定位、价格段、能源形式、公开车主口碑和公开用户画像报告拟定；仅用于产品Demo，不代表真实调研结果。,宝马X3/5系公开车主口碑｜懂车帝,https://www.dongchedi.com/auto/series/score/2812-x-S0-4-create_time-x-1
S043-19,华晨宝马,宝马5系,宝马5系,36.80-44.80万,40-50万,常规混合动力,轿车,中大型,5座,江苏省,2026-08-20,31-35岁,男,私营业主/个体经营者,80-100万,已婚一孩,2人,是,否,15-25万合资/自主车,换购,15-25万合资/自主车,30-50万,已购/用车复盘,2个月以上,本人+配偶,子女；配偶,品牌升级；换新能源；商务与家用兼顾,周末短途；家庭出行,品牌直营店/4S店；懂车帝/汽车之家口碑,是,保值率；驾驶质感；售后服务,希望在预算内获得更稳定的综合体验,售后维修成本；价格是否值得；保养维修成本,奥迪A6L；奔驰E级,倾向本品,待定,,受访者关注保值率，主要用于周末短途；同时对售后维修成本仍有疑问，决策中会对比奥迪A6L；奔驰E级。,先围绕周末短途场景切入，再把保值率转化为可感知体验；对售后维修成本需结合竞品对比和真实用车成本解释。,公开资料方向拟定/模拟问卷样本,基于车型定位、价格段、能源形式、公开车主口碑和公开用户画像报告拟定；仅用于产品Demo，不代表真实调研结果。,宝马X3/5系公开车主口碑｜懂车帝,https://www.dongchedi.com/auto/series/score/2812-x-S0-4-create_time-x-1
S043-20,华晨宝马,宝马5系,宝马5系,36.80-44.80万,40-50万,常规混合动力,轿车,中大型,5座,山东省,2026-08-03,46岁以上,男,中基层管理者,50-80万,已婚无孩,5人及以上,否,否,15-25万合资/自主车,换购,15-25万合资/自主车,30-50万,流失/转向竞品,2个月以上,本人+配偶,配偶；朋友/同事,家庭出行升级；空间升级,城市通勤；商务接待；家庭出行,品牌直营店/4S店；小红书/抖音内容；朋友/同事推荐,是,品牌认知；豪华感/质感；保值率；操控体验,在意品牌形象和商务/社交场景认可度,保值率；价格是否值得；配置性价比,奥迪A6L；奔驰E级,已下订,是,,受访者关注品牌认知，主要用于城市通勤；同时对保值率仍有疑问，决策中会对比奥迪A6L；奔驰E级。,先围绕城市通勤场景切入，再把品牌认知转化为可感知体验；对保值率需结合竞品对比和真实用车成本解释。,公开资料方向拟定/模拟问卷样本,基于车型定位、价格段、能源形式、公开车主口碑和公开用户画像报告拟定；仅用于产品Demo，不代表真实调研结果。,宝马X3/5系公开车主口碑｜懂车帝,https://www.dongchedi.com/auto/series/score/2812-x-S0-4-create_time-x-1
S044-01,广汽丰田,赛那SIENNA,赛那SIENNA,29.88-39.38万,30-40万,常规混合动力,MPV,中大型,7座,河南省,2026-08-08,36-40岁,男,公务员/事业单位,80-100万,已婚无孩,4人,否,否,15-25万合资/自主车,换购,15-25万合资/自主车,20-40万,已下订,1-2个月,家庭共同决策,车主评价；KOL/博主,品牌升级；换新能源,周末短途；接送孩子；多成员家庭出行,朋友/同事推荐；品牌直营店/4S店,是,保值率；安全性；价格权益,希望同预算下配置和权益更划算,车机/智能化是否落后；第三排舒适性；售后维修成本,腾势D9；岚图梦想家,继续比较,待定,,受访者关注保值率，主要用于周末短途；同时对车机/智能化是否落后仍有疑问，决策中会对比腾势D9；岚图梦想家。,先围绕周末短途场景切入，再把保值率转化为可感知体验；对车机/智能化是否落后需结合竞品对比和真实用车成本解释。,公开资料方向拟定/模拟问卷样本,基于车型定位、价格段、能源形式、公开车主口碑和公开用户画像报告拟定；仅用于产品Demo，不代表真实调研结果。,2024增换购用户需求洞察｜汽车之家研究院,https://www.autohome.com.cn/news/202409/1300865.html
S044-02,广汽丰田,赛那SIENNA,赛那SIENNA,29.88-39.38万,30-40万,常规混合动力,MPV,中大型,7座,湖南省,2026-08-16,41-45岁,男,私营业主/个体经营者,80-100万,已婚二孩及以上,3人,是,否,无车,首购,无车,20-40万,对比评估,1-2个月,家庭共同决策,KOL/博主；父母；配偶,换新能源；品牌升级；商务接待,家庭出行；接送孩子,小红书/抖音内容；懂车帝/汽车之家口碑；品牌直营店/4S店,是,驾驶质感；可靠性；空间舒适；品牌认知,希望兼顾家人乘坐和周末出行；在意品牌形象和商务/社交场景认可度,车机/智能化是否落后；价格是否值得；油耗是否偏高,岚图梦想家；智界V9,倾向本品,待定,,受访者关注驾驶质感，主要用于家庭出行；同时对车机/智能化是否落后仍有疑问，决策中会对比岚图梦想家；智界V9。,先围绕家庭出行场景切入，再把驾驶质感转化为可感知体验；对车机/智能化是否落后需结合竞品对比和真实用车成本解释。,公开资料方向拟定/模拟问卷样本,基于车型定位、价格段、能源形式、公开车主口碑和公开用户画像报告拟定；仅用于产品Demo，不代表真实调研结果。,2024增换购用户需求洞察｜汽车之家研究院,https://www.autohome.com.cn/news/202409/1300865.html
S044-03,广汽丰田,赛那SIENNA,赛那SIENNA,29.88-39.38万,30-40万,常规混合动力,MPV,中大型,7座,重庆市,2026-08-05,46岁以上,男,企业高管/企业主,30-50万,已婚无孩,4人,否,是,无车,首购,无车,20-40万,初步了解,2个月以上,父母参与,车主评价；配偶；朋友/同事,空间升级；品牌升级；通勤代步,家庭出行；长途自驾,KOL评测；懂车帝/汽车之家口碑,是,第三排/多人乘坐；家庭适配；空间舒适；品牌认知,希望兼顾家人乘坐和周末出行；在意品牌形象和商务/社交场景认可度,停车便利性；油耗是否偏高；保养维修费用,智界V9；奥迪A6L；宝马5系,倾向本品,待定,,受访者关注第三排/多人乘坐，主要用于家庭出行；同时对停车便利性仍有疑问，决策中会对比智界V9；奥迪A6L；宝马5系。,先围绕家庭出行场景切入，再把第三排/多人乘坐转化为可感知体验；对停车便利性需结合竞品对比和真实用车成本解释。,公开资料方向拟定/模拟问卷样本,基于车型定位、价格段、能源形式、公开车主口碑和公开用户画像报告拟定；仅用于产品Demo，不代表真实调研结果。,2024增换购用户需求洞察｜汽车之家研究院,https://www.autohome.com.cn/news/202409/1300865.html
S044-04,广汽丰田,赛那SIENNA,赛那SIENNA,29.88-39.38万,30-40万,常规混合动力,MPV,中大型,7座,湖南省,2026-07-19,41-45岁,男,私营业主/个体经营者,30-50万,已婚二孩及以上,3人,是,是,15-25万合资/自主车,换购,15-25万合资/自主车,20-40万,已试驾,1-2个月,本人+配偶,配偶；车主评价,空间升级；换新能源；通勤代步,城市通勤；长途自驾,KOL评测；懂车帝/汽车之家口碑；朋友/同事推荐,否,第三排/多人乘坐；价格权益；品牌认知；驾驶质感,在意品牌形象和商务/社交场景认可度；希望同预算下配置和权益更划算,车身尺寸是否好开；保值率,奥迪A6L；宝马5系,价格合适会买,待定,,受访者关注第三排/多人乘坐，主要用于城市通勤；同时对车身尺寸是否好开仍有疑问，决策中会对比奥迪A6L；宝马5系。,先围绕城市通勤场景切入，再把第三排/多人乘坐转化为可感知体验；对车身尺寸是否好开需结合竞品对比和真实用车成本解释。,公开资料方向拟定/模拟问卷样本,基于车型定位、价格段、能源形式、公开车主口碑和公开用户画像报告拟定；仅用于产品Demo，不代表真实调研结果。,2024增换购用户需求洞察｜汽车之家研究院,https://www.autohome.com.cn/news/202409/1300865.html
S044-05,广汽丰田,赛那SIENNA,赛那SIENNA,29.88-39.38万,30-40万,常规混合动力,MPV,中大型,7座,重庆市,2026-08-25,36-40岁,男,中基层管理者,50-80万,三代同堂,4人,是,是,15-25万合资/自主车,换购,15-25万合资/自主车,20-40万,价格谈判,2个月以上,本人+配偶,KOL/博主；父母；配偶,通勤代步；商务接待；空间升级,周末短途；家庭出行；城市通勤,品牌直营店/4S店；懂车帝/汽车之家口碑,是,安全性；保值率；空间舒适；家庭适配,希望兼顾家人乘坐和周末出行,售后维修成本；第三排舒适性,宝马5系；腾势D9,继续比较,待定,,受访者关注安全性，主要用于周末短途；同时对售后维修成本仍有疑问，决策中会对比宝马5系；腾势D9。,先围绕周末短途场景切入，再把安全性转化为可感知体验；对售后维修成本需结合竞品对比和真实用车成本解释。,公开资料方向拟定/模拟问卷样本,基于车型定位、价格段、能源形式、公开车主口碑和公开用户画像报告拟定；仅用于产品Demo，不代表真实调研结果。,2024增换购用户需求洞察｜汽车之家研究院,https://www.autohome.com.cn/news/202409/1300865.html
S044-06,广汽丰田,赛那SIENNA,赛那SIENNA,29.88-39.38万,30-40万,常规混合动力,MPV,中大型,7座,重庆市,2026-07-01,41-45岁,男,金融/地产从业者,80-100万,已婚二孩及以上,3人,是,是,无车,首购,无车,20-40万,对比评估,2周-1个月,本人+配偶,父母；KOL/博主；车主评价,通勤代步；空间升级；家庭出行升级,周末短途；城市通勤；接送孩子,KOL评测；懂车帝/汽车之家口碑,是,第三排/多人乘坐；价格权益；空间舒适,希望兼顾家人乘坐和周末出行；希望同预算下配置和权益更划算,价格是否值得；保养维修费用,腾势D9；岚图梦想家；智界V9,已下订,是,,受访者关注第三排/多人乘坐，主要用于周末短途；同时对价格是否值得仍有疑问，决策中会对比腾势D9；岚图梦想家；智界V9。,先围绕周末短途场景切入，再把第三排/多人乘坐转化为可感知体验；对价格是否值得需结合竞品对比和真实用车成本解释。,公开资料方向拟定/模拟问卷样本,基于车型定位、价格段、能源形式、公开车主口碑和公开用户画像报告拟定；仅用于产品Demo，不代表真实调研结果。,2024增换购用户需求洞察｜汽车之家研究院,https://www.autohome.com.cn/news/202409/1300865.html
S044-07,广汽丰田,赛那SIENNA,赛那SIENNA,29.88-39.38万,30-40万,常规混合动力,MPV,中大型,7座,湖北省,2026-08-09,36-40岁,女,私营业主/个体经营者,30-50万,已婚无孩,2人,否,否,家中已有燃油车,增购,家中已有燃油车,20-40万,已购/用车复盘,2个月以上,家庭共同决策,车主评价；KOL/博主；配偶,换新能源；空间升级,家庭出行；长途自驾,朋友/同事推荐；车主群/社群讨论,否,第三排/多人乘坐；空间舒适；家庭适配；价格权益,希望兼顾家人乘坐和周末出行；希望同预算下配置和权益更划算,第三排舒适性；保值率；保养维修费用,岚图梦想家；智界V9,继续比较,待定,,受访者关注第三排/多人乘坐，主要用于家庭出行；同时对第三排舒适性仍有疑问，决策中会对比岚图梦想家；智界V9。,先围绕家庭出行场景切入，再把第三排/多人乘坐转化为可感知体验；对第三排舒适性需结合竞品对比和真实用车成本解释。,公开资料方向拟定/模拟问卷样本,基于车型定位、价格段、能源形式、公开车主口碑和公开用户画像报告拟定；仅用于产品Demo，不代表真实调研结果。,2024增换购用户需求洞察｜汽车之家研究院,https://www.autohome.com.cn/news/202409/1300865.html
S044-08,广汽丰田,赛那SIENNA,赛那SIENNA,29.88-39.38万,30-40万,常规混合动力,MPV,中大型,7座,山东省,2026-08-09,31-35岁,女,金融/地产从业者,30-50万,已婚二孩及以上,5人及以上,是,是,家中已有新能源车,增购,家中已有新能源车,20-40万,对比评估,2周-1个月,家庭共同决策,配偶；父母,空间升级；品牌升级,周末短途；多成员家庭出行；家庭出行,懂车帝/汽车之家口碑；朋友/同事推荐；车主群/社群讨论,是,第三排/多人乘坐；价格权益；保值率,希望同预算下配置和权益更划算,停车便利性；保养维修费用,智界V9；奥迪A6L,倾向本品,待定,,受访者关注第三排/多人乘坐，主要用于周末短途；同时对停车便利性仍有疑问，决策中会对比智界V9；奥迪A6L。,先围绕周末短途场景切入，再把第三排/多人乘坐转化为可感知体验；对停车便利性需结合竞品对比和真实用车成本解释。,公开资料方向拟定/模拟问卷样本,基于车型定位、价格段、能源形式、公开车主口碑和公开用户画像报告拟定；仅用于产品Demo，不代表真实调研结果。,2024增换购用户需求洞察｜汽车之家研究院,https://www.autohome.com.cn/news/202409/1300865.html
S045-01,广汽丰田,汉兰达,汉兰达,24.84-32.58万,20-30万,传统燃料；常规混合动力,SUV,中型,7座；5座,陕西省,2026-06-07,31-35岁,男,中基层管理者,30-50万,已婚二孩及以上,4人,是,否,无车,首购,无车,20-40万,已试驾,2个月以上,家庭共同决策,车主评价；子女,通勤代步；空间升级；商务接待,多成员家庭出行；城市通勤,品牌直营店/4S店；车主群/社群讨论,否,保值率；品牌认知；可靠性,在意品牌形象和商务/社交场景认可度,售后维修成本；保值率；保养维修费用,奥迪Q5L；Model Y,倾向本品,待定,,受访者关注保值率，主要用于多成员家庭出行；同时对售后维修成本仍有疑问，决策中会对比奥迪Q5L；Model Y。,先围绕多成员家庭出行场景切入，再把保值率转化为可感知体验；对售后维修成本需结合竞品对比和真实用车成本解释。,公开资料方向拟定/模拟问卷样本,基于车型定位、价格段、能源形式、公开车主口碑和公开用户画像报告拟定；仅用于产品Demo，不代表真实调研结果。,2024增换购用户需求洞察｜汽车之家研究院,https://www.autohome.com.cn/news/202409/1300865.html
S045-02,广汽丰田,汉兰达,汉兰达,24.84-32.58万,20-30万,传统燃料；常规混合动力,SUV,中型,7座；5座,广东省,2026-07-28,26-30岁,女,私营业主/个体经营者,30-50万,已婚二孩及以上,5人及以上,是,否,15-25万合资/自主车,换购,15-25万合资/自主车,20-40万,已试驾,2周-1个月,父母参与,KOL/博主；子女,空间升级；商务接待,接送孩子；周末短途,品牌直营店/4S店；朋友/同事推荐,否,品牌认知；家庭适配；价格权益；第三排/多人乘坐,希望兼顾家人乘坐和周末出行；在意品牌形象和商务/社交场景认可度；希望同预算下配置和权益更划算,保养维修费用；油耗是否偏高；第三排舒适性,Model Y；大唐,倾向本品,待定,,受访者关注品牌认知，主要用于接送孩子；同时对保养维修费用仍有疑问，决策中会对比Model Y；大唐。,先围绕接送孩子场景切入，再把品牌认知转化为可感知体验；对保养维修费用需结合竞品对比和真实用车成本解释。,公开资料方向拟定/模拟问卷样本,基于车型定位、价格段、能源形式、公开车主口碑和公开用户画像报告拟定；仅用于产品Demo，不代表真实调研结果。,2024增换购用户需求洞察｜汽车之家研究院,https://www.autohome.com.cn/news/202409/1300865.html
S045-03,广汽丰田,汉兰达,汉兰达,24.84-32.58万,20-30万,传统燃料；常规混合动力,SUV,中型,7座；5座,陕西省,2026-07-27,26-30岁,男,中基层管理者,30-50万,已婚二孩及以上,2人,是,否,无车,首购,无车,20-40万,已下订,1-2周,本人+配偶,车主评价；配偶,品牌升级；换新能源,家庭出行；接送孩子,朋友/同事推荐；KOL评测,否,品牌认知；价格权益；家庭适配；空间舒适,希望兼顾家人乘坐和周末出行；在意品牌形象和商务/社交场景认可度；希望同预算下配置和权益更划算,竞品是否更强；第三排舒适性；保养维修费用,大唐；问界M6；理想i6,继续比较,待定,,受访者关注品牌认知，主要用于家庭出行；同时对竞品是否更强仍有疑问，决策中会对比大唐；问界M6；理想i6。,先围绕家庭出行场景切入，再把品牌认知转化为可感知体验；对竞品是否更强需结合竞品对比和真实用车成本解释。,公开资料方向拟定/模拟问卷样本,基于车型定位、价格段、能源形式、公开车主口碑和公开用户画像报告拟定；仅用于产品Demo，不代表真实调研结果。,2024增换购用户需求洞察｜汽车之家研究院,https://www.autohome.com.cn/news/202409/1300865.html
S045-04,广汽丰田,汉兰达,汉兰达,24.84-32.58万,20-30万,传统燃料；常规混合动力,SUV,中型,7座；5座,福建省,2026-07-25,31-35岁,女,企业职员,50-80万,已婚一孩,1人,是,是,15-25万合资/自主车,换购,15-25万合资/自主车,20-40万,对比评估,1-2周,本人+配偶,父母；配偶；子女,品牌升级；家庭出行升级；空间升级,接送孩子；家庭出行；多成员家庭出行,品牌直营店/4S店；小红书/抖音内容；朋友/同事推荐,是,售后服务；第三排/多人乘坐；家庭适配；驾驶质感,希望兼顾家人乘坐和周末出行,油耗是否偏高；价格是否值得；售后维修成本,问界M6；理想i6,倾向本品,待定,,受访者关注售后服务，主要用于接送孩子；同时对油耗是否偏高仍有疑问，决策中会对比问界M6；理想i6。,先围绕接送孩子场景切入，再把售后服务转化为可感知体验；对油耗是否偏高需结合竞品对比和真实用车成本解释。,公开资料方向拟定/模拟问卷样本,基于车型定位、价格段、能源形式、公开车主口碑和公开用户画像报告拟定；仅用于产品Demo，不代表真实调研结果。,2024增换购用户需求洞察｜汽车之家研究院,https://www.autohome.com.cn/news/202409/1300865.html
S045-05,广汽丰田,汉兰达,汉兰达,24.84-32.58万,20-30万,传统燃料；常规混合动力,SUV,中型,7座；5座,广东省,2026-07-09,26-30岁,男,企业职员,30-50万,已婚二孩及以上,5人及以上,是,否,15-25万合资/自主车,换购,15-25万合资/自主车,20-40万,初步了解,2周-1个月,父母参与,车主评价；父母,家庭出行升级；品牌升级；空间升级,长途自驾；家庭出行；接送孩子,车主群/社群讨论；品牌直营店/4S店,是,价格权益；驾驶质感；品牌认知,在意品牌形象和商务/社交场景认可度；希望同预算下配置和权益更划算,售后维修成本；第三排舒适性,理想i6；奥迪Q5L,倾向本品,待定,,受访者关注价格权益，主要用于长途自驾；同时对售后维修成本仍有疑问，决策中会对比理想i6；奥迪Q5L。,先围绕长途自驾场景切入，再把价格权益转化为可感知体验；对售后维修成本需结合竞品对比和真实用车成本解释。,公开资料方向拟定/模拟问卷样本,基于车型定位、价格段、能源形式、公开车主口碑和公开用户画像报告拟定；仅用于产品Demo，不代表真实调研结果。,2024增换购用户需求洞察｜汽车之家研究院,https://www.autohome.com.cn/news/202409/1300865.html
S045-06,广汽丰田,汉兰达,汉兰达,24.84-32.58万,20-30万,传统燃料；常规混合动力,SUV,中型,7座；5座,重庆市,2026-07-12,31-35岁,男,企业职员,50-80万,三代同堂,4人,是,是,15-25万合资/自主车,换购,15-25万合资/自主车,20-40万,已试驾,2周-1个月,家庭共同决策,子女；车主评价,家庭出行升级；空间升级；通勤代步,周末短途；长途自驾；接送孩子,KOL评测；小红书/抖音内容；懂车帝/汽车之家口碑,否,售后服务；保值率；安全性,希望在预算内获得更稳定的综合体验,停车便利性；售后维修成本,奥迪Q5L；Model Y；大唐,倾向本品,待定,,受访者关注售后服务，主要用于周末短途；同时对停车便利性仍有疑问，决策中会对比奥迪Q5L；Model Y；大唐。,先围绕周末短途场景切入，再把售后服务转化为可感知体验；对停车便利性需结合竞品对比和真实用车成本解释。,公开资料方向拟定/模拟问卷样本,基于车型定位、价格段、能源形式、公开车主口碑和公开用户画像报告拟定；仅用于产品Demo，不代表真实调研结果。,2024增换购用户需求洞察｜汽车之家研究院,https://www.autohome.com.cn/news/202409/1300865.html
S045-07,广汽丰田,汉兰达,汉兰达,24.84-32.58万,20-30万,传统燃料；常规混合动力,SUV,中型,7座；5座,四川省,2026-07-24,31-35岁,女,互联网/科技从业者,30-50万,已婚无孩,3人,否,否,无车,首购,无车,20-40万,对比评估,2周-1个月,家庭共同决策,配偶；车主评价；朋友/同事,通勤代步；商务接待；家庭出行升级,长途自驾；城市通勤,小红书/抖音内容；懂车帝/汽车之家口碑；朋友/同事推荐,是,可靠性；安全性；品牌认知,在意品牌形象和商务/社交场景认可度,第三排舒适性；保养维修费用；保值率,Model Y；大唐,倾向本品,待定,,受访者关注可靠性，主要用于长途自驾；同时对第三排舒适性仍有疑问，决策中会对比Model Y；大唐。,先围绕长途自驾场景切入，再把可靠性转化为可感知体验；对第三排舒适性需结合竞品对比和真实用车成本解释。,公开资料方向拟定/模拟问卷样本,基于车型定位、价格段、能源形式、公开车主口碑和公开用户画像报告拟定；仅用于产品Demo，不代表真实调研结果。,2024增换购用户需求洞察｜汽车之家研究院,https://www.autohome.com.cn/news/202409/1300865.html
S045-08,广汽丰田,汉兰达,汉兰达,24.84-32.58万,20-30万,传统燃料；常规混合动力,SUV,中型,7座；5座,福建省,2026-08-19,31-35岁,男,中基层管理者,30-50万,已婚一孩,2人,是,否,无车,首购,无车,20-40万,已试驾,2周-1个月,本人+配偶,配偶；KOL/博主,商务接待；通勤代步；家庭出行升级,周末短途；接送孩子,朋友/同事推荐；懂车帝/汽车之家口碑,是,品牌认知；保值率；第三排/多人乘坐,在意品牌形象和商务/社交场景认可度,车身尺寸是否好开；油耗是否偏高,大唐；问界M6,转向竞品,否,家人更认可竞品,受访者关注品牌认知，主要用于周末短途；同时对车身尺寸是否好开仍有疑问，决策中会对比大唐；问界M6。,先围绕周末短途场景切入，再把品牌认知转化为可感知体验；对车身尺寸是否好开需结合竞品对比和真实用车成本解释。,公开资料方向拟定/模拟问卷样本,基于车型定位、价格段、能源形式、公开车主口碑和公开用户画像报告拟定；仅用于产品Demo，不代表真实调研结果。,2024增换购用户需求洞察｜汽车之家研究院,https://www.autohome.com.cn/news/202409/1300865.html
S046-01,一汽奥迪,奥迪A4L,奥迪A4L,28.98-36.28万,30-40万,传统燃料,轿车,中型,5座,四川省,2026-07-09,41-45岁,男,企业高管/企业主,50-80万,已婚二孩及以上,5人及以上,是,否,家中已有燃油车,增购,家中已有燃油车,20-40万,对比评估,1-2个月,本人,KOL/博主；子女；车主评价,换新能源；空间升级,周末短途；城市通勤；商务接待,KOL评测；懂车帝/汽车之家口碑,是,商务形象；价格权益；后排空间；静谧性,希望同预算下配置和权益更划算,车机智能化不足；竞品是否更强,宝马3系；奔驰C级,价格合适会买,待定,,受访者关注商务形象，主要用于周末短途；同时对车机智能化不足仍有疑问，决策中会对比宝马3系；奔驰C级。,先围绕周末短途场景切入，再把商务形象转化为可感知体验；对车机智能化不足需结合竞品对比和真实用车成本解释。,公开资料方向拟定/模拟问卷样本,基于车型定位、价格段、能源形式、公开车主口碑和公开用户画像报告拟定；仅用于产品Demo，不代表真实调研结果。,奥迪A6L公开车主口碑｜懂车帝,https://www.dongchedi.com/auto/series/score/99-x-S0-P107-x-x-x
S046-02,一汽奥迪,奥迪A4L,奥迪A4L,28.98-36.28万,30-40万,传统燃料,轿车,中型,5座,陕西省,2026-08-03,36-40岁,女,企业高管/企业主,30-50万,商务/个人用车,2人,否,否,15-25万合资/自主车,换购,15-25万合资/自主车,20-40万,流失/转向竞品,1-2个月,企业/业务需求,KOL/博主；车主评价,空间升级；家庭兼商务；品牌升级,家庭出行；周末短途,小红书/抖音内容；品牌直营店/4S店,否,价格权益；优惠力度；售后服务；驾驶质感,希望同预算下配置和权益更划算,车机/智能化是否落后；后排空间是否够用,奔驰C级；小米SU7,已购,是,,受访者关注价格权益，主要用于家庭出行；同时对车机/智能化是否落后仍有疑问，决策中会对比奔驰C级；小米SU7。,先围绕家庭出行场景切入，再把价格权益转化为可感知体验；对车机/智能化是否落后需结合竞品对比和真实用车成本解释。,公开资料方向拟定/模拟问卷样本,基于车型定位、价格段、能源形式、公开车主口碑和公开用户画像报告拟定；仅用于产品Demo，不代表真实调研结果。,奥迪A6L公开车主口碑｜懂车帝,https://www.dongchedi.com/auto/series/score/99-x-S0-P107-x-x-x
S046-03,一汽奥迪,奥迪A4L,奥迪A4L,28.98-36.28万,30-40万,传统燃料,轿车,中型,5座,四川省,2026-06-13,46岁以上,男,公务员/事业单位,30-50万,已婚无孩,3人,否,否,15-25万合资/自主车,换购,15-25万合资/自主车,20-40万,已下订,2个月以上,企业/业务需求,朋友/同事；KOL/博主,家庭出行升级；通勤代步,周末短途；商务接待,小红书/抖音内容；懂车帝/汽车之家口碑,是,外观设计；品牌认知；保值率,在意品牌形象和商务/社交场景认可度,竞品是否更强；配置性价比,小米SU7；凯美瑞；雅阁,已购,是,,受访者关注外观设计，主要用于周末短途；同时对竞品是否更强仍有疑问，决策中会对比小米SU7；凯美瑞；雅阁。,先围绕周末短途场景切入，再把外观设计转化为可感知体验；对竞品是否更强需结合竞品对比和真实用车成本解释。,公开资料方向拟定/模拟问卷样本,基于车型定位、价格段、能源形式、公开车主口碑和公开用户画像报告拟定；仅用于产品Demo，不代表真实调研结果。,奥迪A6L公开车主口碑｜懂车帝,https://www.dongchedi.com/auto/series/score/99-x-S0-P107-x-x-x
S046-04,一汽奥迪,奥迪A4L,奥迪A4L,28.98-36.28万,30-40万,传统燃料,轿车,中型,5座,江苏省,2026-06-24,41-45岁,男,企业高管/企业主,30-50万,已婚一孩,4人,是,否,15-25万合资/自主车,换购,15-25万合资/自主车,20-40万,对比评估,2周-1个月,企业/业务需求,车主评价；子女；配偶,家庭兼商务；通勤代步,家庭出行；商务接待；周末短途,品牌直营店/4S店；朋友/同事推荐,否,售后服务；优惠力度；后排空间；可靠性,希望在预算内获得更稳定的综合体验,底盘舒适性；保养维修费用,凯美瑞；雅阁,转向竞品,否,竞品智驾更强,受访者关注售后服务，主要用于家庭出行；同时对底盘舒适性仍有疑问，决策中会对比凯美瑞；雅阁。,先围绕家庭出行场景切入，再把售后服务转化为可感知体验；对底盘舒适性需结合竞品对比和真实用车成本解释。,公开资料方向拟定/模拟问卷样本,基于车型定位、价格段、能源形式、公开车主口碑和公开用户画像报告拟定；仅用于产品Demo，不代表真实调研结果。,奥迪A6L公开车主口碑｜懂车帝,https://www.dongchedi.com/auto/series/score/99-x-S0-P107-x-x-x
S046-05,一汽奥迪,奥迪A4L,奥迪A4L,28.98-36.28万,30-40万,传统燃料,轿车,中型,5座,上海市,2026-07-11,41-45岁,男,私营业主/个体经营者,50-80万,已婚无孩,2人,否,是,家中已有燃油车,增购,家中已有燃油车,20-40万,对比评估,2周-1个月,本人,朋友/同事；KOL/博主,家庭出行升级；换新能源,家庭出行；城市通勤,朋友/同事推荐；KOL评测；车主群/社群讨论,否,优惠力度；驾驶质感；可靠性；空间舒适,希望兼顾家人乘坐和周末出行,后备厢空间；车机智能化不足,雅阁；宝马3系,转向竞品,否,品牌认可度更高,受访者关注优惠力度，主要用于家庭出行；同时对后备厢空间仍有疑问，决策中会对比雅阁；宝马3系。,先围绕家庭出行场景切入，再把优惠力度转化为可感知体验；对后备厢空间需结合竞品对比和真实用车成本解释。,公开资料方向拟定/模拟问卷样本,基于车型定位、价格段、能源形式、公开车主口碑和公开用户画像报告拟定；仅用于产品Demo，不代表真实调研结果。,奥迪A6L公开车主口碑｜懂车帝,https://www.dongchedi.com/auto/series/score/99-x-S0-P107-x-x-x
S046-06,一汽奥迪,奥迪A4L,奥迪A4L,28.98-36.28万,30-40万,传统燃料,轿车,中型,5座,山东省,2026-06-16,41-45岁,男,私营业主/个体经营者,30-50万,已婚一孩,4人,是,否,15-25万合资/自主车,换购,15-25万合资/自主车,20-40万,初步了解,2个月以上,本人,KOL/博主；配偶,空间升级；家庭兼商务,家庭出行；周末短途,品牌直营店/4S店；车主群/社群讨论,是,保值率；后排空间；优惠力度,希望在预算内获得更稳定的综合体验,售后维修成本；保养维修成本；配置性价比,宝马3系；奔驰C级；小米SU7,倾向本品,待定,,受访者关注保值率，主要用于家庭出行；同时对售后维修成本仍有疑问，决策中会对比宝马3系；奔驰C级；小米SU7。,先围绕家庭出行场景切入，再把保值率转化为可感知体验；对售后维修成本需结合竞品对比和真实用车成本解释。,公开资料方向拟定/模拟问卷样本,基于车型定位、价格段、能源形式、公开车主口碑和公开用户画像报告拟定；仅用于产品Demo，不代表真实调研结果。,奥迪A6L公开车主口碑｜懂车帝,https://www.dongchedi.com/auto/series/score/99-x-S0-P107-x-x-x
S046-07,一汽奥迪,奥迪A4L,奥迪A4L,28.98-36.28万,30-40万,传统燃料,轿车,中型,5座,浙江省,2026-07-18,41-45岁,男,私营业主/个体经营者,80-100万,已婚一孩,3人,是,否,家中已有燃油车,增购,家中已有燃油车,20-40万,已试驾,1-2个月,企业/业务需求,KOL/博主；车主评价,商务接待；换新能源,商务接待；城市通勤,小红书/抖音内容；品牌直营店/4S店,是,保值率；售后服务；可靠性；空间舒适,希望兼顾家人乘坐和周末出行,车机智能化不足；保养维修费用；底盘舒适性,奔驰C级；小米SU7,倾向本品,待定,,受访者关注保值率，主要用于商务接待；同时对车机智能化不足仍有疑问，决策中会对比奔驰C级；小米SU7。,先围绕商务接待场景切入，再把保值率转化为可感知体验；对车机智能化不足需结合竞品对比和真实用车成本解释。,公开资料方向拟定/模拟问卷样本,基于车型定位、价格段、能源形式、公开车主口碑和公开用户画像报告拟定；仅用于产品Demo，不代表真实调研结果。,奥迪A6L公开车主口碑｜懂车帝,https://www.dongchedi.com/auto/series/score/99-x-S0-P107-x-x-x
S046-08,一汽奥迪,奥迪A4L,奥迪A4L,28.98-36.28万,30-40万,传统燃料,轿车,中型,5座,上海市,2026-08-20,41-45岁,不便透露,企业高管/企业主,50-80万,已婚一孩,2人,是,否,15-25万合资/自主车,换购,15-25万合资/自主车,20-40万,对比评估,2个月以上,本人,KOL/博主；配偶；子女,空间升级；换新能源；通勤代步,商务接待；周末短途；家庭出行,车主群/社群讨论；小红书/抖音内容；品牌直营店/4S店,是,品牌认知；空间舒适；保值率,希望兼顾家人乘坐和周末出行；在意品牌形象和商务/社交场景认可度,油耗是否偏高；价格是否值得；竞品是否更强,小米SU7；凯美瑞,已下订,是,,受访者关注品牌认知，主要用于商务接待；同时对油耗是否偏高仍有疑问，决策中会对比小米SU7；凯美瑞。,先围绕商务接待场景切入，再把品牌认知转化为可感知体验；对油耗是否偏高需结合竞品对比和真实用车成本解释。,公开资料方向拟定/模拟问卷样本,基于车型定位、价格段、能源形式、公开车主口碑和公开用户画像报告拟定；仅用于产品Demo，不代表真实调研结果。,奥迪A6L公开车主口碑｜懂车帝,https://www.dongchedi.com/auto/series/score/99-x-S0-P107-x-x-x
S046-09,一汽奥迪,奥迪A4L,奥迪A4L,28.98-36.28万,30-40万,传统燃料,轿车,中型,5座,福建省,2026-08-27,31-35岁,男,企业高管/企业主,50-80万,已婚一孩,4人,是,是,15-25万合资/自主车,换购,15-25万合资/自主车,20-40万,已购/用车复盘,1-2个月,本人+配偶,配偶；KOL/博主；子女,品牌升级；商务接待；家庭兼商务,周末短途；城市通勤,车主群/社群讨论；小红书/抖音内容；朋友/同事推荐,否,品牌体面感；空间舒适；商务形象,希望兼顾家人乘坐和周末出行；在意品牌形象和商务/社交场景认可度,车机/智能化是否落后；保养维修费用,凯美瑞；雅阁；宝马3系,倾向本品,待定,,受访者关注品牌体面感，主要用于周末短途；同时对车机/智能化是否落后仍有疑问，决策中会对比凯美瑞；雅阁；宝马3系。,先围绕周末短途场景切入，再把品牌体面感转化为可感知体验；对车机/智能化是否落后需结合竞品对比和真实用车成本解释。,公开资料方向拟定/模拟问卷样本,基于车型定位、价格段、能源形式、公开车主口碑和公开用户画像报告拟定；仅用于产品Demo，不代表真实调研结果。,奥迪A6L公开车主口碑｜懂车帝,https://www.dongchedi.com/auto/series/score/99-x-S0-P107-x-x-x
S046-10,一汽奥迪,奥迪A4L,奥迪A4L,28.98-36.28万,30-40万,传统燃料,轿车,中型,5座,北京市,2026-08-13,41-45岁,女,公务员/事业单位,30-50万,已婚一孩,3人,是,否,15-25万合资/自主车,换购,15-25万合资/自主车,20-40万,已购/用车复盘,2个月以上,企业/业务需求,KOL/博主；父母,通勤代步；商务接待；家庭兼商务,城市通勤；商务接待；家庭出行,小红书/抖音内容；品牌直营店/4S店,否,优惠力度；后排空间；品牌认知,在意品牌形象和商务/社交场景认可度,保养维修成本；车机智能化不足；保养维修费用,雅阁；宝马3系,价格合适会买,待定,,受访者关注优惠力度，主要用于城市通勤；同时对保养维修成本仍有疑问，决策中会对比雅阁；宝马3系。,先围绕城市通勤场景切入，再把优惠力度转化为可感知体验；对保养维修成本需结合竞品对比和真实用车成本解释。,公开资料方向拟定/模拟问卷样本,基于车型定位、价格段、能源形式、公开车主口碑和公开用户画像报告拟定；仅用于产品Demo，不代表真实调研结果。,奥迪A6L公开车主口碑｜懂车帝,https://www.dongchedi.com/auto/series/score/99-x-S0-P107-x-x-x
S046-11,一汽奥迪,奥迪A4L,奥迪A4L,28.98-36.28万,30-40万,传统燃料,轿车,中型,5座,北京市,2026-06-24,36-40岁,男,企业高管/企业主,80-100万,已婚二孩及以上,5人及以上,是,否,家中已有燃油车,增购,家中已有燃油车,20-40万,已试驾,2个月以上,本人+配偶,车主评价；父母；KOL/博主,商务接待；家庭出行升级,城市通勤；商务接待；家庭出行,朋友/同事推荐；车主群/社群讨论,否,品牌认知；驾驶质感；保值率,在意品牌形象和商务/社交场景认可度,后排空间是否够用；后备厢空间,宝马3系；奔驰C级,倾向本品,待定,,受访者关注品牌认知，主要用于城市通勤；同时对后排空间是否够用仍有疑问，决策中会对比宝马3系；奔驰C级。,先围绕城市通勤场景切入，再把品牌认知转化为可感知体验；对后排空间是否够用需结合竞品对比和真实用车成本解释。,公开资料方向拟定/模拟问卷样本,基于车型定位、价格段、能源形式、公开车主口碑和公开用户画像报告拟定；仅用于产品Demo，不代表真实调研结果。,奥迪A6L公开车主口碑｜懂车帝,https://www.dongchedi.com/auto/series/score/99-x-S0-P107-x-x-x
S046-12,一汽奥迪,奥迪A4L,奥迪A4L,28.98-36.28万,30-40万,传统燃料,轿车,中型,5座,广东省,2026-07-04,31-35岁,女,私营业主/个体经营者,80-100万,商务/个人用车,2人,否,否,无车,首购,无车,20-40万,已购/用车复盘,1-2个月,本人+配偶,车主评价；销售顾问；朋友/同事,商务接待；品牌升级；空间升级,家庭出行；周末短途；商务接待,小红书/抖音内容；懂车帝/汽车之家口碑；车主群/社群讨论,是,品牌体面感；可靠性；后排空间；价格权益,在意品牌形象和商务/社交场景认可度；希望同预算下配置和权益更划算,竞品是否更强；配置性价比；售后维修成本,奔驰C级；小米SU7；凯美瑞,继续比较,待定,,受访者关注品牌体面感，主要用于家庭出行；同时对竞品是否更强仍有疑问，决策中会对比奔驰C级；小米SU7；凯美瑞。,先围绕家庭出行场景切入，再把品牌体面感转化为可感知体验；对竞品是否更强需结合竞品对比和真实用车成本解释。,公开资料方向拟定/模拟问卷样本,基于车型定位、价格段、能源形式、公开车主口碑和公开用户画像报告拟定；仅用于产品Demo，不代表真实调研结果。,奥迪A6L公开车主口碑｜懂车帝,https://www.dongchedi.com/auto/series/score/99-x-S0-P107-x-x-x
S046-13,一汽奥迪,奥迪A4L,奥迪A4L,28.98-36.28万,30-40万,传统燃料,轿车,中型,5座,江苏省,2026-08-19,41-45岁,女,中基层管理者,100万以上,已婚一孩,2人,是,否,15-25万合资/自主车,换购,15-25万合资/自主车,20-40万,对比评估,2周-1个月,本人,车主评价；配偶；父母,空间升级；商务接待,城市通勤；家庭出行；周末短途,品牌直营店/4S店；小红书/抖音内容,是,驾驶质感；商务形象；外观设计；安全性,希望在预算内获得更稳定的综合体验,保值率；车机智能化不足；竞品是否更强,小米SU7；凯美瑞,倾向本品,待定,,受访者关注驾驶质感，主要用于城市通勤；同时对保值率仍有疑问，决策中会对比小米SU7；凯美瑞。,先围绕城市通勤场景切入，再把驾驶质感转化为可感知体验；对保值率需结合竞品对比和真实用车成本解释。,公开资料方向拟定/模拟问卷样本,基于车型定位、价格段、能源形式、公开车主口碑和公开用户画像报告拟定；仅用于产品Demo，不代表真实调研结果。,奥迪A6L公开车主口碑｜懂车帝,https://www.dongchedi.com/auto/series/score/99-x-S0-P107-x-x-x
S046-14,一汽奥迪,奥迪A4L,奥迪A4L,28.98-36.28万,30-40万,传统燃料,轿车,中型,5座,江苏省,2026-07-04,41-45岁,女,中基层管理者,50-80万,已婚一孩,5人及以上,是,否,无车,首购,无车,20-40万,对比评估,2个月以上,本人+配偶,KOL/博主；父母,通勤代步；品牌升级,周末短途；城市通勤；商务接待,朋友/同事推荐；懂车帝/汽车之家口碑,否,保值率；通勤舒适；外观设计；售后服务,希望在预算内获得更稳定的综合体验,油耗是否偏高；车机/智能化是否落后,凯美瑞；雅阁,倾向本品,待定,,受访者关注保值率，主要用于周末短途；同时对油耗是否偏高仍有疑问，决策中会对比凯美瑞；雅阁。,先围绕周末短途场景切入，再把保值率转化为可感知体验；对油耗是否偏高需结合竞品对比和真实用车成本解释。,公开资料方向拟定/模拟问卷样本,基于车型定位、价格段、能源形式、公开车主口碑和公开用户画像报告拟定；仅用于产品Demo，不代表真实调研结果。,奥迪A6L公开车主口碑｜懂车帝,https://www.dongchedi.com/auto/series/score/99-x-S0-P107-x-x-x
S046-15,一汽奥迪,奥迪A4L,奥迪A4L,28.98-36.28万,30-40万,传统燃料,轿车,中型,5座,福建省,2026-08-15,41-45岁,男,企业高管/企业主,30-50万,已婚一孩,5人及以上,是,否,15-25万合资/自主车,换购,15-25万合资/自主车,20-40万,初步了解,2周-1个月,本人,父母；子女；配偶,换新能源；空间升级,城市通勤；商务接待；周末短途,品牌直营店/4S店；小红书/抖音内容；朋友/同事推荐,否,驾驶质感；保值率；品牌认知,在意品牌形象和商务/社交场景认可度,保养维修费用；竞品是否更强；后排空间是否够用,雅阁；宝马3系；奔驰C级,倾向本品,待定,,受访者关注驾驶质感，主要用于城市通勤；同时对保养维修费用仍有疑问，决策中会对比雅阁；宝马3系；奔驰C级。,先围绕城市通勤场景切入，再把驾驶质感转化为可感知体验；对保养维修费用需结合竞品对比和真实用车成本解释。,公开资料方向拟定/模拟问卷样本,基于车型定位、价格段、能源形式、公开车主口碑和公开用户画像报告拟定；仅用于产品Demo，不代表真实调研结果。,奥迪A6L公开车主口碑｜懂车帝,https://www.dongchedi.com/auto/series/score/99-x-S0-P107-x-x-x
S046-16,一汽奥迪,奥迪A4L,奥迪A4L,28.98-36.28万,30-40万,传统燃料,轿车,中型,5座,广东省,2026-06-13,41-45岁,男,企业高管/企业主,30-50万,已婚二孩及以上,5人及以上,是,是,无车,首购,无车,20-40万,初步了解,1-2个月,本人,子女；父母；KOL/博主,商务接待；空间升级；家庭出行升级,城市通勤；家庭出行,朋友/同事推荐；KOL评测,是,驾驶质感；售后服务；空间舒适,希望兼顾家人乘坐和周末出行,价格是否值得；底盘舒适性,宝马3系；奔驰C级,继续比较,待定,,受访者关注驾驶质感，主要用于城市通勤；同时对价格是否值得仍有疑问，决策中会对比宝马3系；奔驰C级。,先围绕城市通勤场景切入，再把驾驶质感转化为可感知体验；对价格是否值得需结合竞品对比和真实用车成本解释。,公开资料方向拟定/模拟问卷样本,基于车型定位、价格段、能源形式、公开车主口碑和公开用户画像报告拟定；仅用于产品Demo，不代表真实调研结果。,奥迪A6L公开车主口碑｜懂车帝,https://www.dongchedi.com/auto/series/score/99-x-S0-P107-x-x-x
S046-17,一汽奥迪,奥迪A4L,奥迪A4L,28.98-36.28万,30-40万,传统燃料,轿车,中型,5座,湖南省,2026-08-10,31-35岁,男,公务员/事业单位,30-50万,商务/个人用车,2人,否,否,无车,首购,无车,20-40万,价格谈判,1-2个月,本人,销售顾问；KOL/博主；车主评价,换新能源；品牌升级；商务接待,城市通勤；商务接待,懂车帝/汽车之家口碑；朋友/同事推荐,否,售后服务；品牌认知；静谧性,在意品牌形象和商务/社交场景认可度,配置性价比；竞品是否更强；后排地台隆起,奔驰C级；小米SU7,价格合适会买,待定,,受访者关注售后服务，主要用于城市通勤；同时对配置性价比仍有疑问，决策中会对比奔驰C级；小米SU7。,先围绕城市通勤场景切入，再把售后服务转化为可感知体验；对配置性价比需结合竞品对比和真实用车成本解释。,公开资料方向拟定/模拟问卷样本,基于车型定位、价格段、能源形式、公开车主口碑和公开用户画像报告拟定；仅用于产品Demo，不代表真实调研结果。,奥迪A6L公开车主口碑｜懂车帝,https://www.dongchedi.com/auto/series/score/99-x-S0-P107-x-x-x
S046-18,一汽奥迪,奥迪A4L,奥迪A4L,28.98-36.28万,30-40万,传统燃料,轿车,中型,5座,湖南省,2026-06-04,36-40岁,不便透露,企业高管/企业主,30-50万,商务/个人用车,4人,否,否,无车,首购,无车,20-40万,已购/用车复盘,1-2个月,本人,车主评价；销售顾问；朋友/同事,换新能源；品牌升级,商务接待；周末短途；家庭出行,朋友/同事推荐；小红书/抖音内容,是,售后服务；外观设计；安全性,希望在预算内获得更稳定的综合体验,后排空间是否够用；售后维修成本,小米SU7；凯美瑞；雅阁,转向竞品,否,品牌认可度更高,受访者关注售后服务，主要用于商务接待；同时对后排空间是否够用仍有疑问，决策中会对比小米SU7；凯美瑞；雅阁。,先围绕商务接待场景切入，再把售后服务转化为可感知体验；对后排空间是否够用需结合竞品对比和真实用车成本解释。,公开资料方向拟定/模拟问卷样本,基于车型定位、价格段、能源形式、公开车主口碑和公开用户画像报告拟定；仅用于产品Demo，不代表真实调研结果。,奥迪A6L公开车主口碑｜懂车帝,https://www.dongchedi.com/auto/series/score/99-x-S0-P107-x-x-x
S046-19,一汽奥迪,奥迪A4L,奥迪A4L,28.98-36.28万,30-40万,传统燃料,轿车,中型,5座,湖北省,2026-08-26,31-35岁,女,私营业主/个体经营者,80-100万,已婚二孩及以上,3人,是,否,家中已有燃油车,增购,家中已有燃油车,20-40万,已下订,2周-1个月,本人,KOL/博主；父母；子女,品牌升级；空间升级；家庭出行升级,周末短途；家庭出行；商务接待,小红书/抖音内容；懂车帝/汽车之家口碑,是,空间舒适；通勤舒适；保值率；可靠性,希望兼顾家人乘坐和周末出行,竞品是否更强；保养维修费用；价格是否值得,凯美瑞；雅阁,继续比较,待定,,受访者关注空间舒适，主要用于周末短途；同时对竞品是否更强仍有疑问，决策中会对比凯美瑞；雅阁。,先围绕周末短途场景切入，再把空间舒适转化为可感知体验；对竞品是否更强需结合竞品对比和真实用车成本解释。,公开资料方向拟定/模拟问卷样本,基于车型定位、价格段、能源形式、公开车主口碑和公开用户画像报告拟定；仅用于产品Demo，不代表真实调研结果。,奥迪A6L公开车主口碑｜懂车帝,https://www.dongchedi.com/auto/series/score/99-x-S0-P107-x-x-x
S046-20,一汽奥迪,奥迪A4L,奥迪A4L,28.98-36.28万,30-40万,传统燃料,轿车,中型,5座,山东省,2026-06-02,31-35岁,男,企业高管/企业主,50-80万,已婚二孩及以上,3人,是,否,无车,首购,无车,20-40万,已试驾,2个月以上,企业/业务需求,子女；KOL/博主,家庭出行升级；通勤代步,城市通勤；家庭出行；商务接待,懂车帝/汽车之家口碑；品牌直营店/4S店,是,优惠力度；可靠性；静谧性,希望在预算内获得更稳定的综合体验,配置性价比；价格是否值得；车机/智能化是否落后,雅阁；宝马3系,倾向本品,待定,,受访者关注优惠力度，主要用于城市通勤；同时对配置性价比仍有疑问，决策中会对比雅阁；宝马3系。,先围绕城市通勤场景切入，再把优惠力度转化为可感知体验；对配置性价比需结合竞品对比和真实用车成本解释。,公开资料方向拟定/模拟问卷样本,基于车型定位、价格段、能源形式、公开车主口碑和公开用户画像报告拟定；仅用于产品Demo，不代表真实调研结果。,奥迪A6L公开车主口碑｜懂车帝,https://www.dongchedi.com/auto/series/score/99-x-S0-P107-x-x-x
S047-01,小米汽车,小米SU7,小米SU7,21.99-30.39万,20-30万,纯电动,轿车,中大型车,5座,陕西省,2026-06-27,26-30岁,男,互联网/科技从业者,20-30万,已婚无孩,2人,否,否,无车,首购,无车,20-40万,已试驾,1-2个月,本人,朋友/同事；车主评价,个性表达；科技品牌认同；低成本出行,充电便利场景；城市通勤；周末短途,品牌直营店/4S店；小红书/抖音内容；朋友/同事推荐,是,通勤舒适；智能座舱；驾驶质感,希望在预算内获得更稳定的综合体验,后排空间；价格是否值得,Model Y；宝马3系,价格合适会买,待定,,受访者关注通勤舒适，主要用于充电便利场景；同时对后排空间仍有疑问，决策中会对比Model Y；宝马3系。,先围绕充电便利场景场景切入，再把通勤舒适转化为可感知体验；对后排空间需结合竞品对比和真实用车成本解释。,公开资料方向拟定/模拟问卷样本,基于车型定位、价格段、能源形式、公开车主口碑和公开用户画像报告拟定；仅用于产品Demo，不代表真实调研结果。,小米SU7首批大定车主调研报告｜42号车库,https://www.thepaper.cn/newsDetail_forward_26971400
S047-02,小米汽车,小米SU7,小米SU7,21.99-30.39万,20-30万,纯电动,轿车,中大型车,5座,上海市,2026-07-08,31-35岁,女,自由职业/内容创作者,50-80万,恋爱/情侣同住,1人,否,是,无车,首购,无车,20-40万,已购/用车复盘,2周-1个月,本人,KOL/博主；配偶,通勤代步；科技品牌认同；空间升级,城市通勤；周末短途,车主群/社群讨论；朋友/同事推荐,是,小米生态；外观设计；品牌认知,在意品牌形象和商务/社交场景认可度,竞品是否更强；价格是否值得,Model Y；宝马3系,价格合适会买,待定,,受访者关注小米生态，主要用于城市通勤；同时对竞品是否更强仍有疑问，决策中会对比Model Y；宝马3系。,先围绕城市通勤场景切入，再把小米生态转化为可感知体验；对竞品是否更强需结合竞品对比和真实用车成本解释。,公开资料方向拟定/模拟问卷样本,基于车型定位、价格段、能源形式、公开车主口碑和公开用户画像报告拟定；仅用于产品Demo，不代表真实调研结果。,小米SU7首批大定车主调研报告｜42号车库,https://www.thepaper.cn/newsDetail_forward_26971400
S047-03,小米汽车,小米SU7,小米SU7,21.99-30.39万,20-30万,纯电动,轿车,中大型车,5座,四川省,2026-06-06,26-30岁,男,企业职员,50-80万,恋爱/情侣同住,2人,否,是,15-25万合资/自主车,换购,15-25万合资/自主车,20-40万,已购/用车复盘,2周-1个月,本人+配偶,配偶；朋友/同事,低成本出行；智能生态联动,家庭出行；商务接待；周末短途,小红书/抖音内容；品牌直营店/4S店,否,智能座舱；价格权益；智能驾驶；安全性,希望降低通勤和长途驾驶压力；希望同预算下配置和权益更划算,后排空间是否够用；售后服务成熟度,Model Y；宝马3系；奥迪A4L,倾向本品,待定,,受访者关注智能座舱，主要用于家庭出行；同时对后排空间是否够用仍有疑问，决策中会对比Model Y；宝马3系；奥迪A4L。,先围绕家庭出行场景切入，再把智能座舱转化为可感知体验；对后排空间是否够用需结合竞品对比和真实用车成本解释。,公开资料方向拟定/模拟问卷样本,基于车型定位、价格段、能源形式、公开车主口碑和公开用户画像报告拟定；仅用于产品Demo，不代表真实调研结果。,小米SU7首批大定车主调研报告｜42号车库,https://www.thepaper.cn/newsDetail_forward_26971400
S047-04,小米汽车,小米SU7,小米SU7,21.99-30.39万,20-30万,纯电动,轿车,中大型车,5座,北京市,2026-08-25,31-35岁,男,互联网/科技从业者,30-50万,已婚一孩,4人,是,否,无车,首购,无车,20-40万,已下订,2个月以上,本人,配偶；车主评价,科技品牌认同；家庭出行升级,充电便利场景；商务接待；周末短途,KOL评测；朋友/同事推荐；懂车帝/汽车之家口碑,是,售后服务；价格权益；空间舒适,希望兼顾家人乘坐和周末出行；希望同预算下配置和权益更划算,后排空间是否够用；交付周期,Model Y；宝马3系,倾向本品,待定,,受访者关注售后服务，主要用于充电便利场景；同时对后排空间是否够用仍有疑问，决策中会对比Model Y；宝马3系。,先围绕充电便利场景场景切入，再把售后服务转化为可感知体验；对后排空间是否够用需结合竞品对比和真实用车成本解释。,公开资料方向拟定/模拟问卷样本,基于车型定位、价格段、能源形式、公开车主口碑和公开用户画像报告拟定；仅用于产品Demo，不代表真实调研结果。,小米SU7首批大定车主调研报告｜42号车库,https://www.thepaper.cn/newsDetail_forward_26971400
S047-05,小米汽车,小米SU7,小米SU7,21.99-30.39万,20-30万,纯电动,轿车,中大型车,5座,北京市,2026-08-24,36-40岁,男,互联网/科技从业者,30-50万,恋爱/情侣同住,1人,否,否,家中已有燃油车,增购,家中已有燃油车,20-40万,已购/用车复盘,2个月以上,本人,朋友/同事；KOL/博主,家庭出行升级；空间升级；个性表达,周末短途；家庭出行；城市通勤,车主群/社群讨论；品牌直营店/4S店,是,智能座舱；空间舒适；安全性,希望兼顾家人乘坐和周末出行,底盘舒适性；售后维修成本；后排空间,Model Y；宝马3系,倾向本品,待定,,受访者关注智能座舱，主要用于周末短途；同时对底盘舒适性仍有疑问，决策中会对比Model Y；宝马3系。,先围绕周末短途场景切入，再把智能座舱转化为可感知体验；对底盘舒适性需结合竞品对比和真实用车成本解释。,公开资料方向拟定/模拟问卷样本,基于车型定位、价格段、能源形式、公开车主口碑和公开用户画像报告拟定；仅用于产品Demo，不代表真实调研结果。,小米SU7首批大定车主调研报告｜42号车库,https://www.thepaper.cn/newsDetail_forward_26971400
S047-06,小米汽车,小米SU7,小米SU7,21.99-30.39万,20-30万,纯电动,轿车,中大型车,5座,山东省,2026-07-09,31-35岁,男,企业职员,30-50万,恋爱/情侣同住,3人,否,是,15-25万合资/自主车,换购,15-25万合资/自主车,20-40万,对比评估,1-2个月,本人,车主评价；KOL/博主,空间升级；科技品牌认同；智能生态联动,商务接待；充电便利场景；家庭出行,品牌直营店/4S店；朋友/同事推荐,是,驾驶质感；售后服务；保值率,希望在预算内获得更稳定的综合体验,售后网络是否成熟；补能是否方便,Model Y；宝马3系；奥迪A4L,倾向本品,待定,,受访者关注驾驶质感，主要用于商务接待；同时对售后网络是否成熟仍有疑问，决策中会对比Model Y；宝马3系；奥迪A4L。,先围绕商务接待场景切入，再把驾驶质感转化为可感知体验；对售后网络是否成熟需结合竞品对比和真实用车成本解释。,公开资料方向拟定/模拟问卷样本,基于车型定位、价格段、能源形式、公开车主口碑和公开用户画像报告拟定；仅用于产品Demo，不代表真实调研结果。,小米SU7首批大定车主调研报告｜42号车库,https://www.thepaper.cn/newsDetail_forward_26971400
S047-07,小米汽车,小米SU7,小米SU7,21.99-30.39万,20-30万,纯电动,轿车,中大型车,5座,湖南省,2026-08-23,18-25岁,男,企业职员,30-50万,已婚一孩,4人,是,否,家中已有燃油车,增购,家中已有燃油车,20-40万,已购/用车复盘,2周-1个月,本人,车主评价；子女；KOL/博主,换新能源；智能化体验；科技品牌认同,家庭出行；充电便利场景；周末短途,朋友/同事推荐；KOL评测；懂车帝/汽车之家口碑,是,外观设计；小米生态；智能座舱,希望在预算内获得更稳定的综合体验,智能化是否稳定；底盘舒适性；后排空间,Model Y；宝马3系,倾向本品,待定,,受访者关注外观设计，主要用于家庭出行；同时对智能化是否稳定仍有疑问，决策中会对比Model Y；宝马3系。,先围绕家庭出行场景切入，再把外观设计转化为可感知体验；对智能化是否稳定需结合竞品对比和真实用车成本解释。,公开资料方向拟定/模拟问卷样本,基于车型定位、价格段、能源形式、公开车主口碑和公开用户画像报告拟定；仅用于产品Demo，不代表真实调研结果。,小米SU7首批大定车主调研报告｜42号车库,https://www.thepaper.cn/newsDetail_forward_26971400
S047-08,小米汽车,小米SU7,小米SU7,21.99-30.39万,20-30万,纯电动,轿车,中大型车,5座,上海市,2026-06-01,26-30岁,女,企业职员,50-80万,已婚无孩,3人,否,否,15-25万合资/自主车,换购,15-25万合资/自主车,20-40万,已试驾,2周-1个月,本人+配偶,KOL/博主；朋友/同事；配偶,换新能源；智能生态联动,家庭出行；周末短途；充电便利场景,KOL评测；朋友/同事推荐；品牌直营店/4S店,是,智能驾驶；科技感；保值率；驾驶质感,希望降低通勤和长途驾驶压力,售后网络是否成熟；后排空间,Model Y；宝马3系,倾向本品,待定,,受访者关注智能驾驶，主要用于家庭出行；同时对售后网络是否成熟仍有疑问，决策中会对比Model Y；宝马3系。,先围绕家庭出行场景切入，再把智能驾驶转化为可感知体验；对售后网络是否成熟需结合竞品对比和真实用车成本解释。,公开资料方向拟定/模拟问卷样本,基于车型定位、价格段、能源形式、公开车主口碑和公开用户画像报告拟定；仅用于产品Demo，不代表真实调研结果。,小米SU7首批大定车主调研报告｜42号车库,https://www.thepaper.cn/newsDetail_forward_26971400
S047-09,小米汽车,小米SU7,小米SU7,21.99-30.39万,20-30万,纯电动,轿车,中大型车,5座,北京市,2026-07-25,26-30岁,男,中基层管理者,30-50万,已婚一孩,4人,是,是,家中已有燃油车,增购,家中已有燃油车,20-40万,价格谈判,2周-1个月,本人,KOL/博主；父母；子女,换新能源；家庭出行升级,家庭出行；城市通勤；充电便利场景,朋友/同事推荐；小红书/抖音内容,否,驾驶质感；智能驾驶；小米生态,希望降低通勤和长途驾驶压力,售后维修成本；补能是否方便；后排空间,Model Y；宝马3系；奥迪A4L,价格合适会买,待定,,受访者关注驾驶质感，主要用于家庭出行；同时对售后维修成本仍有疑问，决策中会对比Model Y；宝马3系；奥迪A4L。,先围绕家庭出行场景切入，再把驾驶质感转化为可感知体验；对售后维修成本需结合竞品对比和真实用车成本解释。,公开资料方向拟定/模拟问卷样本,基于车型定位、价格段、能源形式、公开车主口碑和公开用户画像报告拟定；仅用于产品Demo，不代表真实调研结果。,小米SU7首批大定车主调研报告｜42号车库,https://www.thepaper.cn/newsDetail_forward_26971400
S047-10,小米汽车,小米SU7,小米SU7,21.99-30.39万,20-30万,纯电动,轿车,中大型车,5座,重庆市,2026-08-03,26-30岁,女,互联网/科技从业者,50-80万,恋爱/情侣同住,1人,否,否,15-25万合资/自主车,换购,15-25万合资/自主车,20-40万,流失/转向竞品,1-2个月,本人+配偶,朋友/同事；配偶,个性表达；换新能源；科技品牌认同,家庭出行；充电便利场景；城市通勤,车主群/社群讨论；KOL评测；朋友/同事推荐,否,外观设计；空间舒适；品牌认知,希望兼顾家人乘坐和周末出行；在意品牌形象和商务/社交场景认可度,后备厢空间；售后网络是否成熟；保值率,Model Y；宝马3系,倾向本品,待定,,受访者关注外观设计，主要用于家庭出行；同时对后备厢空间仍有疑问，决策中会对比Model Y；宝马3系。,先围绕家庭出行场景切入，再把外观设计转化为可感知体验；对后备厢空间需结合竞品对比和真实用车成本解释。,公开资料方向拟定/模拟问卷样本,基于车型定位、价格段、能源形式、公开车主口碑和公开用户画像报告拟定；仅用于产品Demo，不代表真实调研结果。,小米SU7首批大定车主调研报告｜42号车库,https://www.thepaper.cn/newsDetail_forward_26971400
S047-11,小米汽车,小米SU7,小米SU7,21.99-30.39万,20-30万,纯电动,轿车,中大型车,5座,福建省,2026-07-07,26-30岁,女,互联网/科技从业者,50-80万,已婚无孩,4人,否,否,家中已有燃油车,增购,家中已有燃油车,20-40万,已试驾,1-2个月,本人,车主评价；朋友/同事；KOL/博主,家庭出行升级；科技品牌认同,商务接待；城市通勤；家庭出行,车主群/社群讨论；KOL评测,是,小米生态；空间舒适；智能驾驶；科技感,希望兼顾家人乘坐和周末出行；希望降低通勤和长途驾驶压力,续航达成率；后排空间是否够用,Model Y；宝马3系,已购,是,,受访者关注小米生态，主要用于商务接待；同时对续航达成率仍有疑问，决策中会对比Model Y；宝马3系。,先围绕商务接待场景切入，再把小米生态转化为可感知体验；对续航达成率需结合竞品对比和真实用车成本解释。,公开资料方向拟定/模拟问卷样本,基于车型定位、价格段、能源形式、公开车主口碑和公开用户画像报告拟定；仅用于产品Demo，不代表真实调研结果。,小米SU7首批大定车主调研报告｜42号车库,https://www.thepaper.cn/newsDetail_forward_26971400
S047-12,小米汽车,小米SU7,小米SU7,21.99-30.39万,20-30万,纯电动,轿车,中大型车,5座,浙江省,2026-08-13,26-30岁,男,互联网/科技从业者,30-50万,已婚无孩,3人,否,否,无车,首购,无车,20-40万,价格谈判,1-2周,本人,车主评价；配偶；KOL/博主,通勤代步；智能生态联动,商务接待；家庭出行；周末短途,懂车帝/汽车之家口碑；品牌直营店/4S店,是,空间舒适；安全性；外观设计,希望兼顾家人乘坐和周末出行,补能是否方便；品牌造车经验,Model Y；宝马3系；奥迪A4L,价格合适会买,待定,,受访者关注空间舒适，主要用于商务接待；同时对补能是否方便仍有疑问，决策中会对比Model Y；宝马3系；奥迪A4L。,先围绕商务接待场景切入，再把空间舒适转化为可感知体验；对补能是否方便需结合竞品对比和真实用车成本解释。,公开资料方向拟定/模拟问卷样本,基于车型定位、价格段、能源形式、公开车主口碑和公开用户画像报告拟定；仅用于产品Demo，不代表真实调研结果。,小米SU7首批大定车主调研报告｜42号车库,https://www.thepaper.cn/newsDetail_forward_26971400
S047-13,小米汽车,小米SU7,小米SU7,21.99-30.39万,20-30万,纯电动,轿车,中大型车,5座,四川省,2026-06-05,26-30岁,女,企业职员,30-50万,已婚无孩,2人,否,否,15-25万合资/自主车,换购,15-25万合资/自主车,20-40万,流失/转向竞品,1-2个月,本人,配偶；KOL/博主；朋友/同事,家庭出行升级；智能生态联动；换新能源,家庭出行；商务接待；城市通勤,KOL评测；朋友/同事推荐,否,保值率；驾驶质感；空间舒适,希望兼顾家人乘坐和周末出行,后排空间是否够用；补能是否方便；续航达成率,Model Y；宝马3系,倾向本品,待定,,受访者关注保值率，主要用于家庭出行；同时对后排空间是否够用仍有疑问，决策中会对比Model Y；宝马3系。,先围绕家庭出行场景切入，再把保值率转化为可感知体验；对后排空间是否够用需结合竞品对比和真实用车成本解释。,公开资料方向拟定/模拟问卷样本,基于车型定位、价格段、能源形式、公开车主口碑和公开用户画像报告拟定；仅用于产品Demo，不代表真实调研结果。,小米SU7首批大定车主调研报告｜42号车库,https://www.thepaper.cn/newsDetail_forward_26971400
S047-14,小米汽车,小米SU7,小米SU7,21.99-30.39万,20-30万,纯电动,轿车,中大型车,5座,安徽省,2026-06-10,31-35岁,女,企业职员,30-50万,恋爱/情侣同住,1人,否,否,15-25万合资/自主车,换购,15-25万合资/自主车,20-40万,已下订,1-2个月,本人,KOL/博主；配偶；朋友/同事,空间升级；家庭出行升级,城市通勤；周末短途,朋友/同事推荐；懂车帝/汽车之家口碑,是,安全性；智能座舱；智能驾驶；外观设计,希望降低通勤和长途驾驶压力,后排空间；售后维修成本,Model Y；宝马3系,倾向本品,待定,,受访者关注安全性，主要用于城市通勤；同时对后排空间仍有疑问，决策中会对比Model Y；宝马3系。,先围绕城市通勤场景切入，再把安全性转化为可感知体验；对后排空间需结合竞品对比和真实用车成本解释。,公开资料方向拟定/模拟问卷样本,基于车型定位、价格段、能源形式、公开车主口碑和公开用户画像报告拟定；仅用于产品Demo，不代表真实调研结果。,小米SU7首批大定车主调研报告｜42号车库,https://www.thepaper.cn/newsDetail_forward_26971400
S047-15,小米汽车,小米SU7,小米SU7,21.99-30.39万,20-30万,纯电动,轿车,中大型车,5座,上海市,2026-07-25,31-35岁,男,企业职员,20-30万,单身,3人,否,否,无车,首购,无车,20-40万,已试驾,2周-1个月,本人+配偶,销售顾问；车主评价；朋友/同事,通勤代步；换新能源,充电便利场景；城市通勤；周末短途,品牌直营店/4S店；朋友/同事推荐；小红书/抖音内容,是,安全性；保值率；小米生态,希望在预算内获得更稳定的综合体验,续航达成率；竞品是否更强；底盘舒适性,Model Y；宝马3系；奥迪A4L,倾向本品,待定,,受访者关注安全性，主要用于充电便利场景；同时对续航达成率仍有疑问，决策中会对比Model Y；宝马3系；奥迪A4L。,先围绕充电便利场景场景切入，再把安全性转化为可感知体验；对续航达成率需结合竞品对比和真实用车成本解释。,公开资料方向拟定/模拟问卷样本,基于车型定位、价格段、能源形式、公开车主口碑和公开用户画像报告拟定；仅用于产品Demo，不代表真实调研结果。,小米SU7首批大定车主调研报告｜42号车库,https://www.thepaper.cn/newsDetail_forward_26971400
S047-16,小米汽车,小米SU7,小米SU7,21.99-30.39万,20-30万,纯电动,轿车,中大型车,5座,山东省,2026-07-19,26-30岁,男,企业职员,30-50万,已婚无孩,1人,否,是,15-25万合资/自主车,换购,15-25万合资/自主车,20-40万,流失/转向竞品,2周-1个月,本人+配偶,KOL/博主；配偶；车主评价,个性表达；换新能源,家庭出行；周末短途,品牌直营店/4S店；小红书/抖音内容；朋友/同事推荐,否,智能驾驶；保值率；外观设计；通勤舒适,希望降低通勤和长途驾驶压力,售后网络是否成熟；底盘舒适性；售后维修成本,Model Y；宝马3系,倾向本品,待定,,受访者关注智能驾驶，主要用于家庭出行；同时对售后网络是否成熟仍有疑问，决策中会对比Model Y；宝马3系。,先围绕家庭出行场景切入，再把智能驾驶转化为可感知体验；对售后网络是否成熟需结合竞品对比和真实用车成本解释。,公开资料方向拟定/模拟问卷样本,基于车型定位、价格段、能源形式、公开车主口碑和公开用户画像报告拟定；仅用于产品Demo，不代表真实调研结果。,小米SU7首批大定车主调研报告｜42号车库,https://www.thepaper.cn/newsDetail_forward_26971400
S047-17,小米汽车,小米SU7,小米SU7,21.99-30.39万,20-30万,纯电动,轿车,中大型车,5座,山东省,2026-07-18,36-40岁,女,互联网/科技从业者,50-80万,已婚一孩,3人,是,否,家中已有燃油车,增购,家中已有燃油车,20-40万,已购/用车复盘,2周-1个月,本人,父母；KOL/博主；车主评价,科技品牌认同；低成本出行,充电便利场景；周末短途；商务接待,车主群/社群讨论；懂车帝/汽车之家口碑,是,保值率；价格权益；小米生态；运动性能,希望同预算下配置和权益更划算,后排空间是否够用；竞品是否更强,Model Y；宝马3系,倾向本品,待定,,受访者关注保值率，主要用于充电便利场景；同时对后排空间是否够用仍有疑问，决策中会对比Model Y；宝马3系。,先围绕充电便利场景场景切入，再把保值率转化为可感知体验；对后排空间是否够用需结合竞品对比和真实用车成本解释。,公开资料方向拟定/模拟问卷样本,基于车型定位、价格段、能源形式、公开车主口碑和公开用户画像报告拟定；仅用于产品Demo，不代表真实调研结果。,小米SU7首批大定车主调研报告｜42号车库,https://www.thepaper.cn/newsDetail_forward_26971400
S047-18,小米汽车,小米SU7,小米SU7,21.99-30.39万,20-30万,纯电动,轿车,中大型车,5座,上海市,2026-06-15,18-25岁,不便透露,企业职员,50-80万,已婚一孩,3人,是,是,无车,首购,无车,20-40万,价格谈判,1-2周,本人,配偶；子女；父母,低成本出行；空间升级；智能生态联动,家庭出行；周末短途,品牌直营店/4S店；懂车帝/汽车之家口碑,否,智能座舱；保值率；外观设计；小米生态,希望在预算内获得更稳定的综合体验,底盘舒适性；保值率,Model Y；宝马3系；奥迪A4L,已下订,是,,受访者关注智能座舱，主要用于家庭出行；同时对底盘舒适性仍有疑问，决策中会对比Model Y；宝马3系；奥迪A4L。,先围绕家庭出行场景切入，再把智能座舱转化为可感知体验；对底盘舒适性需结合竞品对比和真实用车成本解释。,公开资料方向拟定/模拟问卷样本,基于车型定位、价格段、能源形式、公开车主口碑和公开用户画像报告拟定；仅用于产品Demo，不代表真实调研结果。,小米SU7首批大定车主调研报告｜42号车库,https://www.thepaper.cn/newsDetail_forward_26971400
S047-19,小米汽车,小米SU7,小米SU7,21.99-30.39万,20-30万,纯电动,轿车,中大型车,5座,陕西省,2026-07-26,26-30岁,男,互联网/科技从业者,50-80万,恋爱/情侣同住,3人,否,否,家中已有燃油车,增购,家中已有燃油车,20-40万,已下订,1-2个月,朋友/KOL影响明显,配偶；车主评价,智能化体验；空间升级；低成本出行,周末短途；充电便利场景,车主群/社群讨论；小红书/抖音内容；朋友/同事推荐,是,运动性能；外观设计；通勤舒适；品牌认知,在意品牌形象和商务/社交场景认可度,竞品是否更强；保值率；售后维修成本,Model Y；宝马3系,价格合适会买,待定,,受访者关注运动性能，主要用于周末短途；同时对竞品是否更强仍有疑问，决策中会对比Model Y；宝马3系。,先围绕周末短途场景切入，再把运动性能转化为可感知体验；对竞品是否更强需结合竞品对比和真实用车成本解释。,公开资料方向拟定/模拟问卷样本,基于车型定位、价格段、能源形式、公开车主口碑和公开用户画像报告拟定；仅用于产品Demo，不代表真实调研结果。,小米SU7首批大定车主调研报告｜42号车库,https://www.thepaper.cn/newsDetail_forward_26971400
S047-20,小米汽车,小米SU7,小米SU7,21.99-30.39万,20-30万,纯电动,轿车,中大型车,5座,江苏省,2026-08-23,31-35岁,女,自由职业/内容创作者,30-50万,单身,3人,否,否,无车,首购,无车,20-40万,流失/转向竞品,2周-1个月,本人,车主评价；销售顾问,智能化体验；换新能源,周末短途；充电便利场景；家庭出行,品牌直营店/4S店；小红书/抖音内容；KOL评测,是,驾驶质感；运动性能；小米生态；安全性,希望在预算内获得更稳定的综合体验,售后服务成熟度；补能是否方便,Model Y；宝马3系,已购,是,,受访者关注驾驶质感，主要用于周末短途；同时对售后服务成熟度仍有疑问，决策中会对比Model Y；宝马3系。,先围绕周末短途场景切入，再把驾驶质感转化为可感知体验；对售后服务成熟度需结合竞品对比和真实用车成本解释。,公开资料方向拟定/模拟问卷样本,基于车型定位、价格段、能源形式、公开车主口碑和公开用户画像报告拟定；仅用于产品Demo，不代表真实调研结果。,小米SU7首批大定车主调研报告｜42号车库,https://www.thepaper.cn/newsDetail_forward_26971400
S048-01,岚图汽车,岚图泰山,岚图泰山,37.99-50.99万,40-50万,非增程式插混,SUV,大型,6座,四川省,2026-07-03,46岁以上,不便透露,企业高管/企业主,50-80万,已婚一孩,4人,是,是,无车,首购,无车,30-60万,对比评估,1-2个月,本人+配偶,父母；车主评价,通勤代步；减少里程焦虑；品牌升级,家庭出行；接送孩子,小红书/抖音内容；KOL评测；车主群/社群讨论,否,品牌认知；豪华感/质感；补能便利,在意品牌形象和商务/社交场景认可度,用车能耗/续航；保值率；售后维修成本,极氪9X；蔚来ES8,倾向本品,待定,,受访者关注品牌认知，主要用于家庭出行；同时对用车能耗/续航仍有疑问，决策中会对比极氪9X；蔚来ES8。,先围绕家庭出行场景切入，再把品牌认知转化为可感知体验；对用车能耗/续航需结合竞品对比和真实用车成本解释。,公开资料方向拟定/模拟问卷样本,基于车型定位、价格段、能源形式、公开车主口碑和公开用户画像报告拟定；仅用于产品Demo，不代表真实调研结果。,2024增换购用户需求洞察｜汽车之家研究院,https://www.autohome.com.cn/news/202409/1300865.html
S048-02,岚图汽车,岚图泰山,岚图泰山,37.99-50.99万,40-50万,非增程式插混,SUV,大型,6座,浙江省,2026-08-17,41-45岁,男,私营业主/个体经营者,50-80万,三代同堂,3人,是,是,15-25万合资/自主车,换购,15-25万合资/自主车,30-60万,对比评估,1-2个月,本人+配偶,配偶；父母,家庭出行升级；空间升级,多成员家庭出行；老人小孩乘坐；家庭出行,懂车帝/汽车之家口碑；朋友/同事推荐；小红书/抖音内容,是,智能座舱；保值率；空间舒适；补能便利,希望兼顾家人乘坐和周末出行,价格是否值得；价格权益是否稳定,蔚来ES8；理想L9,倾向本品,待定,,受访者关注智能座舱，主要用于多成员家庭出行；同时对价格是否值得仍有疑问，决策中会对比蔚来ES8；理想L9。,先围绕多成员家庭出行场景切入，再把智能座舱转化为可感知体验；对价格是否值得需结合竞品对比和真实用车成本解释。,公开资料方向拟定/模拟问卷样本,基于车型定位、价格段、能源形式、公开车主口碑和公开用户画像报告拟定；仅用于产品Demo，不代表真实调研结果。,2024增换购用户需求洞察｜汽车之家研究院,https://www.autohome.com.cn/news/202409/1300865.html
S048-03,岚图汽车,岚图泰山,岚图泰山,37.99-50.99万,40-50万,非增程式插混,SUV,大型,6座,山东省,2026-08-17,36-40岁,女,私营业主/个体经营者,80-100万,已婚二孩及以上,3人,是,是,15-25万合资/自主车,换购,15-25万合资/自主车,30-60万,价格谈判,2周-1个月,家庭共同决策,车主评价；配偶；父母,家庭出行升级；长途/自驾；商务接待,老人小孩乘坐；接送孩子；长途自驾,朋友/同事推荐；品牌直营店/4S店；小红书/抖音内容,是,补能便利；品牌认知；安全性,在意品牌形象和商务/社交场景认可度,增程/插混系统可靠性；停车便利性,理想L9；奔驰GLC新能源；蔚来ES9,倾向本品,待定,,受访者关注补能便利，主要用于老人小孩乘坐；同时对增程/插混系统可靠性仍有疑问，决策中会对比理想L9；奔驰GLC新能源；蔚来ES9。,先围绕老人小孩乘坐场景切入，再把补能便利转化为可感知体验；对增程/插混系统可靠性需结合竞品对比和真实用车成本解释。,公开资料方向拟定/模拟问卷样本,基于车型定位、价格段、能源形式、公开车主口碑和公开用户画像报告拟定；仅用于产品Demo，不代表真实调研结果。,2024增换购用户需求洞察｜汽车之家研究院,https://www.autohome.com.cn/news/202409/1300865.html
S048-04,岚图汽车,岚图泰山,岚图泰山,37.99-50.99万,40-50万,非增程式插混,SUV,大型,6座,北京市,2026-08-19,41-45岁,不便透露,中基层管理者,100万以上,三代同堂,4人,是,是,15-25万合资/自主车,换购,15-25万合资/自主车,30-60万,已试驾,2个月以上,本人+配偶,车主评价；父母；子女,减少里程焦虑；换新能源；家庭出行升级,长途自驾；多成员家庭出行,小红书/抖音内容；车主群/社群讨论；品牌直营店/4S店,否,保值率；价格权益；安全性,希望同预算下配置和权益更划算,车身尺寸是否好开；保值率,奔驰GLC新能源；蔚来ES9,倾向本品,待定,,受访者关注保值率，主要用于长途自驾；同时对车身尺寸是否好开仍有疑问，决策中会对比奔驰GLC新能源；蔚来ES9。,先围绕长途自驾场景切入，再把保值率转化为可感知体验；对车身尺寸是否好开需结合竞品对比和真实用车成本解释。,公开资料方向拟定/模拟问卷样本,基于车型定位、价格段、能源形式、公开车主口碑和公开用户画像报告拟定；仅用于产品Demo，不代表真实调研结果。,2024增换购用户需求洞察｜汽车之家研究院,https://www.autohome.com.cn/news/202409/1300865.html
S048-05,岚图汽车,岚图泰山,岚图泰山,37.99-50.99万,40-50万,非增程式插混,SUV,大型,6座,重庆市,2026-06-25,41-45岁,男,企业高管/企业主,30-50万,已婚一孩,3人,是,否,无车,首购,无车,30-60万,已试驾,1-2个月,父母参与,子女；父母；车主评价,换新能源；空间升级,城市通勤；多成员家庭出行,品牌直营店/4S店；KOL评测,是,空间舒适；价格权益；售后服务；品牌认知,希望兼顾家人乘坐和周末出行；在意品牌形象和商务/社交场景认可度；希望同预算下配置和权益更划算,车身尺寸是否好开；高端服务体验；售后维修成本,蔚来ES9；极氪9X,继续比较,待定,,受访者关注空间舒适，主要用于城市通勤；同时对车身尺寸是否好开仍有疑问，决策中会对比蔚来ES9；极氪9X。,先围绕城市通勤场景切入，再把空间舒适转化为可感知体验；对车身尺寸是否好开需结合竞品对比和真实用车成本解释。,公开资料方向拟定/模拟问卷样本,基于车型定位、价格段、能源形式、公开车主口碑和公开用户画像报告拟定；仅用于产品Demo，不代表真实调研结果。,2024增换购用户需求洞察｜汽车之家研究院,https://www.autohome.com.cn/news/202409/1300865.html
S048-06,岚图汽车,岚图泰山,岚图泰山,37.99-50.99万,40-50万,非增程式插混,SUV,大型,6座,上海市,2026-07-18,36-40岁,不便透露,中基层管理者,50-80万,已婚二孩及以上,2人,是,否,15-25万合资/自主车,换购,15-25万合资/自主车,30-60万,已下订,2个月以上,本人+配偶,KOL/博主；车主评价,换新能源；家庭出行升级；减少里程焦虑,家庭出行；长途自驾；老人小孩乘坐,小红书/抖音内容；品牌直营店/4S店,否,空间舒适；售后服务；豪华感/质感；乘坐舒适,希望兼顾家人乘坐和周末出行,增程/插混系统可靠性；权益透明度；用车能耗/续航,极氪9X；蔚来ES8；理想L9,倾向本品,待定,,受访者关注空间舒适，主要用于家庭出行；同时对增程/插混系统可靠性仍有疑问，决策中会对比极氪9X；蔚来ES8；理想L9。,先围绕家庭出行场景切入，再把空间舒适转化为可感知体验；对增程/插混系统可靠性需结合竞品对比和真实用车成本解释。,公开资料方向拟定/模拟问卷样本,基于车型定位、价格段、能源形式、公开车主口碑和公开用户画像报告拟定；仅用于产品Demo，不代表真实调研结果。,2024增换购用户需求洞察｜汽车之家研究院,https://www.autohome.com.cn/news/202409/1300865.html
S048-07,岚图汽车,岚图泰山,岚图泰山,37.99-50.99万,40-50万,非增程式插混,SUV,大型,6座,湖北省,2026-08-08,36-40岁,女,企业高管/企业主,100万以上,已婚一孩,3人,是,否,15-25万合资/自主车,换购,15-25万合资/自主车,30-60万,对比评估,2周-1个月,父母参与,子女；父母,减少里程焦虑；品牌升级；家庭品质升级,周末短途；家庭出行,小红书/抖音内容；车主群/社群讨论；品牌直营店/4S店,是,空间舒适；补能便利；保值率,希望兼顾家人乘坐和周末出行,高端服务体验；权益透明度,蔚来ES8；理想L9,倾向本品,待定,,受访者关注空间舒适，主要用于周末短途；同时对高端服务体验仍有疑问，决策中会对比蔚来ES8；理想L9。,先围绕周末短途场景切入，再把空间舒适转化为可感知体验；对高端服务体验需结合竞品对比和真实用车成本解释。,公开资料方向拟定/模拟问卷样本,基于车型定位、价格段、能源形式、公开车主口碑和公开用户画像报告拟定；仅用于产品Demo，不代表真实调研结果。,2024增换购用户需求洞察｜汽车之家研究院,https://www.autohome.com.cn/news/202409/1300865.html
S048-08,岚图汽车,岚图泰山,岚图泰山,37.99-50.99万,40-50万,非增程式插混,SUV,大型,6座,湖北省,2026-08-06,41-45岁,男,企业高管/企业主,100万以上,已婚一孩,3人,是,否,家中已有新能源车,增购,家中已有新能源车,30-60万,已购/用车复盘,2个月以上,本人+配偶,子女；车主评价；父母,空间升级；家庭品质升级,城市通勤；周末短途；家庭出行,懂车帝/汽车之家口碑；品牌直营店/4S店；车主群/社群讨论,是,空间舒适；售后服务；补能便利；安全性,希望兼顾家人乘坐和周末出行,高端服务体验；价格是否值得；价格权益是否稳定,理想L9；奔驰GLC新能源,已下订,是,,受访者关注空间舒适，主要用于城市通勤；同时对高端服务体验仍有疑问，决策中会对比理想L9；奔驰GLC新能源。,先围绕城市通勤场景切入，再把空间舒适转化为可感知体验；对高端服务体验需结合竞品对比和真实用车成本解释。,公开资料方向拟定/模拟问卷样本,基于车型定位、价格段、能源形式、公开车主口碑和公开用户画像报告拟定；仅用于产品Demo，不代表真实调研结果。,2024增换购用户需求洞察｜汽车之家研究院,https://www.autohome.com.cn/news/202409/1300865.html
S049-01,AITO问界,问界M9,问界M9,53.98-65.98万,50-60万,纯电动；增程式插混,SUV,大型,5座；6座,河南省,2026-08-28,41-45岁,女,中基层管理者,80-100万,已婚二孩及以上,5人及以上,是,否,无车,首购,无车,50-70万,已购/用车复盘,2周-1个月,本人+配偶,KOL/博主；子女,换新能源；减少里程焦虑,充电便利场景；家庭出行；多成员家庭出行,KOL评测；品牌直营店/4S店,是,家庭适配；安全性；保值率；补能便利,希望兼顾家人乘坐和周末出行,权益透明度；高端服务体验,理想L9；腾势N9,倾向本品,待定,,受访者关注家庭适配，主要用于充电便利场景；同时对权益透明度仍有疑问，决策中会对比理想L9；腾势N9。,先围绕充电便利场景场景切入，再把家庭适配转化为可感知体验；对权益透明度需结合竞品对比和真实用车成本解释。,公开资料方向拟定/模拟问卷样本,基于车型定位、价格段、能源形式、公开车主口碑和公开用户画像报告拟定；仅用于产品Demo，不代表真实调研结果。,2025款问界M9用户画像及满意度报告｜电动汽车用户联盟,https://www.fxbaogao.com/detail/5154312
S049-02,AITO问界,问界M9,问界M9,53.98-65.98万,50-60万,纯电动；增程式插混,SUV,大型,5座；6座,江苏省,2026-07-13,36-40岁,男,私营业主/个体经营者,80-100万,已婚二孩及以上,3人,是,否,家中已有新能源车,首购,家中已有新能源车,50-70万,对比评估,1-2个月,家庭共同决策,子女；配偶；车主评价,空间升级；商务接待；长途/自驾,城市通勤；周末短途,品牌直营店/4S店；朋友/同事推荐,否,安全性；售后服务；乘坐舒适；品牌认知,在意品牌形象和商务/社交场景认可度,售后维修成本；价格权益是否稳定；第三排舒适性,理想L9；腾势N9,继续比较,待定,,受访者关注安全性，主要用于城市通勤；同时对售后维修成本仍有疑问，决策中会对比理想L9；腾势N9。,先围绕城市通勤场景切入，再把安全性转化为可感知体验；对售后维修成本需结合竞品对比和真实用车成本解释。,公开资料方向拟定/模拟问卷样本,基于车型定位、价格段、能源形式、公开车主口碑和公开用户画像报告拟定；仅用于产品Demo，不代表真实调研结果。,2025款问界M9用户画像及满意度报告｜电动汽车用户联盟,https://www.fxbaogao.com/detail/5154312
S049-03,AITO问界,问界M9,问界M9,53.98-65.98万,50-60万,纯电动；增程式插混,SUV,大型,5座；6座,重庆市,2026-08-15,36-40岁,男,金融/地产从业者,100万以上,已婚二孩及以上,2人,是,否,家中已有燃油车,首购,家中已有燃油车,50-70万,流失/转向竞品,1-2个月,家庭共同决策,子女；车主评价,高阶智驾尝鲜；家庭出行升级,家庭出行；老人小孩乘坐,车主群/社群讨论；懂车帝/汽车之家口碑,否,外观设计；安全性；华为智驾,希望降低通勤和长途驾驶压力,用车能耗/续航；权益透明度,理想L9；腾势N9；奔驰GLS,价格合适会买,待定,,受访者关注外观设计，主要用于家庭出行；同时对用车能耗/续航仍有疑问，决策中会对比理想L9；腾势N9；奔驰GLS。,先围绕家庭出行场景切入，再把外观设计转化为可感知体验；对用车能耗/续航需结合竞品对比和真实用车成本解释。,公开资料方向拟定/模拟问卷样本,基于车型定位、价格段、能源形式、公开车主口碑和公开用户画像报告拟定；仅用于产品Demo，不代表真实调研结果。,2025款问界M9用户画像及满意度报告｜电动汽车用户联盟,https://www.fxbaogao.com/detail/5154312
S049-04,AITO问界,问界M9,问界M9,53.98-65.98万,50-60万,纯电动；增程式插混,SUV,大型,5座；6座,山东省,2026-06-19,36-40岁,女,金融/地产从业者,100万以上,已婚二孩及以上,4人,是,是,家中已有新能源车,增购,家中已有新能源车,50-70万,初步了解,1-2个月,本人+配偶,父母；车主评价,长途/自驾；品牌升级,家庭出行；周末短途,KOL评测；车主群/社群讨论,是,第三排/多人乘坐；乘坐舒适；鸿蒙座舱；售后服务,希望在预算内获得更稳定的综合体验,补能是否方便；增程/插混系统可靠性,理想L9；腾势N9,转向竞品,否,竞品价格更低,受访者关注第三排/多人乘坐，主要用于家庭出行；同时对补能是否方便仍有疑问，决策中会对比理想L9；腾势N9。,先围绕家庭出行场景切入，再把第三排/多人乘坐转化为可感知体验；对补能是否方便需结合竞品对比和真实用车成本解释。,公开资料方向拟定/模拟问卷样本,基于车型定位、价格段、能源形式、公开车主口碑和公开用户画像报告拟定；仅用于产品Demo，不代表真实调研结果。,2025款问界M9用户画像及满意度报告｜电动汽车用户联盟,https://www.fxbaogao.com/detail/5154312
S049-05,AITO问界,问界M9,问界M9,53.98-65.98万,50-60万,纯电动；增程式插混,SUV,大型,5座；6座,湖南省,2026-08-09,36-40岁,不便透露,企业高管/企业主,100万以上,已婚二孩及以上,2人,是,否,家中已有燃油车,增购,家中已有燃油车,50-70万,流失/转向竞品,2个月以上,父母参与,父母；KOL/博主；子女,换新能源；商务接待；家庭品质升级,周末短途；充电便利场景；老人小孩乘坐,KOL评测；小红书/抖音内容,否,品牌认知；乘坐舒适；低使用成本；空间舒适,希望兼顾家人乘坐和周末出行；在意品牌形象和商务/社交场景认可度,用车能耗/续航；价格是否值得,理想L9；腾势N9,价格合适会买,待定,,受访者关注品牌认知，主要用于周末短途；同时对用车能耗/续航仍有疑问，决策中会对比理想L9；腾势N9。,先围绕周末短途场景切入，再把品牌认知转化为可感知体验；对用车能耗/续航需结合竞品对比和真实用车成本解释。,公开资料方向拟定/模拟问卷样本,基于车型定位、价格段、能源形式、公开车主口碑和公开用户画像报告拟定；仅用于产品Demo，不代表真实调研结果。,2025款问界M9用户画像及满意度报告｜电动汽车用户联盟,https://www.fxbaogao.com/detail/5154312
S049-06,AITO问界,问界M9,问界M9,53.98-65.98万,50-60万,纯电动；增程式插混,SUV,大型,5座；6座,重庆市,2026-07-24,36-40岁,女,企业高管/企业主,50-80万,已婚二孩及以上,1人,是,否,BBA/传统豪华车,增购,BBA/传统豪华车,50-70万,流失/转向竞品,1-2个月,本人+配偶,KOL/博主；配偶,家庭出行升级；家庭品质升级；长途/自驾,多成员家庭出行；充电便利场景；城市通勤,KOL评测；朋友/同事推荐；品牌直营店/4S店,否,智能座舱；智能驾驶；补能便利；安全性,希望降低通勤和长途驾驶压力,权益透明度；第三排舒适性；价格是否值得,理想L9；腾势N9；奔驰GLS,价格合适会买,待定,,受访者关注智能座舱，主要用于多成员家庭出行；同时对权益透明度仍有疑问，决策中会对比理想L9；腾势N9；奔驰GLS。,先围绕多成员家庭出行场景切入，再把智能座舱转化为可感知体验；对权益透明度需结合竞品对比和真实用车成本解释。,公开资料方向拟定/模拟问卷样本,基于车型定位、价格段、能源形式、公开车主口碑和公开用户画像报告拟定；仅用于产品Demo，不代表真实调研结果。,2025款问界M9用户画像及满意度报告｜电动汽车用户联盟,https://www.fxbaogao.com/detail/5154312
S049-07,AITO问界,问界M9,问界M9,53.98-65.98万,50-60万,纯电动；增程式插混,SUV,大型,5座；6座,河南省,2026-06-20,46岁以上,男,企业高管/企业主,100万以上,已婚二孩及以上,1人,是,是,家中已有燃油车,增购,家中已有燃油车,50-70万,价格谈判,2个月以上,父母参与,车主评价；配偶,空间升级；换新能源,充电便利场景；家庭出行,朋友/同事推荐；车主群/社群讨论；懂车帝/汽车之家口碑,是,第三排/多人乘坐；豪华感/质感；售后服务；低使用成本,希望在预算内获得更稳定的综合体验,售后网络是否成熟；价格权益是否稳定,理想L9；腾势N9,倾向本品,待定,,受访者关注第三排/多人乘坐，主要用于充电便利场景；同时对售后网络是否成熟仍有疑问，决策中会对比理想L9；腾势N9。,先围绕充电便利场景场景切入，再把第三排/多人乘坐转化为可感知体验；对售后网络是否成熟需结合竞品对比和真实用车成本解释。,公开资料方向拟定/模拟问卷样本,基于车型定位、价格段、能源形式、公开车主口碑和公开用户画像报告拟定；仅用于产品Demo，不代表真实调研结果。,2025款问界M9用户画像及满意度报告｜电动汽车用户联盟,https://www.fxbaogao.com/detail/5154312
S049-08,AITO问界,问界M9,问界M9,53.98-65.98万,50-60万,纯电动；增程式插混,SUV,大型,5座；6座,浙江省,2026-08-16,46岁以上,不便透露,企业高管/企业主,100万以上,已婚二孩及以上,2人,是,是,家中已有新能源车,增购,家中已有新能源车,50-70万,已下订,2个月以上,家庭共同决策,父母；KOL/博主；配偶,商务接待；换新能源,家庭出行；周末短途；多成员家庭出行,KOL评测；品牌直营店/4S店,否,低使用成本；外观设计；保值率,希望在预算内获得更稳定的综合体验,权益透明度；智能化是否稳定；补能是否方便,理想L9；腾势N9,继续比较,待定,,受访者关注低使用成本，主要用于家庭出行；同时对权益透明度仍有疑问，决策中会对比理想L9；腾势N9。,先围绕家庭出行场景切入，再把低使用成本转化为可感知体验；对权益透明度需结合竞品对比和真实用车成本解释。,公开资料方向拟定/模拟问卷样本,基于车型定位、价格段、能源形式、公开车主口碑和公开用户画像报告拟定；仅用于产品Demo，不代表真实调研结果。,2025款问界M9用户画像及满意度报告｜电动汽车用户联盟,https://www.fxbaogao.com/detail/5154312
S049-09,AITO问界,问界M9,问界M9,53.98-65.98万,50-60万,纯电动；增程式插混,SUV,大型,5座；6座,安徽省,2026-06-21,41-45岁,男,企业高管/企业主,50-80万,已婚二孩及以上,2人,是,是,家中已有燃油车,增购,家中已有燃油车,50-70万,初步了解,1-2个月,父母参与,配偶；车主评价,空间升级；减少里程焦虑；换新能源,城市通勤；长途自驾；家庭出行,品牌直营店/4S店；朋友/同事推荐；车主群/社群讨论,是,华为智驾；低使用成本；家庭适配,希望兼顾家人乘坐和周末出行；希望降低通勤和长途驾驶压力,停车便利性；高端服务体验,理想L9；腾势N9；奔驰GLS,倾向本品,待定,,受访者关注华为智驾，主要用于城市通勤；同时对停车便利性仍有疑问，决策中会对比理想L9；腾势N9；奔驰GLS。,先围绕城市通勤场景切入，再把华为智驾转化为可感知体验；对停车便利性需结合竞品对比和真实用车成本解释。,公开资料方向拟定/模拟问卷样本,基于车型定位、价格段、能源形式、公开车主口碑和公开用户画像报告拟定；仅用于产品Demo，不代表真实调研结果。,2025款问界M9用户画像及满意度报告｜电动汽车用户联盟,https://www.fxbaogao.com/detail/5154312
S049-10,AITO问界,问界M9,问界M9,53.98-65.98万,50-60万,纯电动；增程式插混,SUV,大型,5座；6座,四川省,2026-07-08,36-40岁,男,金融/地产从业者,100万以上,已婚一孩,4人,是,否,无车,增购,无车,50-70万,对比评估,2个月以上,家庭共同决策,KOL/博主；配偶；车主评价,低成本出行；空间升级；品牌升级,多成员家庭出行；长途自驾；接送孩子,朋友/同事推荐；车主群/社群讨论,是,安全性；空间舒适；低使用成本；外观设计,希望兼顾家人乘坐和周末出行,价格权益是否稳定；用车能耗/续航；售后网络是否成熟,理想L9；腾势N9,倾向本品,待定,,受访者关注安全性，主要用于多成员家庭出行；同时对价格权益是否稳定仍有疑问，决策中会对比理想L9；腾势N9。,先围绕多成员家庭出行场景切入，再把安全性转化为可感知体验；对价格权益是否稳定需结合竞品对比和真实用车成本解释。,公开资料方向拟定/模拟问卷样本,基于车型定位、价格段、能源形式、公开车主口碑和公开用户画像报告拟定；仅用于产品Demo，不代表真实调研结果。,2025款问界M9用户画像及满意度报告｜电动汽车用户联盟,https://www.fxbaogao.com/detail/5154312
S049-11,AITO问界,问界M9,问界M9,53.98-65.98万,50-60万,纯电动；增程式插混,SUV,大型,5座；6座,安徽省,2026-06-06,36-40岁,男,私营业主/个体经营者,50-80万,已婚一孩,2人,是,是,BBA/传统豪华车,增购,BBA/传统豪华车,50-70万,已试驾,1-2个月,本人+配偶,KOL/博主；子女,智能化体验；换新能源,家庭出行；多成员家庭出行,KOL评测；懂车帝/汽车之家口碑；小红书/抖音内容,是,外观设计；安全性；智能驾驶,希望降低通勤和长途驾驶压力,高端服务体验；车身尺寸是否好开,理想L9；腾势N9,倾向本品,待定,,受访者关注外观设计，主要用于家庭出行；同时对高端服务体验仍有疑问，决策中会对比理想L9；腾势N9。,先围绕家庭出行场景切入，再把外观设计转化为可感知体验；对高端服务体验需结合竞品对比和真实用车成本解释。,公开资料方向拟定/模拟问卷样本,基于车型定位、价格段、能源形式、公开车主口碑和公开用户画像报告拟定；仅用于产品Demo，不代表真实调研结果。,2025款问界M9用户画像及满意度报告｜电动汽车用户联盟,https://www.fxbaogao.com/detail/5154312
S049-12,AITO问界,问界M9,问界M9,53.98-65.98万,50-60万,纯电动；增程式插混,SUV,大型,5座；6座,重庆市,2026-08-23,36-40岁,男,企业高管/企业主,100万以上,已婚一孩,2人,是,否,无车,增购,无车,50-70万,流失/转向竞品,1-2个月,家庭共同决策,车主评价；配偶,空间升级；换新能源,多成员家庭出行；家庭出行,小红书/抖音内容；品牌直营店/4S店；朋友/同事推荐,否,空间舒适；品牌信任；华为智驾；安全性,希望兼顾家人乘坐和周末出行；希望降低通勤和长途驾驶压力,增程/插混系统可靠性；竞品是否更强,理想L9；腾势N9；奔驰GLS,已下订,是,,受访者关注空间舒适，主要用于多成员家庭出行；同时对增程/插混系统可靠性仍有疑问，决策中会对比理想L9；腾势N9；奔驰GLS。,先围绕多成员家庭出行场景切入，再把空间舒适转化为可感知体验；对增程/插混系统可靠性需结合竞品对比和真实用车成本解释。,公开资料方向拟定/模拟问卷样本,基于车型定位、价格段、能源形式、公开车主口碑和公开用户画像报告拟定；仅用于产品Demo，不代表真实调研结果。,2025款问界M9用户画像及满意度报告｜电动汽车用户联盟,https://www.fxbaogao.com/detail/5154312
S049-13,AITO问界,问界M9,问界M9,53.98-65.98万,50-60万,纯电动；增程式插混,SUV,大型,5座；6座,重庆市,2026-08-19,36-40岁,不便透露,金融/地产从业者,100万以上,已婚一孩,2人,是,是,无车,换购,无车,50-70万,流失/转向竞品,2个月以上,家庭共同决策,车主评价；父母,空间升级；商务接待,长途自驾；老人小孩乘坐；充电便利场景,车主群/社群讨论；朋友/同事推荐,是,保值率；智能座舱；品牌认知,在意品牌形象和商务/社交场景认可度,补能是否方便；售后网络是否成熟,理想L9；腾势N9,倾向本品,待定,,受访者关注保值率，主要用于长途自驾；同时对补能是否方便仍有疑问，决策中会对比理想L9；腾势N9。,先围绕长途自驾场景切入，再把保值率转化为可感知体验；对补能是否方便需结合竞品对比和真实用车成本解释。,公开资料方向拟定/模拟问卷样本,基于车型定位、价格段、能源形式、公开车主口碑和公开用户画像报告拟定；仅用于产品Demo，不代表真实调研结果。,2025款问界M9用户画像及满意度报告｜电动汽车用户联盟,https://www.fxbaogao.com/detail/5154312
S049-14,AITO问界,问界M9,问界M9,53.98-65.98万,50-60万,纯电动；增程式插混,SUV,大型,5座；6座,重庆市,2026-07-26,41-45岁,男,私营业主/个体经营者,50-80万,已婚一孩,4人,是,否,家中已有新能源车,换购,家中已有新能源车,50-70万,对比评估,2个月以上,家庭共同决策,配偶；KOL/博主；子女,空间升级；商务接待,城市通勤；老人小孩乘坐；接送孩子,KOL评测；品牌直营店/4S店,是,智能驾驶；品牌认知；第三排/多人乘坐,希望降低通勤和长途驾驶压力；在意品牌形象和商务/社交场景认可度,补能是否方便；价格权益是否稳定；售后维修成本,理想L9；腾势N9,价格合适会买,待定,,受访者关注智能驾驶，主要用于城市通勤；同时对补能是否方便仍有疑问，决策中会对比理想L9；腾势N9。,先围绕城市通勤场景切入，再把智能驾驶转化为可感知体验；对补能是否方便需结合竞品对比和真实用车成本解释。,公开资料方向拟定/模拟问卷样本,基于车型定位、价格段、能源形式、公开车主口碑和公开用户画像报告拟定；仅用于产品Demo，不代表真实调研结果。,2025款问界M9用户画像及满意度报告｜电动汽车用户联盟,https://www.fxbaogao.com/detail/5154312
S049-15,AITO问界,问界M9,问界M9,53.98-65.98万,50-60万,纯电动；增程式插混,SUV,大型,5座；6座,山东省,2026-07-28,41-45岁,男,企业高管/企业主,100万以上,已婚一孩,2人,是,是,家中已有燃油车,换购,家中已有燃油车,50-70万,已购/用车复盘,2周-1个月,本人+配偶,子女；父母,高阶智驾尝鲜；空间升级,家庭出行；周末短途；多成员家庭出行,朋友/同事推荐；车主群/社群讨论；品牌直营店/4S店,是,品牌信任；第三排/多人乘坐；乘坐舒适,希望在预算内获得更稳定的综合体验,智驾安全边界；品牌归属感,理想L9；腾势N9；奔驰GLS,价格合适会买,待定,,受访者关注品牌信任，主要用于家庭出行；同时对智驾安全边界仍有疑问，决策中会对比理想L9；腾势N9；奔驰GLS。,先围绕家庭出行场景切入，再把品牌信任转化为可感知体验；对智驾安全边界需结合竞品对比和真实用车成本解释。,公开资料方向拟定/模拟问卷样本,基于车型定位、价格段、能源形式、公开车主口碑和公开用户画像报告拟定；仅用于产品Demo，不代表真实调研结果。,2025款问界M9用户画像及满意度报告｜电动汽车用户联盟,https://www.fxbaogao.com/detail/5154312
S049-16,AITO问界,问界M9,问界M9,53.98-65.98万,50-60万,纯电动；增程式插混,SUV,大型,5座；6座,江苏省,2026-08-13,46岁以上,男,企业高管/企业主,80-100万,三代同堂,4人,是,否,家中已有新能源车,换购,家中已有新能源车,50-70万,已试驾,1-2个月,家庭共同决策,子女；KOL/博主；车主评价,减少里程焦虑；空间升级；智能化体验,城市通勤；周末短途,KOL评测；懂车帝/汽车之家口碑,是,品牌认知；智能座舱；第三排/多人乘坐,在意品牌形象和商务/社交场景认可度,续航达成率；高端服务体验,理想L9；腾势N9,已购,是,,受访者关注品牌认知，主要用于城市通勤；同时对续航达成率仍有疑问，决策中会对比理想L9；腾势N9。,先围绕城市通勤场景切入，再把品牌认知转化为可感知体验；对续航达成率需结合竞品对比和真实用车成本解释。,公开资料方向拟定/模拟问卷样本,基于车型定位、价格段、能源形式、公开车主口碑和公开用户画像报告拟定；仅用于产品Demo，不代表真实调研结果。,2025款问界M9用户画像及满意度报告｜电动汽车用户联盟,https://www.fxbaogao.com/detail/5154312
S049-17,AITO问界,问界M9,问界M9,53.98-65.98万,50-60万,纯电动；增程式插混,SUV,大型,5座；6座,四川省,2026-08-19,41-45岁,女,企业高管/企业主,100万以上,三代同堂,1人,是,是,无车,换购,无车,50-70万,已购/用车复盘,2个月以上,本人+配偶,子女；父母,低成本出行；家庭品质升级,城市通勤；周末短途；充电便利场景,朋友/同事推荐；车主群/社群讨论；小红书/抖音内容,否,鸿蒙座舱；保值率；低使用成本,希望在预算内获得更稳定的综合体验,价格权益是否稳定；智驾安全边界,理想L9；腾势N9,已购,是,,受访者关注鸿蒙座舱，主要用于城市通勤；同时对价格权益是否稳定仍有疑问，决策中会对比理想L9；腾势N9。,先围绕城市通勤场景切入，再把鸿蒙座舱转化为可感知体验；对价格权益是否稳定需结合竞品对比和真实用车成本解释。,公开资料方向拟定/模拟问卷样本,基于车型定位、价格段、能源形式、公开车主口碑和公开用户画像报告拟定；仅用于产品Demo，不代表真实调研结果。,2025款问界M9用户画像及满意度报告｜电动汽车用户联盟,https://www.fxbaogao.com/detail/5154312
S049-18,AITO问界,问界M9,问界M9,53.98-65.98万,50-60万,纯电动；增程式插混,SUV,大型,5座；6座,四川省,2026-07-10,41-45岁,男,企业高管/企业主,100万以上,三代同堂,4人,是,是,BBA/传统豪华车,换购,BBA/传统豪华车,50-70万,初步了解,2周-1个月,本人+配偶,KOL/博主；子女,家庭出行升级；减少里程焦虑,城市通勤；多成员家庭出行；长途自驾,懂车帝/汽车之家口碑；KOL评测；车主群/社群讨论,否,安全性；品牌信任；低使用成本,希望在预算内获得更稳定的综合体验,停车便利性；高端服务体验；售后网络是否成熟,理想L9；腾势N9；奔驰GLS,继续比较,待定,,受访者关注安全性，主要用于城市通勤；同时对停车便利性仍有疑问，决策中会对比理想L9；腾势N9；奔驰GLS。,先围绕城市通勤场景切入，再把安全性转化为可感知体验；对停车便利性需结合竞品对比和真实用车成本解释。,公开资料方向拟定/模拟问卷样本,基于车型定位、价格段、能源形式、公开车主口碑和公开用户画像报告拟定；仅用于产品Demo，不代表真实调研结果。,2025款问界M9用户画像及满意度报告｜电动汽车用户联盟,https://www.fxbaogao.com/detail/5154312
S049-19,AITO问界,问界M9,问界M9,53.98-65.98万,50-60万,纯电动；增程式插混,SUV,大型,5座；6座,安徽省,2026-06-03,31-35岁,男,企业高管/企业主,50-80万,三代同堂,1人,是,否,家中已有燃油车,换购,家中已有燃油车,50-70万,已购/用车复盘,2个月以上,本人+配偶,配偶；父母；子女,品牌升级；长途/自驾,家庭出行；充电便利场景,品牌直营店/4S店；懂车帝/汽车之家口碑；KOL评测,否,家庭适配；第三排/多人乘坐；乘坐舒适,希望兼顾家人乘坐和周末出行,价格权益是否稳定；保值率；车身尺寸是否好开,理想L9；腾势N9,继续比较,待定,,受访者关注家庭适配，主要用于家庭出行；同时对价格权益是否稳定仍有疑问，决策中会对比理想L9；腾势N9。,先围绕家庭出行场景切入，再把家庭适配转化为可感知体验；对价格权益是否稳定需结合竞品对比和真实用车成本解释。,公开资料方向拟定/模拟问卷样本,基于车型定位、价格段、能源形式、公开车主口碑和公开用户画像报告拟定；仅用于产品Demo，不代表真实调研结果。,2025款问界M9用户画像及满意度报告｜电动汽车用户联盟,https://www.fxbaogao.com/detail/5154312
S049-20,AITO问界,问界M9,问界M9,53.98-65.98万,50-60万,纯电动；增程式插混,SUV,大型,5座；6座,四川省,2026-07-18,41-45岁,女,中基层管理者,80-100万,三代同堂,2人,是,否,家中已有新能源车,换购,家中已有新能源车,50-70万,已购/用车复盘,2个月以上,父母参与,车主评价；KOL/博主；子女,高阶智驾尝鲜；减少里程焦虑,周末短途；城市通勤,品牌直营店/4S店；朋友/同事推荐,否,智能座舱；鸿蒙座舱；华为智驾；第三排/多人乘坐,希望降低通勤和长途驾驶压力,增程/插混系统可靠性；交付/售后体验；智能化是否稳定,理想L9；腾势N9,倾向本品,待定,,受访者关注智能座舱，主要用于周末短途；同时对增程/插混系统可靠性仍有疑问，决策中会对比理想L9；腾势N9。,先围绕周末短途场景切入，再把智能座舱转化为可感知体验；对增程/插混系统可靠性需结合竞品对比和真实用车成本解释。,公开资料方向拟定/模拟问卷样本,基于车型定位、价格段、能源形式、公开车主口碑和公开用户画像报告拟定；仅用于产品Demo，不代表真实调研结果。,2025款问界M9用户画像及满意度报告｜电动汽车用户联盟,https://www.fxbaogao.com/detail/5154312
S050-01,一汽丰田,普拉多,普拉多,44.98-55.98万,50-60万,常规混合动力,SUV,中大型,5座；6座,福建省,2026-07-08,41-45岁,男,私营业主/个体经营者,80-100万,三代同堂,2人,是,是,家中已有燃油车,增购,家中已有燃油车,40-60万,对比评估,2个月以上,家庭共同决策,配偶；车主评价,通勤代步；家庭出行升级；家庭品质升级,城市通勤；多成员家庭出行,小红书/抖音内容；朋友/同事推荐,否,安全性；豪华感/质感；第三排/多人乘坐,希望在预算内获得更稳定的综合体验,车身尺寸是否好开；高端服务体验；第三排舒适性,雷克萨斯RX；坦克700新能源,已下订,是,,受访者关注安全性，主要用于城市通勤；同时对车身尺寸是否好开仍有疑问，决策中会对比雷克萨斯RX；坦克700新能源。,先围绕城市通勤场景切入，再把安全性转化为可感知体验；对车身尺寸是否好开需结合竞品对比和真实用车成本解释。,公开资料方向拟定/模拟问卷样本,基于车型定位、价格段、能源形式、公开车主口碑和公开用户画像报告拟定；仅用于产品Demo，不代表真实调研结果。,2024增换购用户需求洞察｜汽车之家研究院,https://www.autohome.com.cn/news/202409/1300865.html
S050-02,一汽丰田,普拉多,普拉多,44.98-55.98万,50-60万,常规混合动力,SUV,中大型,5座；6座,安徽省,2026-08-07,31-35岁,女,企业高管/企业主,100万以上,已婚二孩及以上,3人,是,是,BBA/传统豪华车,换购,BBA/传统豪华车,40-60万,已试驾,1-2个月,家庭共同决策,父母；配偶,商务接待；家庭品质升级；通勤代步,长途自驾；家庭出行；接送孩子,品牌直营店/4S店；朋友/同事推荐；车主群/社群讨论,是,保值率；售后服务；家庭适配,希望兼顾家人乘坐和周末出行,高端服务体验；权益透明度,坦克700新能源；极氪8X,已购,是,,受访者关注保值率，主要用于长途自驾；同时对高端服务体验仍有疑问，决策中会对比坦克700新能源；极氪8X。,先围绕长途自驾场景切入，再把保值率转化为可感知体验；对高端服务体验需结合竞品对比和真实用车成本解释。,公开资料方向拟定/模拟问卷样本,基于车型定位、价格段、能源形式、公开车主口碑和公开用户画像报告拟定；仅用于产品Demo，不代表真实调研结果。,2024增换购用户需求洞察｜汽车之家研究院,https://www.autohome.com.cn/news/202409/1300865.html
S050-03,一汽丰田,普拉多,普拉多,44.98-55.98万,50-60万,常规混合动力,SUV,中大型,5座；6座,广东省,2026-07-09,41-45岁,男,金融/地产从业者,80-100万,三代同堂,3人,是,是,无车,首购,无车,40-60万,已购/用车复盘,1-2个月,本人+配偶,配偶；KOL/博主,家庭品质升级；品牌升级,接送孩子；多成员家庭出行；家庭出行,懂车帝/汽车之家口碑；KOL评测；朋友/同事推荐,是,品牌认知；豪华感/质感；空间舒适；驾驶质感,希望兼顾家人乘坐和周末出行；在意品牌形象和商务/社交场景认可度,高端服务体验；停车便利性,极氪8X；途锐；极氪9X,倾向本品,待定,,受访者关注品牌认知，主要用于接送孩子；同时对高端服务体验仍有疑问，决策中会对比极氪8X；途锐；极氪9X。,先围绕接送孩子场景切入，再把品牌认知转化为可感知体验；对高端服务体验需结合竞品对比和真实用车成本解释。,公开资料方向拟定/模拟问卷样本,基于车型定位、价格段、能源形式、公开车主口碑和公开用户画像报告拟定；仅用于产品Demo，不代表真实调研结果。,2024增换购用户需求洞察｜汽车之家研究院,https://www.autohome.com.cn/news/202409/1300865.html
S050-04,一汽丰田,普拉多,普拉多,44.98-55.98万,50-60万,常规混合动力,SUV,中大型,5座；6座,福建省,2026-07-24,36-40岁,男,私营业主/个体经营者,100万以上,已婚二孩及以上,5人及以上,是,否,BBA/传统豪华车,换购,BBA/传统豪华车,40-60万,对比评估,2个月以上,本人+配偶,父母；KOL/博主,家庭出行升级；品牌升级；换新能源,长途自驾；家庭出行,懂车帝/汽车之家口碑；车主群/社群讨论,是,乘坐舒适；空间舒适；价格权益；豪华感/质感,希望兼顾家人乘坐和周末出行；希望同预算下配置和权益更划算,售后维修成本；停车便利性,途锐；极氪9X,已购,是,,受访者关注乘坐舒适，主要用于长途自驾；同时对售后维修成本仍有疑问，决策中会对比途锐；极氪9X。,先围绕长途自驾场景切入，再把乘坐舒适转化为可感知体验；对售后维修成本需结合竞品对比和真实用车成本解释。,公开资料方向拟定/模拟问卷样本,基于车型定位、价格段、能源形式、公开车主口碑和公开用户画像报告拟定；仅用于产品Demo，不代表真实调研结果。,2024增换购用户需求洞察｜汽车之家研究院,https://www.autohome.com.cn/news/202409/1300865.html
S050-05,一汽丰田,普拉多,普拉多,44.98-55.98万,50-60万,常规混合动力,SUV,中大型,5座；6座,福建省,2026-06-14,36-40岁,男,私营业主/个体经营者,100万以上,三代同堂,4人,是,是,家中已有燃油车,增购,家中已有燃油车,40-60万,对比评估,2个月以上,家庭共同决策,车主评价；父母；子女,换新能源；商务接待,家庭出行；接送孩子；城市通勤,懂车帝/汽车之家口碑；小红书/抖音内容；品牌直营店/4S店,是,家庭适配；价格权益；空间舒适,希望兼顾家人乘坐和周末出行；希望同预算下配置和权益更划算,权益透明度；高端服务体验；油耗是否偏高,极氪9X；雷克萨斯RX,继续比较,待定,,受访者关注家庭适配，主要用于家庭出行；同时对权益透明度仍有疑问，决策中会对比极氪9X；雷克萨斯RX。,先围绕家庭出行场景切入，再把家庭适配转化为可感知体验；对权益透明度需结合竞品对比和真实用车成本解释。,公开资料方向拟定/模拟问卷样本,基于车型定位、价格段、能源形式、公开车主口碑和公开用户画像报告拟定；仅用于产品Demo，不代表真实调研结果。,2024增换购用户需求洞察｜汽车之家研究院,https://www.autohome.com.cn/news/202409/1300865.html
S050-06,一汽丰田,普拉多,普拉多,44.98-55.98万,50-60万,常规混合动力,SUV,中大型,5座；6座,河南省,2026-06-23,36-40岁,男,私营业主/个体经营者,50-80万,已婚一孩,3人,是,是,BBA/传统豪华车,换购,BBA/传统豪华车,40-60万,对比评估,2个月以上,本人+配偶,KOL/博主；父母；配偶,品牌升级；通勤代步,接送孩子；长途自驾；周末短途,车主群/社群讨论；小红书/抖音内容,是,空间舒适；售后服务；可靠性,希望兼顾家人乘坐和周末出行,油耗是否偏高；售后维修成本,雷克萨斯RX；坦克700新能源；极氪8X,倾向本品,待定,,受访者关注空间舒适，主要用于接送孩子；同时对油耗是否偏高仍有疑问，决策中会对比雷克萨斯RX；坦克700新能源；极氪8X。,先围绕接送孩子场景切入，再把空间舒适转化为可感知体验；对油耗是否偏高需结合竞品对比和真实用车成本解释。,公开资料方向拟定/模拟问卷样本,基于车型定位、价格段、能源形式、公开车主口碑和公开用户画像报告拟定；仅用于产品Demo，不代表真实调研结果。,2024增换购用户需求洞察｜汽车之家研究院,https://www.autohome.com.cn/news/202409/1300865.html
S050-07,一汽丰田,普拉多,普拉多,44.98-55.98万,50-60万,常规混合动力,SUV,中大型,5座；6座,河南省,2026-08-18,36-40岁,男,金融/地产从业者,100万以上,已婚一孩,2人,是,否,BBA/传统豪华车,换购,BBA/传统豪华车,40-60万,已试驾,2个月以上,本人+配偶,配偶；车主评价；KOL/博主,品牌升级；家庭品质升级,接送孩子；家庭出行,品牌直营店/4S店；车主群/社群讨论,是,驾驶质感；乘坐舒适；家庭适配,希望兼顾家人乘坐和周末出行,第三排舒适性；保养维修费用,坦克700新能源；极氪8X,倾向本品,待定,,受访者关注驾驶质感，主要用于接送孩子；同时对第三排舒适性仍有疑问，决策中会对比坦克700新能源；极氪8X。,先围绕接送孩子场景切入，再把驾驶质感转化为可感知体验；对第三排舒适性需结合竞品对比和真实用车成本解释。,公开资料方向拟定/模拟问卷样本,基于车型定位、价格段、能源形式、公开车主口碑和公开用户画像报告拟定；仅用于产品Demo，不代表真实调研结果。,2024增换购用户需求洞察｜汽车之家研究院,https://www.autohome.com.cn/news/202409/1300865.html
S050-08,一汽丰田,普拉多,普拉多,44.98-55.98万,50-60万,常规混合动力,SUV,中大型,5座；6座,广东省,2026-08-11,41-45岁,男,私营业主/个体经营者,80-100万,三代同堂,3人,是,是,家中已有新能源车,增购,家中已有新能源车,40-60万,价格谈判,1-2个月,家庭共同决策,父母；配偶,空间升级；家庭品质升级；通勤代步,长途自驾；多成员家庭出行,KOL评测；品牌直营店/4S店,否,安全性；保值率；家庭适配；空间舒适,希望兼顾家人乘坐和周末出行,停车便利性；竞品是否更强；权益透明度,极氪8X；途锐,已购,是,,受访者关注安全性，主要用于长途自驾；同时对停车便利性仍有疑问，决策中会对比极氪8X；途锐。,先围绕长途自驾场景切入，再把安全性转化为可感知体验；对停车便利性需结合竞品对比和真实用车成本解释。,公开资料方向拟定/模拟问卷样本,基于车型定位、价格段、能源形式、公开车主口碑和公开用户画像报告拟定；仅用于产品Demo，不代表真实调研结果。,2024增换购用户需求洞察｜汽车之家研究院,https://www.autohome.com.cn/news/202409/1300865.html
S051-01,腾势汽车,腾势D9,腾势D9,30.98-60.06万,40-50万,纯电动；非增程式插混,MPV,中大型,7座；4座,陕西省,2026-06-27,31-35岁,男,公务员/事业单位,50-80万,已婚二孩及以上,1人,是,否,15-25万合资/自主车,换购,15-25万合资/自主车,30-70万,对比评估,1-2个月,家庭共同决策,KOL/博主；父母；配偶,智能化体验；品牌升级,多成员家庭出行；城市通勤,朋友/同事推荐；品牌直营店/4S店；懂车帝/汽车之家口碑,是,乘坐舒适；智能座舱；保值率,希望在预算内获得更稳定的综合体验,保值率；售后网络是否成熟；智能化是否稳定,岚图梦想家；极氪009,转向竞品,否,竞品智驾更强,受访者关注乘坐舒适，主要用于多成员家庭出行；同时对保值率仍有疑问，决策中会对比岚图梦想家；极氪009。,先围绕多成员家庭出行场景切入，再把乘坐舒适转化为可感知体验；对保值率需结合竞品对比和真实用车成本解释。,公开资料方向拟定/模拟问卷样本,基于车型定位、价格段、能源形式、公开车主口碑和公开用户画像报告拟定；仅用于产品Demo，不代表真实调研结果。,2024增换购用户需求洞察｜汽车之家研究院,https://www.autohome.com.cn/news/202409/1300865.html
S051-02,腾势汽车,腾势D9,腾势D9,30.98-60.06万,40-50万,纯电动；非增程式插混,MPV,中大型,7座；4座,北京市,2026-08-17,41-45岁,女,私营业主/个体经营者,100万以上,已婚一孩,1人,是,否,无车,首购,无车,30-70万,已购/用车复盘,1-2个月,家庭共同决策,父母；KOL/博主；配偶,品牌升级；智能化体验；家庭品质升级,周末短途；城市通勤；接送孩子,懂车帝/汽车之家口碑；小红书/抖音内容,是,外观设计；低使用成本；豪华感/质感,希望在预算内获得更稳定的综合体验,用车能耗/续航；售后网络是否成熟,极氪009；智界V9,倾向本品,待定,,受访者关注外观设计，主要用于周末短途；同时对用车能耗/续航仍有疑问，决策中会对比极氪009；智界V9。,先围绕周末短途场景切入，再把外观设计转化为可感知体验；对用车能耗/续航需结合竞品对比和真实用车成本解释。,公开资料方向拟定/模拟问卷样本,基于车型定位、价格段、能源形式、公开车主口碑和公开用户画像报告拟定；仅用于产品Demo，不代表真实调研结果。,2024增换购用户需求洞察｜汽车之家研究院,https://www.autohome.com.cn/news/202409/1300865.html
S051-03,腾势汽车,腾势D9,腾势D9,30.98-60.06万,40-50万,纯电动；非增程式插混,MPV,中大型,7座；4座,陕西省,2026-08-26,31-35岁,女,私营业主/个体经营者,100万以上,已婚二孩及以上,3人,是,否,15-25万合资/自主车,换购,15-25万合资/自主车,30-70万,流失/转向竞品,1-2个月,本人+配偶,配偶；父母,长途/自驾；减少里程焦虑,城市通勤；充电便利场景,小红书/抖音内容；懂车帝/汽车之家口碑；车主群/社群讨论,否,智能座舱；补能便利；智能驾驶；安全性,希望降低通勤和长途驾驶压力,价格权益是否稳定；竞品是否更强；价格是否值得,智界V9；赛那SIENNA；坦克700新能源,转向竞品,否,竞品价格更低,受访者关注智能座舱，主要用于城市通勤；同时对价格权益是否稳定仍有疑问，决策中会对比智界V9；赛那SIENNA；坦克700新能源。,先围绕城市通勤场景切入，再把智能座舱转化为可感知体验；对价格权益是否稳定需结合竞品对比和真实用车成本解释。,公开资料方向拟定/模拟问卷样本,基于车型定位、价格段、能源形式、公开车主口碑和公开用户画像报告拟定；仅用于产品Demo，不代表真实调研结果。,2024增换购用户需求洞察｜汽车之家研究院,https://www.autohome.com.cn/news/202409/1300865.html
S051-04,腾势汽车,腾势D9,腾势D9,30.98-60.06万,40-50万,纯电动；非增程式插混,MPV,中大型,7座；4座,江苏省,2026-06-15,41-45岁,不便透露,中基层管理者,30-50万,已婚二孩及以上,4人,是,是,15-25万合资/自主车,换购,15-25万合资/自主车,30-70万,对比评估,1-2个月,家庭共同决策,KOL/博主；车主评价；配偶,智能化体验；品牌升级,接送孩子；家庭出行,朋友/同事推荐；品牌直营店/4S店；KOL评测,是,售后服务；空间舒适；智能座舱；保值率,希望兼顾家人乘坐和周末出行,高端服务体验；补能是否方便,赛那SIENNA；坦克700新能源,倾向本品,待定,,受访者关注售后服务，主要用于接送孩子；同时对高端服务体验仍有疑问，决策中会对比赛那SIENNA；坦克700新能源。,先围绕接送孩子场景切入，再把售后服务转化为可感知体验；对高端服务体验需结合竞品对比和真实用车成本解释。,公开资料方向拟定/模拟问卷样本,基于车型定位、价格段、能源形式、公开车主口碑和公开用户画像报告拟定；仅用于产品Demo，不代表真实调研结果。,2024增换购用户需求洞察｜汽车之家研究院,https://www.autohome.com.cn/news/202409/1300865.html
S051-05,腾势汽车,腾势D9,腾势D9,30.98-60.06万,40-50万,纯电动；非增程式插混,MPV,中大型,7座；4座,福建省,2026-08-16,31-35岁,女,私营业主/个体经营者,50-80万,已婚一孩,3人,是,否,无车,首购,无车,30-70万,价格谈判,1-2个月,家庭共同决策,父母；KOL/博主；配偶,长途/自驾；家庭品质升级,城市通勤；家庭出行,朋友/同事推荐；品牌直营店/4S店,是,保值率；智能驾驶；乘坐舒适,希望降低通勤和长途驾驶压力,停车便利性；续航达成率,坦克700新能源；岚图梦想家,继续比较,待定,,受访者关注保值率，主要用于城市通勤；同时对停车便利性仍有疑问，决策中会对比坦克700新能源；岚图梦想家。,先围绕城市通勤场景切入，再把保值率转化为可感知体验；对停车便利性需结合竞品对比和真实用车成本解释。,公开资料方向拟定/模拟问卷样本,基于车型定位、价格段、能源形式、公开车主口碑和公开用户画像报告拟定；仅用于产品Demo，不代表真实调研结果。,2024增换购用户需求洞察｜汽车之家研究院,https://www.autohome.com.cn/news/202409/1300865.html
S051-06,腾势汽车,腾势D9,腾势D9,30.98-60.06万,40-50万,纯电动；非增程式插混,MPV,中大型,7座；4座,河南省,2026-06-16,41-45岁,男,中基层管理者,50-80万,已婚二孩及以上,1人,是,是,家中已有新能源车,增购,家中已有新能源车,30-70万,初步了解,1-2个月,本人+配偶,子女；KOL/博主,减少里程焦虑；长途/自驾；通勤代步,周末短途；多成员家庭出行,朋友/同事推荐；小红书/抖音内容,否,安全性；外观设计；豪华感/质感；补能便利,希望在预算内获得更稳定的综合体验,保值率；停车便利性,岚图梦想家；极氪009；智界V9,价格合适会买,待定,,受访者关注安全性，主要用于周末短途；同时对保值率仍有疑问，决策中会对比岚图梦想家；极氪009；智界V9。,先围绕周末短途场景切入，再把安全性转化为可感知体验；对保值率需结合竞品对比和真实用车成本解释。,公开资料方向拟定/模拟问卷样本,基于车型定位、价格段、能源形式、公开车主口碑和公开用户画像报告拟定；仅用于产品Demo，不代表真实调研结果。,2024增换购用户需求洞察｜汽车之家研究院,https://www.autohome.com.cn/news/202409/1300865.html
S051-07,腾势汽车,腾势D9,腾势D9,30.98-60.06万,40-50万,纯电动；非增程式插混,MPV,中大型,7座；4座,福建省,2026-07-13,31-35岁,男,企业高管/企业主,50-80万,已婚无孩,3人,否,否,15-25万合资/自主车,换购,15-25万合资/自主车,30-70万,价格谈判,2个月以上,家庭共同决策,KOL/博主；车主评价；朋友/同事,减少里程焦虑；换新能源；家庭品质升级,多成员家庭出行；长途自驾；充电便利场景,品牌直营店/4S店；懂车帝/汽车之家口碑,是,安全性；家庭适配；第三排/多人乘坐；价格权益,希望兼顾家人乘坐和周末出行；希望同预算下配置和权益更划算,竞品是否更强；第三排舒适性,极氪009；智界V9,继续比较,待定,,受访者关注安全性，主要用于多成员家庭出行；同时对竞品是否更强仍有疑问，决策中会对比极氪009；智界V9。,先围绕多成员家庭出行场景切入，再把安全性转化为可感知体验；对竞品是否更强需结合竞品对比和真实用车成本解释。,公开资料方向拟定/模拟问卷样本,基于车型定位、价格段、能源形式、公开车主口碑和公开用户画像报告拟定；仅用于产品Demo，不代表真实调研结果。,2024增换购用户需求洞察｜汽车之家研究院,https://www.autohome.com.cn/news/202409/1300865.html
S051-08,腾势汽车,腾势D9,腾势D9,30.98-60.06万,40-50万,纯电动；非增程式插混,MPV,中大型,7座；4座,湖南省,2026-06-14,31-35岁,男,公务员/事业单位,30-50万,已婚无孩,3人,否,是,家中已有新能源车,增购,家中已有新能源车,30-70万,对比评估,2周-1个月,家庭共同决策,配偶；KOL/博主,智能化体验；家庭出行升级；家庭品质升级,老人小孩乘坐；充电便利场景；城市通勤,品牌直营店/4S店；车主群/社群讨论；小红书/抖音内容,是,智能驾驶；售后服务；乘坐舒适,希望降低通勤和长途驾驶压力,智能化是否稳定；用车能耗/续航；第三排舒适性,智界V9；赛那SIENNA,倾向本品,待定,,受访者关注智能驾驶，主要用于老人小孩乘坐；同时对智能化是否稳定仍有疑问，决策中会对比智界V9；赛那SIENNA。,先围绕老人小孩乘坐场景切入，再把智能驾驶转化为可感知体验；对智能化是否稳定需结合竞品对比和真实用车成本解释。,公开资料方向拟定/模拟问卷样本,基于车型定位、价格段、能源形式、公开车主口碑和公开用户画像报告拟定；仅用于产品Demo，不代表真实调研结果。,2024增换购用户需求洞察｜汽车之家研究院,https://www.autohome.com.cn/news/202409/1300865.html
S052-01,极氪,极氪9X,极氪9X,46.59-59.99万,50-60万,非增程式插混,SUV,大型,6座,湖北省,2026-07-22,41-45岁,男,私营业主/个体经营者,100万以上,三代同堂,3人,是,是,BBA/传统豪华车,换购,BBA/传统豪华车,40-60万,初步了解,2个月以上,本人+配偶,车主评价；KOL/博主,品牌升级；换新能源,多成员家庭出行；城市通勤；接送孩子,车主群/社群讨论；朋友/同事推荐；小红书/抖音内容,否,智能座舱；第三排/多人乘坐；品牌认知,在意品牌形象和商务/社交场景认可度,高端服务体验；第三排舒适性；车身尺寸是否好开,蔚来ES9；岚图泰山,转向竞品,否,竞品价格更低,受访者关注智能座舱，主要用于多成员家庭出行；同时对高端服务体验仍有疑问，决策中会对比蔚来ES9；岚图泰山。,先围绕多成员家庭出行场景切入，再把智能座舱转化为可感知体验；对高端服务体验需结合竞品对比和真实用车成本解释。,公开资料方向拟定/模拟问卷样本,基于车型定位、价格段、能源形式、公开车主口碑和公开用户画像报告拟定；仅用于产品Demo，不代表真实调研结果。,2024增换购用户需求洞察｜汽车之家研究院,https://www.autohome.com.cn/news/202409/1300865.html
S052-02,极氪,极氪9X,极氪9X,46.59-59.99万,50-60万,非增程式插混,SUV,大型,6座,河南省,2026-08-03,41-45岁,男,企业高管/企业主,80-100万,已婚二孩及以上,3人,是,是,家中已有新能源车,增购,家中已有新能源车,40-60万,已下订,2周-1个月,本人+配偶,KOL/博主；父母；配偶,减少里程焦虑；家庭品质升级；空间升级,城市通勤；周末短途,懂车帝/汽车之家口碑；KOL评测,是,乘坐舒适；保值率；售后服务；价格权益,希望同预算下配置和权益更划算,停车便利性；价格权益是否稳定；权益透明度,岚图泰山；问界M9,继续比较,待定,,受访者关注乘坐舒适，主要用于城市通勤；同时对停车便利性仍有疑问，决策中会对比岚图泰山；问界M9。,先围绕城市通勤场景切入，再把乘坐舒适转化为可感知体验；对停车便利性需结合竞品对比和真实用车成本解释。,公开资料方向拟定/模拟问卷样本,基于车型定位、价格段、能源形式、公开车主口碑和公开用户画像报告拟定；仅用于产品Demo，不代表真实调研结果。,2024增换购用户需求洞察｜汽车之家研究院,https://www.autohome.com.cn/news/202409/1300865.html
S052-03,极氪,极氪9X,极氪9X,46.59-59.99万,50-60万,非增程式插混,SUV,大型,6座,山东省,2026-06-12,36-40岁,男,金融/地产从业者,100万以上,已婚二孩及以上,1人,是,否,家中已有燃油车,增购,家中已有燃油车,40-60万,已购/用车复盘,2个月以上,家庭共同决策,KOL/博主；父母；子女,减少里程焦虑；品牌升级；空间升级,家庭出行；周末短途；接送孩子,KOL评测；品牌直营店/4S店,是,第三排/多人乘坐；家庭适配；豪华感/质感；智能座舱,希望兼顾家人乘坐和周末出行,车身尺寸是否好开；价格是否值得,问界M9；理想L9；坦克700新能源,继续比较,待定,,受访者关注第三排/多人乘坐，主要用于家庭出行；同时对车身尺寸是否好开仍有疑问，决策中会对比问界M9；理想L9；坦克700新能源。,先围绕家庭出行场景切入，再把第三排/多人乘坐转化为可感知体验；对车身尺寸是否好开需结合竞品对比和真实用车成本解释。,公开资料方向拟定/模拟问卷样本,基于车型定位、价格段、能源形式、公开车主口碑和公开用户画像报告拟定；仅用于产品Demo，不代表真实调研结果。,2024增换购用户需求洞察｜汽车之家研究院,https://www.autohome.com.cn/news/202409/1300865.html
S052-04,极氪,极氪9X,极氪9X,46.59-59.99万,50-60万,非增程式插混,SUV,大型,6座,福建省,2026-06-13,41-45岁,不便透露,私营业主/个体经营者,100万以上,已婚一孩,4人,是,否,家中已有新能源车,增购,家中已有新能源车,40-60万,对比评估,1-2个月,本人+配偶,子女；父母；配偶,减少里程焦虑；换新能源；品牌升级,周末短途；老人小孩乘坐；长途自驾,小红书/抖音内容；KOL评测,是,乘坐舒适；豪华感/质感；价格权益,希望同预算下配置和权益更划算,权益透明度；第三排舒适性；价格权益是否稳定,理想L9；坦克700新能源,已下订,是,,受访者关注乘坐舒适，主要用于周末短途；同时对权益透明度仍有疑问，决策中会对比理想L9；坦克700新能源。,先围绕周末短途场景切入，再把乘坐舒适转化为可感知体验；对权益透明度需结合竞品对比和真实用车成本解释。,公开资料方向拟定/模拟问卷样本,基于车型定位、价格段、能源形式、公开车主口碑和公开用户画像报告拟定；仅用于产品Demo，不代表真实调研结果。,2024增换购用户需求洞察｜汽车之家研究院,https://www.autohome.com.cn/news/202409/1300865.html
S052-05,极氪,极氪9X,极氪9X,46.59-59.99万,50-60万,非增程式插混,SUV,大型,6座,江苏省,2026-07-07,36-40岁,女,企业高管/企业主,80-100万,已婚一孩,3人,是,否,BBA/传统豪华车,换购,BBA/传统豪华车,40-60万,已下订,1-2个月,父母参与,车主评价；KOL/博主；配偶,商务接待；换新能源；家庭出行升级,老人小孩乘坐；城市通勤；周末短途,品牌直营店/4S店；车主群/社群讨论,否,补能便利；保值率；价格权益；安全性,希望同预算下配置和权益更划算,用车能耗/续航；价格权益是否稳定,坦克700新能源；蔚来ES9,已下订,是,,受访者关注补能便利，主要用于老人小孩乘坐；同时对用车能耗/续航仍有疑问，决策中会对比坦克700新能源；蔚来ES9。,先围绕老人小孩乘坐场景切入，再把补能便利转化为可感知体验；对用车能耗/续航需结合竞品对比和真实用车成本解释。,公开资料方向拟定/模拟问卷样本,基于车型定位、价格段、能源形式、公开车主口碑和公开用户画像报告拟定；仅用于产品Demo，不代表真实调研结果。,2024增换购用户需求洞察｜汽车之家研究院,https://www.autohome.com.cn/news/202409/1300865.html
S052-06,极氪,极氪9X,极氪9X,46.59-59.99万,50-60万,非增程式插混,SUV,大型,6座,福建省,2026-08-14,41-45岁,不便透露,私营业主/个体经营者,100万以上,已婚二孩及以上,1人,是,是,家中已有新能源车,增购,家中已有新能源车,40-60万,对比评估,2个月以上,本人+配偶,配偶；子女,长途/自驾；家庭出行升级；换新能源,老人小孩乘坐；接送孩子,KOL评测；小红书/抖音内容,否,家庭适配；价格权益；乘坐舒适；空间舒适,希望兼顾家人乘坐和周末出行；希望同预算下配置和权益更划算,保值率；停车便利性,蔚来ES9；岚图泰山；问界M9,继续比较,待定,,受访者关注家庭适配，主要用于老人小孩乘坐；同时对保值率仍有疑问，决策中会对比蔚来ES9；岚图泰山；问界M9。,先围绕老人小孩乘坐场景切入，再把家庭适配转化为可感知体验；对保值率需结合竞品对比和真实用车成本解释。,公开资料方向拟定/模拟问卷样本,基于车型定位、价格段、能源形式、公开车主口碑和公开用户画像报告拟定；仅用于产品Demo，不代表真实调研结果。,2024增换购用户需求洞察｜汽车之家研究院,https://www.autohome.com.cn/news/202409/1300865.html
S052-07,极氪,极氪9X,极氪9X,46.59-59.99万,50-60万,非增程式插混,SUV,大型,6座,北京市,2026-06-06,36-40岁,男,私营业主/个体经营者,100万以上,已婚一孩,3人,是,否,家中已有燃油车,增购,家中已有燃油车,40-60万,对比评估,2周-1个月,本人+配偶,父母；配偶,空间升级；通勤代步；换新能源,家庭出行；长途自驾；接送孩子,懂车帝/汽车之家口碑；KOL评测；车主群/社群讨论,是,智能座舱；补能便利；家庭适配；乘坐舒适,希望兼顾家人乘坐和周末出行,价格权益是否稳定；停车便利性；保值率,岚图泰山；问界M9,继续比较,待定,,受访者关注智能座舱，主要用于家庭出行；同时对价格权益是否稳定仍有疑问，决策中会对比岚图泰山；问界M9。,先围绕家庭出行场景切入，再把智能座舱转化为可感知体验；对价格权益是否稳定需结合竞品对比和真实用车成本解释。,公开资料方向拟定/模拟问卷样本,基于车型定位、价格段、能源形式、公开车主口碑和公开用户画像报告拟定；仅用于产品Demo，不代表真实调研结果。,2024增换购用户需求洞察｜汽车之家研究院,https://www.autohome.com.cn/news/202409/1300865.html
S052-08,极氪,极氪9X,极氪9X,46.59-59.99万,50-60万,非增程式插混,SUV,大型,6座,北京市,2026-07-08,36-40岁,男,私营业主/个体经营者,80-100万,已婚一孩,4人,是,否,BBA/传统豪华车,换购,BBA/传统豪华车,40-60万,已下订,1-2个月,本人+配偶,父母；子女,长途/自驾；换新能源,多成员家庭出行；周末短途,品牌直营店/4S店；小红书/抖音内容；车主群/社群讨论,是,品牌认知；补能便利；空间舒适；售后服务,希望兼顾家人乘坐和周末出行；在意品牌形象和商务/社交场景认可度,用车能耗/续航；权益透明度,问界M9；理想L9,已下订,是,,受访者关注品牌认知，主要用于多成员家庭出行；同时对用车能耗/续航仍有疑问，决策中会对比问界M9；理想L9。,先围绕多成员家庭出行场景切入，再把品牌认知转化为可感知体验；对用车能耗/续航需结合竞品对比和真实用车成本解释。,公开资料方向拟定/模拟问卷样本,基于车型定位、价格段、能源形式、公开车主口碑和公开用户画像报告拟定；仅用于产品Demo，不代表真实调研结果。,2024增换购用户需求洞察｜汽车之家研究院,https://www.autohome.com.cn/news/202409/1300865.html
S053-01,蔚来,蔚来ES8,蔚来ES8,38.28-44.68万,40-50万,纯电动,SUV,大型,5座；6座；7座,四川省,2026-08-22,41-45岁,女,企业高管/企业主,80-100万,已婚无孩,3人,否,是,15-25万合资/自主车,换购,15-25万合资/自主车,30-50万,已下订,2周-1个月,家庭共同决策,朋友/同事；车主评价,品牌升级；通勤代步,周末短途；充电便利场景；家庭出行,车主群/社群讨论；小红书/抖音内容；KOL评测,否,智能座舱；豪华感/质感；低使用成本；第三排/多人乘坐,希望在预算内获得更稳定的综合体验,售后网络是否成熟；第三排舒适性；权益透明度,岚图泰山；奔驰GLC新能源,继续比较,待定,,受访者关注智能座舱，主要用于周末短途；同时对售后网络是否成熟仍有疑问，决策中会对比岚图泰山；奔驰GLC新能源。,先围绕周末短途场景切入，再把智能座舱转化为可感知体验；对售后网络是否成熟需结合竞品对比和真实用车成本解释。,公开资料方向拟定/模拟问卷样本,基于车型定位、价格段、能源形式、公开车主口碑和公开用户画像报告拟定；仅用于产品Demo，不代表真实调研结果。,2024增换购用户需求洞察｜汽车之家研究院,https://www.autohome.com.cn/news/202409/1300865.html
S053-02,蔚来,蔚来ES8,蔚来ES8,38.28-44.68万,40-50万,纯电动,SUV,大型,5座；6座；7座,广东省,2026-07-03,36-40岁,女,私营业主/个体经营者,50-80万,已婚一孩,4人,是,否,15-25万合资/自主车,换购,15-25万合资/自主车,30-50万,初步了解,1-2个月,本人+配偶,KOL/博主；车主评价,通勤代步；家庭品质升级,家庭出行；多成员家庭出行；长途自驾,KOL评测；车主群/社群讨论；品牌直营店/4S店,是,安全性；保值率；第三排/多人乘坐,希望在预算内获得更稳定的综合体验,保值率；停车便利性,奔驰GLC新能源；雷克萨斯RX,价格合适会买,待定,,受访者关注安全性，主要用于家庭出行；同时对保值率仍有疑问，决策中会对比奔驰GLC新能源；雷克萨斯RX。,先围绕家庭出行场景切入，再把安全性转化为可感知体验；对保值率需结合竞品对比和真实用车成本解释。,公开资料方向拟定/模拟问卷样本,基于车型定位、价格段、能源形式、公开车主口碑和公开用户画像报告拟定；仅用于产品Demo，不代表真实调研结果。,2024增换购用户需求洞察｜汽车之家研究院,https://www.autohome.com.cn/news/202409/1300865.html
S053-03,蔚来,蔚来ES8,蔚来ES8,38.28-44.68万,40-50万,纯电动,SUV,大型,5座；6座；7座,安徽省,2026-06-01,36-40岁,男,私营业主/个体经营者,80-100万,已婚无孩,2人,否,是,无车,首购,无车,30-50万,已试驾,2周-1个月,本人+配偶,朋友/同事；配偶,品牌升级；空间升级,城市通勤；家庭出行；接送孩子,KOL评测；小红书/抖音内容,是,外观设计；乘坐舒适；智能座舱,希望在预算内获得更稳定的综合体验,续航达成率；高端服务体验,雷克萨斯RX；极氪8X；奔驰GLC,继续比较,待定,,受访者关注外观设计，主要用于城市通勤；同时对续航达成率仍有疑问，决策中会对比雷克萨斯RX；极氪8X；奔驰GLC。,先围绕城市通勤场景切入，再把外观设计转化为可感知体验；对续航达成率需结合竞品对比和真实用车成本解释。,公开资料方向拟定/模拟问卷样本,基于车型定位、价格段、能源形式、公开车主口碑和公开用户画像报告拟定；仅用于产品Demo，不代表真实调研结果。,2024增换购用户需求洞察｜汽车之家研究院,https://www.autohome.com.cn/news/202409/1300865.html
S053-04,蔚来,蔚来ES8,蔚来ES8,38.28-44.68万,40-50万,纯电动,SUV,大型,5座；6座；7座,河南省,2026-06-07,31-35岁,不便透露,企业高管/企业主,50-80万,三代同堂,3人,是,是,家中已有新能源车,增购,家中已有新能源车,30-50万,对比评估,2个月以上,家庭共同决策,子女；车主评价,低成本出行；商务接待,多成员家庭出行；充电便利场景,KOL评测；小红书/抖音内容；朋友/同事推荐,是,空间舒适；家庭适配；外观设计；价格权益,希望兼顾家人乘坐和周末出行；希望同预算下配置和权益更划算,竞品是否更强；保值率；价格是否值得,极氪8X；奔驰GLC,已下订,是,,受访者关注空间舒适，主要用于多成员家庭出行；同时对竞品是否更强仍有疑问，决策中会对比极氪8X；奔驰GLC。,先围绕多成员家庭出行场景切入，再把空间舒适转化为可感知体验；对竞品是否更强需结合竞品对比和真实用车成本解释。,公开资料方向拟定/模拟问卷样本,基于车型定位、价格段、能源形式、公开车主口碑和公开用户画像报告拟定；仅用于产品Demo，不代表真实调研结果。,2024增换购用户需求洞察｜汽车之家研究院,https://www.autohome.com.cn/news/202409/1300865.html
S053-05,蔚来,蔚来ES8,蔚来ES8,38.28-44.68万,40-50万,纯电动,SUV,大型,5座；6座；7座,北京市,2026-08-10,36-40岁,男,私营业主/个体经营者,50-80万,已婚一孩,5人及以上,是,否,15-25万合资/自主车,换购,15-25万合资/自主车,30-50万,已下订,2个月以上,家庭共同决策,KOL/博主；配偶；父母,家庭品质升级；低成本出行,充电便利场景；周末短途,品牌直营店/4S店；懂车帝/汽车之家口碑,是,安全性；智能座舱；豪华感/质感；乘坐舒适,希望在预算内获得更稳定的综合体验,续航达成率；高端服务体验；价格是否值得,奔驰GLC；岚图泰山,继续比较,待定,,受访者关注安全性，主要用于充电便利场景；同时对续航达成率仍有疑问，决策中会对比奔驰GLC；岚图泰山。,先围绕充电便利场景场景切入，再把安全性转化为可感知体验；对续航达成率需结合竞品对比和真实用车成本解释。,公开资料方向拟定/模拟问卷样本,基于车型定位、价格段、能源形式、公开车主口碑和公开用户画像报告拟定；仅用于产品Demo，不代表真实调研结果。,2024增换购用户需求洞察｜汽车之家研究院,https://www.autohome.com.cn/news/202409/1300865.html
S053-06,蔚来,蔚来ES8,蔚来ES8,38.28-44.68万,40-50万,纯电动,SUV,大型,5座；6座；7座,上海市,2026-08-21,36-40岁,不便透露,私营业主/个体经营者,50-80万,三代同堂,4人,是,是,15-25万合资/自主车,换购,15-25万合资/自主车,30-50万,已购/用车复盘,1-2个月,本人+配偶,父母；子女,家庭出行升级；通勤代步；智能化体验,家庭出行；城市通勤,KOL评测；小红书/抖音内容,是,安全性；空间舒适；品牌认知,希望兼顾家人乘坐和周末出行；在意品牌形象和商务/社交场景认可度,停车便利性；续航达成率；保值率,岚图泰山；奔驰GLC新能源；雷克萨斯RX,价格合适会买,待定,,受访者关注安全性，主要用于家庭出行；同时对停车便利性仍有疑问，决策中会对比岚图泰山；奔驰GLC新能源；雷克萨斯RX。,先围绕家庭出行场景切入，再把安全性转化为可感知体验；对停车便利性需结合竞品对比和真实用车成本解释。,公开资料方向拟定/模拟问卷样本,基于车型定位、价格段、能源形式、公开车主口碑和公开用户画像报告拟定；仅用于产品Demo，不代表真实调研结果。,2024增换购用户需求洞察｜汽车之家研究院,https://www.autohome.com.cn/news/202409/1300865.html
S053-07,蔚来,蔚来ES8,蔚来ES8,38.28-44.68万,40-50万,纯电动,SUV,大型,5座；6座；7座,北京市,2026-08-23,46岁以上,男,公务员/事业单位,30-50万,三代同堂,3人,是,是,15-25万合资/自主车,换购,15-25万合资/自主车,30-50万,已购/用车复盘,1-2个月,家庭共同决策,车主评价；父母,换新能源；商务接待；低成本出行,城市通勤；充电便利场景,朋友/同事推荐；车主群/社群讨论,是,保值率；低使用成本；第三排/多人乘坐,希望在预算内获得更稳定的综合体验,价格是否值得；补能是否方便；智能化是否稳定,奔驰GLC新能源；雷克萨斯RX,价格合适会买,待定,,受访者关注保值率，主要用于城市通勤；同时对价格是否值得仍有疑问，决策中会对比奔驰GLC新能源；雷克萨斯RX。,先围绕城市通勤场景切入，再把保值率转化为可感知体验；对价格是否值得需结合竞品对比和真实用车成本解释。,公开资料方向拟定/模拟问卷样本,基于车型定位、价格段、能源形式、公开车主口碑和公开用户画像报告拟定；仅用于产品Demo，不代表真实调研结果。,2024增换购用户需求洞察｜汽车之家研究院,https://www.autohome.com.cn/news/202409/1300865.html
S053-08,蔚来,蔚来ES8,蔚来ES8,38.28-44.68万,40-50万,纯电动,SUV,大型,5座；6座；7座,江苏省,2026-07-26,31-35岁,女,私营业主/个体经营者,30-50万,已婚二孩及以上,2人,是,否,家中已有新能源车,增购,家中已有新能源车,30-50万,已购/用车复盘,1-2个月,父母参与,父母；子女,品牌升级；智能化体验,接送孩子；充电便利场景；多成员家庭出行,懂车帝/汽车之家口碑；小红书/抖音内容；车主群/社群讨论,是,乘坐舒适；保值率；品牌认知,在意品牌形象和商务/社交场景认可度,智能化是否稳定；续航达成率；价格是否值得,雷克萨斯RX；极氪8X,倾向本品,待定,,受访者关注乘坐舒适，主要用于接送孩子；同时对智能化是否稳定仍有疑问，决策中会对比雷克萨斯RX；极氪8X。,先围绕接送孩子场景切入，再把乘坐舒适转化为可感知体验；对智能化是否稳定需结合竞品对比和真实用车成本解释。,公开资料方向拟定/模拟问卷样本,基于车型定位、价格段、能源形式、公开车主口碑和公开用户画像报告拟定；仅用于产品Demo，不代表真实调研结果。,2024增换购用户需求洞察｜汽车之家研究院,https://www.autohome.com.cn/news/202409/1300865.html
S054-01,岚图汽车,岚图梦想家,岚图梦想家,30.99-70.99万,50-60万,纯电动；非增程式插混,MPV,中大型,7座；4座,广东省,2026-07-08,46岁以上,女,企业高管/企业主,50-80万,已婚二孩及以上,4人,是,否,15-25万合资/自主车,换购,15-25万合资/自主车,30-80万,已购/用车复盘,2个月以上,本人+配偶,KOL/博主；子女；车主评价,家庭品质升级；长途/自驾,长途自驾；家庭出行；城市通勤,小红书/抖音内容；品牌直营店/4S店；KOL评测,是,空间舒适；价格权益；品牌认知,希望兼顾家人乘坐和周末出行；在意品牌形象和商务/社交场景认可度；希望同预算下配置和权益更划算,保值率；补能是否方便,腾势D9；极氪009,倾向本品,待定,,受访者关注空间舒适，主要用于长途自驾；同时对保值率仍有疑问，决策中会对比腾势D9；极氪009。,先围绕长途自驾场景切入，再把空间舒适转化为可感知体验；对保值率需结合竞品对比和真实用车成本解释。,公开资料方向拟定/模拟问卷样本,基于车型定位、价格段、能源形式、公开车主口碑和公开用户画像报告拟定；仅用于产品Demo，不代表真实调研结果。,2024增换购用户需求洞察｜汽车之家研究院,https://www.autohome.com.cn/news/202409/1300865.html
S054-02,岚图汽车,岚图梦想家,岚图梦想家,30.99-70.99万,50-60万,纯电动；非增程式插混,MPV,中大型,7座；4座,重庆市,2026-08-27,41-45岁,不便透露,企业高管/企业主,50-80万,已婚二孩及以上,2人,是,否,15-25万合资/自主车,换购,15-25万合资/自主车,30-80万,对比评估,2周-1个月,父母参与,配偶；父母；车主评价,长途/自驾；家庭品质升级,长途自驾；多成员家庭出行,KOL评测；小红书/抖音内容,是,售后服务；智能座舱；价格权益,希望同预算下配置和权益更划算,用车能耗/续航；车身尺寸是否好开,极氪009；智界V9,价格合适会买,待定,,受访者关注售后服务，主要用于长途自驾；同时对用车能耗/续航仍有疑问，决策中会对比极氪009；智界V9。,先围绕长途自驾场景切入，再把售后服务转化为可感知体验；对用车能耗/续航需结合竞品对比和真实用车成本解释。,公开资料方向拟定/模拟问卷样本,基于车型定位、价格段、能源形式、公开车主口碑和公开用户画像报告拟定；仅用于产品Demo，不代表真实调研结果。,2024增换购用户需求洞察｜汽车之家研究院,https://www.autohome.com.cn/news/202409/1300865.html
S054-03,岚图汽车,岚图梦想家,岚图梦想家,30.99-70.99万,50-60万,纯电动；非增程式插混,MPV,中大型,7座；4座,重庆市,2026-08-12,36-40岁,不便透露,私营业主/个体经营者,80-100万,已婚二孩及以上,3人,是,是,家中已有燃油车,增购,家中已有燃油车,30-80万,已购/用车复盘,1-2个月,家庭共同决策,父母；KOL/博主；配偶,智能化体验；通勤代步；空间升级,老人小孩乘坐；周末短途；家庭出行,小红书/抖音内容；朋友/同事推荐,是,保值率；低使用成本；品牌认知,在意品牌形象和商务/社交场景认可度,竞品是否更强；补能是否方便,智界V9；赛那SIENNA；坦克700新能源,倾向本品,待定,,受访者关注保值率，主要用于老人小孩乘坐；同时对竞品是否更强仍有疑问，决策中会对比智界V9；赛那SIENNA；坦克700新能源。,先围绕老人小孩乘坐场景切入，再把保值率转化为可感知体验；对竞品是否更强需结合竞品对比和真实用车成本解释。,公开资料方向拟定/模拟问卷样本,基于车型定位、价格段、能源形式、公开车主口碑和公开用户画像报告拟定；仅用于产品Demo，不代表真实调研结果。,2024增换购用户需求洞察｜汽车之家研究院,https://www.autohome.com.cn/news/202409/1300865.html
S054-04,岚图汽车,岚图梦想家,岚图梦想家,30.99-70.99万,50-60万,纯电动；非增程式插混,MPV,中大型,7座；4座,四川省,2026-07-19,41-45岁,女,私营业主/个体经营者,80-100万,已婚无孩,5人及以上,否,否,15-25万合资/自主车,换购,15-25万合资/自主车,30-80万,对比评估,1-2个月,家庭共同决策,车主评价；配偶,长途/自驾；品牌升级,老人小孩乘坐；城市通勤,朋友/同事推荐；车主群/社群讨论,否,乘坐舒适；空间舒适；家庭适配；品牌认知,希望兼顾家人乘坐和周末出行；在意品牌形象和商务/社交场景认可度,高端服务体验；用车能耗/续航；续航达成率,赛那SIENNA；坦克700新能源,继续比较,待定,,受访者关注乘坐舒适，主要用于老人小孩乘坐；同时对高端服务体验仍有疑问，决策中会对比赛那SIENNA；坦克700新能源。,先围绕老人小孩乘坐场景切入，再把乘坐舒适转化为可感知体验；对高端服务体验需结合竞品对比和真实用车成本解释。,公开资料方向拟定/模拟问卷样本,基于车型定位、价格段、能源形式、公开车主口碑和公开用户画像报告拟定；仅用于产品Demo，不代表真实调研结果。,2024增换购用户需求洞察｜汽车之家研究院,https://www.autohome.com.cn/news/202409/1300865.html
S054-05,岚图汽车,岚图梦想家,岚图梦想家,30.99-70.99万,50-60万,纯电动；非增程式插混,MPV,中大型,7座；4座,广东省,2026-06-13,46岁以上,女,私营业主/个体经营者,80-100万,三代同堂,3人,是,是,家中已有燃油车,增购,家中已有燃油车,30-80万,对比评估,2个月以上,父母参与,配偶；KOL/博主；车主评价,智能化体验；通勤代步；家庭出行升级,充电便利场景；周末短途；多成员家庭出行,小红书/抖音内容；车主群/社群讨论；懂车帝/汽车之家口碑,否,智能驾驶；乘坐舒适；价格权益,希望降低通勤和长途驾驶压力；希望同预算下配置和权益更划算,补能是否方便；竞品是否更强,坦克700新能源；腾势D9,继续比较,待定,,受访者关注智能驾驶，主要用于充电便利场景；同时对补能是否方便仍有疑问，决策中会对比坦克700新能源；腾势D9。,先围绕充电便利场景场景切入，再把智能驾驶转化为可感知体验；对补能是否方便需结合竞品对比和真实用车成本解释。,公开资料方向拟定/模拟问卷样本,基于车型定位、价格段、能源形式、公开车主口碑和公开用户画像报告拟定；仅用于产品Demo，不代表真实调研结果。,2024增换购用户需求洞察｜汽车之家研究院,https://www.autohome.com.cn/news/202409/1300865.html
S054-06,岚图汽车,岚图梦想家,岚图梦想家,30.99-70.99万,50-60万,纯电动；非增程式插混,MPV,中大型,7座；4座,广东省,2026-07-19,41-45岁,女,企业高管/企业主,100万以上,已婚二孩及以上,3人,是,否,家中已有新能源车,增购,家中已有新能源车,30-80万,已试驾,2个月以上,家庭共同决策,父母；配偶；KOL/博主,低成本出行；智能化体验,接送孩子；周末短途,小红书/抖音内容；懂车帝/汽车之家口碑；朋友/同事推荐,否,外观设计；智能驾驶；售后服务；保值率,希望降低通勤和长途驾驶压力,竞品是否更强；补能是否方便；价格权益是否稳定,腾势D9；极氪009；智界V9,倾向本品,待定,,受访者关注外观设计，主要用于接送孩子；同时对竞品是否更强仍有疑问，决策中会对比腾势D9；极氪009；智界V9。,先围绕接送孩子场景切入，再把外观设计转化为可感知体验；对竞品是否更强需结合竞品对比和真实用车成本解释。,公开资料方向拟定/模拟问卷样本,基于车型定位、价格段、能源形式、公开车主口碑和公开用户画像报告拟定；仅用于产品Demo，不代表真实调研结果。,2024增换购用户需求洞察｜汽车之家研究院,https://www.autohome.com.cn/news/202409/1300865.html
S054-07,岚图汽车,岚图梦想家,岚图梦想家,30.99-70.99万,50-60万,纯电动；非增程式插混,MPV,中大型,7座；4座,北京市,2026-08-25,46岁以上,女,私营业主/个体经营者,80-100万,已婚二孩及以上,3人,是,否,家中已有燃油车,增购,家中已有燃油车,30-80万,对比评估,1-2个月,本人+配偶,车主评价；配偶,空间升级；品牌升级,城市通勤；家庭出行,KOL评测；小红书/抖音内容,是,家庭适配；智能驾驶；空间舒适,希望兼顾家人乘坐和周末出行；希望降低通勤和长途驾驶压力,第三排舒适性；售后网络是否成熟,极氪009；智界V9,倾向本品,待定,,受访者关注家庭适配，主要用于城市通勤；同时对第三排舒适性仍有疑问，决策中会对比极氪009；智界V9。,先围绕城市通勤场景切入，再把家庭适配转化为可感知体验；对第三排舒适性需结合竞品对比和真实用车成本解释。,公开资料方向拟定/模拟问卷样本,基于车型定位、价格段、能源形式、公开车主口碑和公开用户画像报告拟定；仅用于产品Demo，不代表真实调研结果。,2024增换购用户需求洞察｜汽车之家研究院,https://www.autohome.com.cn/news/202409/1300865.html
S054-08,岚图汽车,岚图梦想家,岚图梦想家,30.99-70.99万,50-60万,纯电动；非增程式插混,MPV,中大型,7座；4座,广东省,2026-08-03,41-45岁,男,企业高管/企业主,100万以上,已婚一孩,2人,是,否,家中已有新能源车,增购,家中已有新能源车,30-80万,已下订,2个月以上,本人+配偶,车主评价；配偶,家庭出行升级；家庭品质升级；品牌升级,周末短途；充电便利场景；长途自驾,品牌直营店/4S店；朋友/同事推荐,是,豪华感/质感；售后服务；安全性,希望在预算内获得更稳定的综合体验,售后维修成本；续航达成率,智界V9；赛那SIENNA,倾向本品,待定,,受访者关注豪华感/质感，主要用于周末短途；同时对售后维修成本仍有疑问，决策中会对比智界V9；赛那SIENNA。,先围绕周末短途场景切入，再把豪华感/质感转化为可感知体验；对售后维修成本需结合竞品对比和真实用车成本解释。,公开资料方向拟定/模拟问卷样本,基于车型定位、价格段、能源形式、公开车主口碑和公开用户画像报告拟定；仅用于产品Demo，不代表真实调研结果。,2024增换购用户需求洞察｜汽车之家研究院,https://www.autohome.com.cn/news/202409/1300865.html
S055-01,方程豹,豹8,豹8,41.98-42.78万,40-50万,非增程式插混,SUV,中大型,5座；6座；7座,浙江省,2026-08-22,31-35岁,男,私营业主/个体经营者,80-100万,三代同堂,5人及以上,是,是,BBA/传统豪华车,换购,BBA/传统豪华车,40-50万,已购/用车复盘,2个月以上,家庭共同决策,父母；子女,减少里程焦虑；长途/自驾,城市通勤；长途自驾；多成员家庭出行,朋友/同事推荐；KOL评测；车主群/社群讨论,是,保值率；乘坐舒适；智能座舱；第三排/多人乘坐,希望在预算内获得更稳定的综合体验,第三排舒适性；价格是否值得；停车便利性,极氪8X；雷克萨斯RX,转向竞品,否,家人更认可竞品,受访者关注保值率，主要用于城市通勤；同时对第三排舒适性仍有疑问，决策中会对比极氪8X；雷克萨斯RX。,先围绕城市通勤场景切入，再把保值率转化为可感知体验；对第三排舒适性需结合竞品对比和真实用车成本解释。,公开资料方向拟定/模拟问卷样本,基于车型定位、价格段、能源形式、公开车主口碑和公开用户画像报告拟定；仅用于产品Demo，不代表真实调研结果。,2024增换购用户需求洞察｜汽车之家研究院,https://www.autohome.com.cn/news/202409/1300865.html
S055-02,方程豹,豹8,豹8,41.98-42.78万,40-50万,非增程式插混,SUV,中大型,5座；6座；7座,广东省,2026-06-12,36-40岁,男,中基层管理者,30-50万,已婚一孩,4人,是,否,无车,首购,无车,40-50万,已试驾,2个月以上,本人+配偶,KOL/博主；车主评价,品牌升级；换新能源；减少里程焦虑,接送孩子；长途自驾；周末短途,KOL评测；车主群/社群讨论,是,家庭适配；空间舒适；补能便利；豪华感/质感,希望兼顾家人乘坐和周末出行,竞品是否更强；第三排舒适性；价格是否值得,雷克萨斯RX；理想L8,继续比较,待定,,受访者关注家庭适配，主要用于接送孩子；同时对竞品是否更强仍有疑问，决策中会对比雷克萨斯RX；理想L8。,先围绕接送孩子场景切入，再把家庭适配转化为可感知体验；对竞品是否更强需结合竞品对比和真实用车成本解释。,公开资料方向拟定/模拟问卷样本,基于车型定位、价格段、能源形式、公开车主口碑和公开用户画像报告拟定；仅用于产品Demo，不代表真实调研结果。,2024增换购用户需求洞察｜汽车之家研究院,https://www.autohome.com.cn/news/202409/1300865.html
S055-03,方程豹,豹8,豹8,41.98-42.78万,40-50万,非增程式插混,SUV,中大型,5座；6座；7座,广东省,2026-07-19,31-35岁,女,中基层管理者,80-100万,已婚二孩及以上,4人,是,否,BBA/传统豪华车,换购,BBA/传统豪华车,40-50万,已试驾,2周-1个月,本人+配偶,车主评价；父母,换新能源；品牌升级；减少里程焦虑,长途自驾；周末短途；多成员家庭出行,朋友/同事推荐；小红书/抖音内容,是,价格权益；补能便利；智能座舱,希望同预算下配置和权益更划算,售后维修成本；车身尺寸是否好开,理想L8；岚图泰山；奔驰GLC新能源,转向竞品,否,竞品价格更低,受访者关注价格权益，主要用于长途自驾；同时对售后维修成本仍有疑问，决策中会对比理想L8；岚图泰山；奔驰GLC新能源。,先围绕长途自驾场景切入，再把价格权益转化为可感知体验；对售后维修成本需结合竞品对比和真实用车成本解释。,公开资料方向拟定/模拟问卷样本,基于车型定位、价格段、能源形式、公开车主口碑和公开用户画像报告拟定；仅用于产品Demo，不代表真实调研结果。,2024增换购用户需求洞察｜汽车之家研究院,https://www.autohome.com.cn/news/202409/1300865.html
S055-04,方程豹,豹8,豹8,41.98-42.78万,40-50万,非增程式插混,SUV,中大型,5座；6座；7座,上海市,2026-08-22,46岁以上,男,金融/地产从业者,100万以上,已婚二孩及以上,1人,是,是,BBA/传统豪华车,换购,BBA/传统豪华车,40-50万,已购/用车复盘,2个月以上,本人+配偶,子女；车主评价；父母,通勤代步；品牌升级；商务接待,城市通勤；接送孩子；周末短途,懂车帝/汽车之家口碑；KOL评测,是,售后服务；第三排/多人乘坐；乘坐舒适,希望在预算内获得更稳定的综合体验,价格是否值得；停车便利性,岚图泰山；奔驰GLC新能源,倾向本品,待定,,受访者关注售后服务，主要用于城市通勤；同时对价格是否值得仍有疑问，决策中会对比岚图泰山；奔驰GLC新能源。,先围绕城市通勤场景切入，再把售后服务转化为可感知体验；对价格是否值得需结合竞品对比和真实用车成本解释。,公开资料方向拟定/模拟问卷样本,基于车型定位、价格段、能源形式、公开车主口碑和公开用户画像报告拟定；仅用于产品Demo，不代表真实调研结果。,2024增换购用户需求洞察｜汽车之家研究院,https://www.autohome.com.cn/news/202409/1300865.html
S055-05,方程豹,豹8,豹8,41.98-42.78万,40-50万,非增程式插混,SUV,中大型,5座；6座；7座,江苏省,2026-07-04,31-35岁,男,企业高管/企业主,50-80万,已婚无孩,3人,否,否,BBA/传统豪华车,换购,BBA/传统豪华车,40-50万,已下订,1-2个月,家庭共同决策,KOL/博主；配偶；朋友/同事,家庭品质升级；减少里程焦虑；空间升级,城市通勤；家庭出行,小红书/抖音内容；品牌直营店/4S店,是,品牌认知；第三排/多人乘坐；空间舒适；价格权益,希望兼顾家人乘坐和周末出行；在意品牌形象和商务/社交场景认可度；希望同预算下配置和权益更划算,竞品是否更强；保值率；高端服务体验,奔驰GLC新能源；极氪8X,转向竞品,否,家人更认可竞品,受访者关注品牌认知，主要用于城市通勤；同时对竞品是否更强仍有疑问，决策中会对比奔驰GLC新能源；极氪8X。,先围绕城市通勤场景切入，再把品牌认知转化为可感知体验；对竞品是否更强需结合竞品对比和真实用车成本解释。,公开资料方向拟定/模拟问卷样本,基于车型定位、价格段、能源形式、公开车主口碑和公开用户画像报告拟定；仅用于产品Demo，不代表真实调研结果。,2024增换购用户需求洞察｜汽车之家研究院,https://www.autohome.com.cn/news/202409/1300865.html
S055-06,方程豹,豹8,豹8,41.98-42.78万,40-50万,非增程式插混,SUV,中大型,5座；6座；7座,山东省,2026-07-02,36-40岁,男,企业高管/企业主,30-50万,已婚无孩,3人,否,是,家中已有新能源车,增购,家中已有新能源车,40-50万,已试驾,1-2个月,家庭共同决策,KOL/博主；朋友/同事；车主评价,空间升级；长途/自驾,周末短途；多成员家庭出行,懂车帝/汽车之家口碑；品牌直营店/4S店,是,安全性；空间舒适；豪华感/质感；乘坐舒适,希望兼顾家人乘坐和周末出行,保值率；售后维修成本,极氪8X；雷克萨斯RX；理想L8,已下订,是,,受访者关注安全性，主要用于周末短途；同时对保值率仍有疑问，决策中会对比极氪8X；雷克萨斯RX；理想L8。,先围绕周末短途场景切入，再把安全性转化为可感知体验；对保值率需结合竞品对比和真实用车成本解释。,公开资料方向拟定/模拟问卷样本,基于车型定位、价格段、能源形式、公开车主口碑和公开用户画像报告拟定；仅用于产品Demo，不代表真实调研结果。,2024增换购用户需求洞察｜汽车之家研究院,https://www.autohome.com.cn/news/202409/1300865.html
S055-07,方程豹,豹8,豹8,41.98-42.78万,40-50万,非增程式插混,SUV,中大型,5座；6座；7座,河南省,2026-08-09,41-45岁,女,企业高管/企业主,50-80万,已婚一孩,3人,是,否,家中已有燃油车,增购,家中已有燃油车,40-50万,已下订,2周-1个月,家庭共同决策,KOL/博主；父母,空间升级；换新能源；减少里程焦虑,城市通勤；老人小孩乘坐；周末短途,小红书/抖音内容；懂车帝/汽车之家口碑,否,智能座舱；售后服务；空间舒适；豪华感/质感,希望兼顾家人乘坐和周末出行,价格是否值得；停车便利性,雷克萨斯RX；理想L8,价格合适会买,待定,,受访者关注智能座舱，主要用于城市通勤；同时对价格是否值得仍有疑问，决策中会对比雷克萨斯RX；理想L8。,先围绕城市通勤场景切入，再把智能座舱转化为可感知体验；对价格是否值得需结合竞品对比和真实用车成本解释。,公开资料方向拟定/模拟问卷样本,基于车型定位、价格段、能源形式、公开车主口碑和公开用户画像报告拟定；仅用于产品Demo，不代表真实调研结果。,2024增换购用户需求洞察｜汽车之家研究院,https://www.autohome.com.cn/news/202409/1300865.html
S055-08,方程豹,豹8,豹8,41.98-42.78万,40-50万,非增程式插混,SUV,中大型,5座；6座；7座,广东省,2026-08-10,36-40岁,男,中基层管理者,50-80万,已婚一孩,3人,是,否,无车,首购,无车,40-50万,已试驾,1-2个月,家庭共同决策,车主评价；父母,空间升级；长途/自驾,接送孩子；老人小孩乘坐,懂车帝/汽车之家口碑；品牌直营店/4S店；朋友/同事推荐,是,安全性；品牌认知；豪华感/质感；售后服务,在意品牌形象和商务/社交场景认可度,价格权益是否稳定；用车能耗/续航,理想L8；岚图泰山,倾向本品,待定,,受访者关注安全性，主要用于接送孩子；同时对价格权益是否稳定仍有疑问，决策中会对比理想L8；岚图泰山。,先围绕接送孩子场景切入，再把安全性转化为可感知体验；对价格权益是否稳定需结合竞品对比和真实用车成本解释。,公开资料方向拟定/模拟问卷样本,基于车型定位、价格段、能源形式、公开车主口碑和公开用户画像报告拟定；仅用于产品Demo，不代表真实调研结果。,2024增换购用户需求洞察｜汽车之家研究院,https://www.autohome.com.cn/news/202409/1300865.html
S056-01,理想汽车,理想L9,理想L9,45.98-50.98万,40-50万,增程式插混,SUV,大型,6座,湖南省,2026-07-22,36-40岁,不便透露,私营业主/个体经营者,100万以上,已婚一孩,3人,是,否,BBA/传统豪华车,换购,BBA/传统豪华车,40-60万,对比评估,2周-1个月,家庭共同决策,车主评价；子女；配偶,家庭品质升级；减少里程焦虑；家庭出行升级,接送孩子；周末短途；老人小孩乘坐,小红书/抖音内容；朋友/同事推荐,是,补能便利；品牌认知；空间舒适,希望兼顾家人乘坐和周末出行；在意品牌形象和商务/社交场景认可度,价格权益是否稳定；售后维修成本,问界M9；腾势N9,已下订,是,,受访者整体对理想L9的家庭场景适配度评价较积极，关注补能便利，认为其能兼顾接送孩子与家人乘坐；主要顾虑集中在价格权益是否稳定，决策中会对比问界M9；腾势N9。,优先从情侣/家庭共同决策和真实出行场景切入，强调空间、座舱和增程/补能确定性体验，再回应价格权益是否稳定。,公开资料方向拟定/模拟问卷样本,基于车型定位、价格段、能源形式、公开车主口碑和公开用户画像报告拟定；仅用于产品Demo，不代表真实调研结果。,理想L6/L8公开调研与理想家庭用户口碑方向,https://www.thepaper.cn/newsDetail_forward_27214618
S056-02,理想汽车,理想L9,理想L9,45.98-50.98万,40-50万,增程式插混,SUV,大型,6座,浙江省,2026-08-15,31-35岁,女,私营业主/个体经营者,80-100万,已婚二孩及以上,4人,是,否,无车,首购,无车,40-60万,已下订,1-2个月,家庭共同决策,配偶；车主评价,家庭品质升级；长途/自驾；减少里程焦虑,多成员家庭出行；长途自驾,品牌直营店/4S店；车主群/社群讨论；朋友/同事推荐,是,智能座舱；第三排/多人乘坐；售后服务,希望在预算内获得更稳定的综合体验,智驾是否强于竞品；停车便利性；价格是否值得,问界M9；腾势N9,已下订,是,,受访者整体对理想L9的家庭场景适配度评价较积极，关注智能座舱，认为其能兼顾多成员家庭出行与家人乘坐；主要顾虑集中在智驾是否强于竞品，决策中会对比问界M9；腾势N9。,优先从情侣/家庭共同决策和真实出行场景切入，强调空间、座舱和增程/补能确定性体验，再回应智驾是否强于竞品。,公开资料方向拟定/模拟问卷样本,基于车型定位、价格段、能源形式、公开车主口碑和公开用户画像报告拟定；仅用于产品Demo，不代表真实调研结果。,理想L6/L8公开调研与理想家庭用户口碑方向,https://www.thepaper.cn/newsDetail_forward_27214618
S056-03,理想汽车,理想L9,理想L9,45.98-50.98万,40-50万,增程式插混,SUV,大型,6座,河南省,2026-07-09,41-45岁,女,企业高管/企业主,80-100万,已婚二孩及以上,4人,是,否,家中已有燃油车,增购,家中已有燃油车,40-60万,流失/转向竞品,1-2个月,父母参与,KOL/博主；车主评价；配偶,商务接待；家庭出行升级,长途自驾；老人小孩乘坐；城市通勤,品牌直营店/4S店；朋友/同事推荐,是,保值率；品牌认知；乘坐舒适,在意品牌形象和商务/社交场景认可度,竞品是否更强；售后维修成本；保值率,问界M9；腾势N9；奔驰GLS,已购,是,,受访者整体对理想L9的家庭场景适配度评价较积极，关注保值率，认为其能兼顾长途自驾与家人乘坐；主要顾虑集中在竞品是否更强，决策中会对比问界M9；腾势N9；奔驰GLS。,优先从情侣/家庭共同决策和真实出行场景切入，强调空间、座舱和增程/补能确定性体验，再回应竞品是否更强。,公开资料方向拟定/模拟问卷样本,基于车型定位、价格段、能源形式、公开车主口碑和公开用户画像报告拟定；仅用于产品Demo，不代表真实调研结果。,理想L6/L8公开调研与理想家庭用户口碑方向,https://www.thepaper.cn/newsDetail_forward_27214618
S056-04,理想汽车,理想L9,理想L9,45.98-50.98万,40-50万,增程式插混,SUV,大型,6座,浙江省,2026-08-17,31-35岁,不便透露,私营业主/个体经营者,80-100万,三代同堂,4人,是,是,BBA/传统豪华车,换购,BBA/传统豪华车,40-60万,已购/用车复盘,2个月以上,家庭共同决策,KOL/博主；父母,家庭出行升级；商务接待；长途/自驾,家庭出行；城市通勤；长途自驾,车主群/社群讨论；懂车帝/汽车之家口碑,否,智能座舱；家庭适配；保值率,希望兼顾家人乘坐和周末出行,智驾是否强于竞品；售后维修成本,问界M9；腾势N9,继续比较,待定,,受访者整体对理想L9的家庭场景适配度评价较积极，关注智能座舱，认为其能兼顾家庭出行与家人乘坐；主要顾虑集中在智驾是否强于竞品，决策中会对比问界M9；腾势N9。,优先从情侣/家庭共同决策和真实出行场景切入，强调空间、座舱和增程/补能确定性体验，再回应智驾是否强于竞品。,公开资料方向拟定/模拟问卷样本,基于车型定位、价格段、能源形式、公开车主口碑和公开用户画像报告拟定；仅用于产品Demo，不代表真实调研结果。,理想L6/L8公开调研与理想家庭用户口碑方向,https://www.thepaper.cn/newsDetail_forward_27214618
S056-05,理想汽车,理想L9,理想L9,45.98-50.98万,40-50万,增程式插混,SUV,大型,6座,北京市,2026-07-08,46岁以上,女,公务员/事业单位,80-100万,已婚二孩及以上,4人,是,否,家中已有燃油车,增购,家中已有燃油车,40-60万,已试驾,1-2个月,本人+配偶,子女；配偶；车主评价,家庭品质升级；换新能源；长途/自驾,周末短途；家庭出行,朋友/同事推荐；小红书/抖音内容,是,空间舒适；安全性；品牌认知,希望兼顾家人乘坐和周末出行；在意品牌形象和商务/社交场景认可度,车身尺寸是否好开；停车便利性,问界M9；腾势N9,已下订,是,,受访者整体对理想L9的家庭场景适配度评价较积极，关注空间舒适，认为其能兼顾周末短途与家人乘坐；主要顾虑集中在车身尺寸是否好开，决策中会对比问界M9；腾势N9。,优先从情侣/家庭共同决策和真实出行场景切入，强调空间、座舱和增程/补能确定性体验，再回应车身尺寸是否好开。,公开资料方向拟定/模拟问卷样本,基于车型定位、价格段、能源形式、公开车主口碑和公开用户画像报告拟定；仅用于产品Demo，不代表真实调研结果。,理想L6/L8公开调研与理想家庭用户口碑方向,https://www.thepaper.cn/newsDetail_forward_27214618
S056-06,理想汽车,理想L9,理想L9,45.98-50.98万,40-50万,增程式插混,SUV,大型,6座,湖南省,2026-08-09,31-35岁,男,中基层管理者,100万以上,已婚二孩及以上,3人,是,否,家中已有新能源车,增购,家中已有新能源车,40-60万,流失/转向竞品,2个月以上,家庭共同决策,父母；KOL/博主；车主评价,家庭出行升级；长途/自驾,周末短途；家庭出行,车主群/社群讨论；朋友/同事推荐；懂车帝/汽车之家口碑,是,增程无焦虑；售后服务；家庭适配；乘坐舒适,希望兼顾家人乘坐和周末出行,售后维修成本；智驾是否强于竞品；车身尺寸是否好开,问界M9；腾势N9；奔驰GLS,倾向本品,待定,,受访者整体对理想L9的家庭场景适配度评价较积极，关注增程无焦虑，认为其能兼顾周末短途与家人乘坐；主要顾虑集中在售后维修成本，决策中会对比问界M9；腾势N9；奔驰GLS。,优先从情侣/家庭共同决策和真实出行场景切入，强调空间、座舱和增程/补能确定性体验，再回应售后维修成本。,公开资料方向拟定/模拟问卷样本,基于车型定位、价格段、能源形式、公开车主口碑和公开用户画像报告拟定；仅用于产品Demo，不代表真实调研结果。,理想L6/L8公开调研与理想家庭用户口碑方向,https://www.thepaper.cn/newsDetail_forward_27214618
S056-07,理想汽车,理想L9,理想L9,45.98-50.98万,40-50万,增程式插混,SUV,大型,6座,山东省,2026-07-20,41-45岁,男,公务员/事业单位,80-100万,已婚二孩及以上,3人,是,否,BBA/传统豪华车,换购,BBA/传统豪华车,40-60万,已试驾,1-2个月,家庭共同决策,车主评价；子女,空间升级；减少里程焦虑；商务接待,长途自驾；周末短途；家庭出行,车主群/社群讨论；小红书/抖音内容,是,增程无焦虑；家庭适配；豪华感/质感,希望兼顾家人乘坐和周末出行,第三排舒适性；用车能耗/续航,问界M9；腾势N9,倾向本品,待定,,受访者整体对理想L9的家庭场景适配度评价较积极，关注增程无焦虑，认为其能兼顾长途自驾与家人乘坐；主要顾虑集中在第三排舒适性，决策中会对比问界M9；腾势N9。,优先从情侣/家庭共同决策和真实出行场景切入，强调空间、座舱和增程/补能确定性体验，再回应第三排舒适性。,公开资料方向拟定/模拟问卷样本,基于车型定位、价格段、能源形式、公开车主口碑和公开用户画像报告拟定；仅用于产品Demo，不代表真实调研结果。,理想L6/L8公开调研与理想家庭用户口碑方向,https://www.thepaper.cn/newsDetail_forward_27214618
S056-08,理想汽车,理想L9,理想L9,45.98-50.98万,40-50万,增程式插混,SUV,大型,6座,四川省,2026-06-19,36-40岁,男,中基层管理者,80-100万,已婚二孩及以上,4人,是,否,家中已有新能源车,增购,家中已有新能源车,40-60万,已购/用车复盘,1-2个月,家庭共同决策,KOL/博主；车主评价,家庭品质升级；通勤代步；空间升级,家庭出行；接送孩子；周末短途,朋友/同事推荐；品牌直营店/4S店；懂车帝/汽车之家口碑,否,补能便利；家庭适配；乘坐舒适,希望兼顾家人乘坐和周末出行,车身尺寸是否好开；权益透明度,问界M9；腾势N9,已购,是,,受访者整体对理想L9的家庭场景适配度评价较积极，关注补能便利，认为其能兼顾家庭出行与家人乘坐；主要顾虑集中在车身尺寸是否好开，决策中会对比问界M9；腾势N9。,优先从情侣/家庭共同决策和真实出行场景切入，强调空间、座舱和增程/补能确定性体验，再回应车身尺寸是否好开。,公开资料方向拟定/模拟问卷样本,基于车型定位、价格段、能源形式、公开车主口碑和公开用户画像报告拟定；仅用于产品Demo，不代表真实调研结果。,理想L6/L8公开调研与理想家庭用户口碑方向,https://www.thepaper.cn/newsDetail_forward_27214618
S056-09,理想汽车,理想L9,理想L9,45.98-50.98万,40-50万,增程式插混,SUV,大型,6座,四川省,2026-06-15,31-35岁,男,中基层管理者,80-100万,已婚二孩及以上,2人,是,是,BBA/传统豪华车,换购,BBA/传统豪华车,40-60万,对比评估,2个月以上,本人+配偶,KOL/博主；子女；父母,换新能源；商务接待；品牌升级,周末短途；多成员家庭出行；接送孩子,懂车帝/汽车之家口碑；KOL评测,是,品牌认知；安全性；冰箱彩电/后排娱乐,在意品牌形象和商务/社交场景认可度,车身尺寸是否好开；智驾是否强于竞品,问界M9；腾势N9；奔驰GLS,倾向本品,待定,,受访者整体对理想L9的家庭场景适配度评价较积极，关注品牌认知，认为其能兼顾周末短途与家人乘坐；主要顾虑集中在车身尺寸是否好开，决策中会对比问界M9；腾势N9；奔驰GLS。,优先从情侣/家庭共同决策和真实出行场景切入，强调空间、座舱和增程/补能确定性体验，再回应车身尺寸是否好开。,公开资料方向拟定/模拟问卷样本,基于车型定位、价格段、能源形式、公开车主口碑和公开用户画像报告拟定；仅用于产品Demo，不代表真实调研结果。,理想L6/L8公开调研与理想家庭用户口碑方向,https://www.thepaper.cn/newsDetail_forward_27214618
S056-10,理想汽车,理想L9,理想L9,45.98-50.98万,40-50万,增程式插混,SUV,大型,6座,安徽省,2026-06-13,31-35岁,女,企业高管/企业主,100万以上,三代同堂,2人,是,是,BBA/传统豪华车,换购,BBA/传统豪华车,40-60万,流失/转向竞品,2周-1个月,父母参与,KOL/博主；父母,商务接待；空间升级,老人小孩乘坐；城市通勤；接送孩子,车主群/社群讨论；懂车帝/汽车之家口碑,否,售后服务；第三排/多人乘坐；空间舒适；品牌认知,希望兼顾家人乘坐和周末出行；在意品牌形象和商务/社交场景认可度,车身尺寸是否好开；用车能耗/续航,问界M9；腾势N9,继续比较,待定,,受访者整体对理想L9的家庭场景适配度评价较积极，关注售后服务，认为其能兼顾老人小孩乘坐与家人乘坐；主要顾虑集中在车身尺寸是否好开，决策中会对比问界M9；腾势N9。,优先从情侣/家庭共同决策和真实出行场景切入，强调空间、座舱和增程/补能确定性体验，再回应车身尺寸是否好开。,公开资料方向拟定/模拟问卷样本,基于车型定位、价格段、能源形式、公开车主口碑和公开用户画像报告拟定；仅用于产品Demo，不代表真实调研结果。,理想L6/L8公开调研与理想家庭用户口碑方向,https://www.thepaper.cn/newsDetail_forward_27214618
S056-11,理想汽车,理想L9,理想L9,45.98-50.98万,40-50万,增程式插混,SUV,大型,6座,安徽省,2026-08-05,31-35岁,男,企业高管/企业主,100万以上,已婚一孩,4人,是,否,BBA/传统豪华车,换购,BBA/传统豪华车,40-60万,已试驾,1-2个月,本人+配偶,KOL/博主；子女；配偶,通勤代步；长途/自驾；家庭品质升级,多成员家庭出行；老人小孩乘坐；城市通勤,KOL评测；懂车帝/汽车之家口碑；车主群/社群讨论,是,豪华感/质感；冰箱彩电/后排娱乐；家庭适配,希望兼顾家人乘坐和周末出行,智驾是否强于竞品；售后维修成本；权益透明度,问界M9；腾势N9,倾向本品,待定,,受访者整体对理想L9的家庭场景适配度评价较积极，关注豪华感/质感，认为其能兼顾多成员家庭出行与家人乘坐；主要顾虑集中在智驾是否强于竞品，决策中会对比问界M9；腾势N9。,优先从情侣/家庭共同决策和真实出行场景切入，强调空间、座舱和增程/补能确定性体验，再回应智驾是否强于竞品。,公开资料方向拟定/模拟问卷样本,基于车型定位、价格段、能源形式、公开车主口碑和公开用户画像报告拟定；仅用于产品Demo，不代表真实调研结果。,理想L6/L8公开调研与理想家庭用户口碑方向,https://www.thepaper.cn/newsDetail_forward_27214618
S056-12,理想汽车,理想L9,理想L9,45.98-50.98万,40-50万,增程式插混,SUV,大型,6座,上海市,2026-08-11,41-45岁,不便透露,私营业主/个体经营者,80-100万,三代同堂,3人,是,是,家中已有新能源车,增购,家中已有新能源车,40-60万,对比评估,2个月以上,本人+配偶,车主评价；配偶；KOL/博主,年轻家庭第一辆改善型车；家庭出行升级,长途自驾；城市通勤；多成员家庭出行,车主群/社群讨论；小红书/抖音内容,否,冰箱彩电/后排娱乐；品牌认知；乘坐舒适；家庭适配,希望兼顾家人乘坐和周末出行；在意品牌形象和商务/社交场景认可度,保值率；权益透明度；售后维修成本,问界M9；腾势N9；奔驰GLS,价格合适会买,待定,,受访者整体对理想L9的家庭场景适配度评价较积极，关注冰箱彩电/后排娱乐，认为其能兼顾长途自驾与家人乘坐；主要顾虑集中在保值率，决策中会对比问界M9；腾势N9；奔驰GLS。,优先从情侣/家庭共同决策和真实出行场景切入，强调空间、座舱和增程/补能确定性体验，再回应保值率。,公开资料方向拟定/模拟问卷样本,基于车型定位、价格段、能源形式、公开车主口碑和公开用户画像报告拟定；仅用于产品Demo，不代表真实调研结果。,理想L6/L8公开调研与理想家庭用户口碑方向,https://www.thepaper.cn/newsDetail_forward_27214618
S056-13,理想汽车,理想L9,理想L9,45.98-50.98万,40-50万,增程式插混,SUV,大型,6座,四川省,2026-07-23,31-35岁,女,私营业主/个体经营者,80-100万,三代同堂,4人,是,是,家中已有燃油车,增购,家中已有燃油车,40-60万,流失/转向竞品,2个月以上,家庭共同决策,父母；配偶；子女,年轻家庭第一辆改善型车；长途/自驾；商务接待,长途自驾；接送孩子,KOL评测；懂车帝/汽车之家口碑；车主群/社群讨论,是,第三排/多人乘坐；补能便利；冰箱彩电/后排娱乐,希望在预算内获得更稳定的综合体验,用车能耗/续航；竞品是否更强；增程/插混系统可靠性,问界M9；腾势N9,倾向本品,待定,,受访者整体对理想L9的家庭场景适配度评价较积极，关注第三排/多人乘坐，认为其能兼顾长途自驾与家人乘坐；主要顾虑集中在用车能耗/续航，决策中会对比问界M9；腾势N9。,优先从情侣/家庭共同决策和真实出行场景切入，强调空间、座舱和增程/补能确定性体验，再回应用车能耗/续航。,公开资料方向拟定/模拟问卷样本,基于车型定位、价格段、能源形式、公开车主口碑和公开用户画像报告拟定；仅用于产品Demo，不代表真实调研结果。,理想L6/L8公开调研与理想家庭用户口碑方向,https://www.thepaper.cn/newsDetail_forward_27214618
S056-14,理想汽车,理想L9,理想L9,45.98-50.98万,40-50万,增程式插混,SUV,大型,6座,四川省,2026-06-08,31-35岁,男,中基层管理者,80-100万,三代同堂,1人,是,是,家中已有新能源车,增购,家中已有新能源车,40-60万,流失/转向竞品,1-2个月,家庭共同决策,配偶；车主评价,通勤代步；空间升级,城市通勤；家庭出行；长途自驾,车主群/社群讨论；KOL评测；朋友/同事推荐,是,第三排/多人乘坐；家庭适配；乘坐舒适,希望兼顾家人乘坐和周末出行,价格是否值得；高端服务体验；权益透明度,问界M9；腾势N9,继续比较,待定,,受访者整体对理想L9的家庭场景适配度评价较积极，关注第三排/多人乘坐，认为其能兼顾城市通勤与家人乘坐；主要顾虑集中在价格是否值得，决策中会对比问界M9；腾势N9。,优先从情侣/家庭共同决策和真实出行场景切入，强调空间、座舱和增程/补能确定性体验，再回应价格是否值得。,公开资料方向拟定/模拟问卷样本,基于车型定位、价格段、能源形式、公开车主口碑和公开用户画像报告拟定；仅用于产品Demo，不代表真实调研结果。,理想L6/L8公开调研与理想家庭用户口碑方向,https://www.thepaper.cn/newsDetail_forward_27214618
S056-15,理想汽车,理想L9,理想L9,45.98-50.98万,40-50万,增程式插混,SUV,大型,6座,浙江省,2026-08-15,36-40岁,女,私营业主/个体经营者,80-100万,已婚二孩及以上,2人,是,是,无车,首购,无车,40-60万,已购/用车复盘,2个月以上,本人+配偶,子女；KOL/博主；父母,减少里程焦虑；长途/自驾,城市通勤；接送孩子；老人小孩乘坐,懂车帝/汽车之家口碑；车主群/社群讨论,是,豪华感/质感；安全性；品牌认知；智能座舱,在意品牌形象和商务/社交场景认可度,OTA持续性；售后维修成本,问界M9；腾势N9；奔驰GLS,已下订,是,,受访者整体对理想L9的家庭场景适配度评价较积极，关注豪华感/质感，认为其能兼顾城市通勤与家人乘坐；主要顾虑集中在OTA持续性，决策中会对比问界M9；腾势N9；奔驰GLS。,优先从情侣/家庭共同决策和真实出行场景切入，强调空间、座舱和增程/补能确定性体验，再回应OTA持续性。,公开资料方向拟定/模拟问卷样本,基于车型定位、价格段、能源形式、公开车主口碑和公开用户画像报告拟定；仅用于产品Demo，不代表真实调研结果。,理想L6/L8公开调研与理想家庭用户口碑方向,https://www.thepaper.cn/newsDetail_forward_27214618
S056-16,理想汽车,理想L9,理想L9,45.98-50.98万,40-50万,增程式插混,SUV,大型,6座,重庆市,2026-06-05,31-35岁,不便透露,中基层管理者,100万以上,已婚二孩及以上,2人,是,否,家中已有新能源车,增购,家中已有新能源车,40-60万,流失/转向竞品,2个月以上,家庭共同决策,车主评价；配偶,年轻家庭第一辆改善型车；空间升级,多成员家庭出行；家庭出行；城市通勤,小红书/抖音内容；朋友/同事推荐,是,第三排/多人乘坐；智能座舱；空间舒适；价格权益,希望兼顾家人乘坐和周末出行；希望同预算下配置和权益更划算,高端服务体验；智驾是否强于竞品；增程/插混系统可靠性,问界M9；腾势N9,已下订,是,,受访者整体对理想L9的家庭场景适配度评价较积极，关注第三排/多人乘坐，认为其能兼顾多成员家庭出行与家人乘坐；主要顾虑集中在高端服务体验，决策中会对比问界M9；腾势N9。,优先从情侣/家庭共同决策和真实出行场景切入，强调空间、座舱和增程/补能确定性体验，再回应高端服务体验。,公开资料方向拟定/模拟问卷样本,基于车型定位、价格段、能源形式、公开车主口碑和公开用户画像报告拟定；仅用于产品Demo，不代表真实调研结果。,理想L6/L8公开调研与理想家庭用户口碑方向,https://www.thepaper.cn/newsDetail_forward_27214618
S056-17,理想汽车,理想L9,理想L9,45.98-50.98万,40-50万,增程式插混,SUV,大型,6座,湖南省,2026-07-20,31-35岁,男,企业高管/企业主,80-100万,已婚二孩及以上,3人,是,否,BBA/传统豪华车,换购,BBA/传统豪华车,40-60万,价格谈判,2个月以上,父母参与,KOL/博主；子女；车主评价,品牌升级；空间升级；商务接待,接送孩子；周末短途；长途自驾,小红书/抖音内容；品牌直营店/4S店,是,售后服务；品牌认知；安全性；第三排/多人乘坐,在意品牌形象和商务/社交场景认可度,停车便利性；OTA持续性；权益透明度,问界M9；腾势N9,倾向本品,待定,,受访者整体对理想L9的家庭场景适配度评价较积极，关注售后服务，认为其能兼顾接送孩子与家人乘坐；主要顾虑集中在停车便利性，决策中会对比问界M9；腾势N9。,优先从情侣/家庭共同决策和真实出行场景切入，强调空间、座舱和增程/补能确定性体验，再回应停车便利性。,公开资料方向拟定/模拟问卷样本,基于车型定位、价格段、能源形式、公开车主口碑和公开用户画像报告拟定；仅用于产品Demo，不代表真实调研结果。,理想L6/L8公开调研与理想家庭用户口碑方向,https://www.thepaper.cn/newsDetail_forward_27214618
S056-18,理想汽车,理想L9,理想L9,45.98-50.98万,40-50万,增程式插混,SUV,大型,6座,四川省,2026-08-21,41-45岁,男,企业高管/企业主,100万以上,已婚一孩,2人,是,否,BBA/传统豪华车,换购,BBA/传统豪华车,40-60万,已购/用车复盘,2个月以上,家庭共同决策,配偶；父母,商务接待；减少里程焦虑,家庭出行；城市通勤,小红书/抖音内容；品牌直营店/4S店,否,品牌认知；售后服务；智能座舱；保值率,在意品牌形象和商务/社交场景认可度,竞品是否更强；用车能耗/续航,问界M9；腾势N9；奔驰GLS,价格合适会买,待定,,受访者整体对理想L9的家庭场景适配度评价较积极，关注品牌认知，认为其能兼顾家庭出行与家人乘坐；主要顾虑集中在竞品是否更强，决策中会对比问界M9；腾势N9；奔驰GLS。,优先从情侣/家庭共同决策和真实出行场景切入，强调空间、座舱和增程/补能确定性体验，再回应竞品是否更强。,公开资料方向拟定/模拟问卷样本,基于车型定位、价格段、能源形式、公开车主口碑和公开用户画像报告拟定；仅用于产品Demo，不代表真实调研结果。,理想L6/L8公开调研与理想家庭用户口碑方向,https://www.thepaper.cn/newsDetail_forward_27214618
S056-19,理想汽车,理想L9,理想L9,45.98-50.98万,40-50万,增程式插混,SUV,大型,6座,湖南省,2026-08-03,31-35岁,男,金融/地产从业者,100万以上,已婚一孩,3人,是,否,家中已有燃油车,增购,家中已有燃油车,40-60万,已下订,1-2个月,家庭共同决策,KOL/博主；子女,商务接待；空间升级,家庭出行；周末短途；长途自驾,小红书/抖音内容；KOL评测,是,保值率；价格权益；第三排/多人乘坐,希望同预算下配置和权益更划算,增程/插混系统可靠性；车身尺寸是否好开,问界M9；腾势N9,价格合适会买,待定,,受访者整体对理想L9的家庭场景适配度评价较积极，关注保值率，认为其能兼顾家庭出行与家人乘坐；主要顾虑集中在增程/插混系统可靠性，决策中会对比问界M9；腾势N9。,优先从情侣/家庭共同决策和真实出行场景切入，强调空间、座舱和增程/补能确定性体验，再回应增程/插混系统可靠性。,公开资料方向拟定/模拟问卷样本,基于车型定位、价格段、能源形式、公开车主口碑和公开用户画像报告拟定；仅用于产品Demo，不代表真实调研结果。,理想L6/L8公开调研与理想家庭用户口碑方向,https://www.thepaper.cn/newsDetail_forward_27214618
S056-20,理想汽车,理想L9,理想L9,45.98-50.98万,40-50万,增程式插混,SUV,大型,6座,江苏省,2026-07-28,46岁以上,女,企业高管/企业主,50-80万,已婚一孩,3人,是,否,BBA/传统豪华车,换购,BBA/传统豪华车,40-60万,对比评估,1-2个月,家庭共同决策,父母；配偶；KOL/博主,家庭品质升级；空间升级,长途自驾；老人小孩乘坐；家庭出行,朋友/同事推荐；懂车帝/汽车之家口碑；车主群/社群讨论,是,补能便利；价格权益；乘坐舒适；第三排/多人乘坐,希望同预算下配置和权益更划算,价格是否值得；权益透明度,问界M9；腾势N9,已购,是,,受访者整体对理想L9的家庭场景适配度评价较积极，关注补能便利，认为其能兼顾长途自驾与家人乘坐；主要顾虑集中在价格是否值得，决策中会对比问界M9；腾势N9。,优先从情侣/家庭共同决策和真实出行场景切入，强调空间、座舱和增程/补能确定性体验，再回应价格是否值得。,公开资料方向拟定/模拟问卷样本,基于车型定位、价格段、能源形式、公开车主口碑和公开用户画像报告拟定；仅用于产品Demo，不代表真实调研结果。,理想L6/L8公开调研与理想家庭用户口碑方向,https://www.thepaper.cn/newsDetail_forward_27214618
S057-01,理想汽车,理想L8,理想L8,36.98-42.98万,30-40万,增程式插混,SUV,中大型,5座,安徽省,2026-06-23,31-35岁,男,私营业主/个体经营者,50-80万,已婚一孩,3人,是,否,15-25万合资/自主车,换购,15-25万合资/自主车,30-50万,已下订,2个月以上,本人+配偶,KOL/博主；配偶；车主评价,换新能源；家庭出行升级；减少里程焦虑,老人小孩乘坐；城市通勤；家庭出行,品牌直营店/4S店；KOL评测,否,空间舒适；家庭适配；冰箱彩电/后排娱乐；增程无焦虑,希望兼顾家人乘坐和周末出行；希望同预算下配置和权益更划算,价格是否值得；车身尺寸是否好开,问界M9；理想L9,价格合适会买,待定,,受访者整体对理想L8的家庭场景适配度评价较积极，关注空间舒适，认为其能兼顾老人小孩乘坐与家人乘坐；主要顾虑集中在价格是否值得，决策中会对比问界M9；理想L9。,优先从情侣/家庭共同决策和真实出行场景切入，强调空间、座舱和增程/补能确定性体验，再回应价格是否值得。,公开资料方向拟定/模拟问卷样本,基于车型定位、价格段、能源形式、公开车主口碑和公开用户画像报告拟定；仅用于产品Demo，不代表真实调研结果。,理想L8车主访谈样本讨论｜汽车之家,https://www.autohome.com.cn/ask/9036371.html
S057-02,理想汽车,理想L8,理想L8,36.98-42.98万,30-40万,增程式插混,SUV,中大型,5座,河南省,2026-07-08,31-35岁,男,企业职员,80-100万,已婚一孩,2人,是,否,15-25万合资/自主车,换购,15-25万合资/自主车,30-50万,流失/转向竞品,1-2个月,本人+配偶,车主评价；配偶；子女,年轻家庭第一辆改善型车；减少里程焦虑,城市通勤；长途自驾；老人小孩乘坐,小红书/抖音内容；朋友/同事推荐；品牌直营店/4S店,是,空间舒适；家庭适配；冰箱彩电/后排娱乐；增程无焦虑,希望在预算内获得更稳定的综合体验,价格是否值得；车身尺寸是否好开,问界M9；理想L9,已购,是,,受访者整体对理想L8的家庭场景适配度评价较积极，关注空间舒适，认为其能兼顾城市通勤与家人乘坐；主要顾虑集中在价格是否值得，决策中会对比问界M9；理想L9。,优先从情侣/家庭共同决策和真实出行场景切入，强调空间、座舱和增程/补能确定性体验，再回应价格是否值得。,公开资料方向拟定/模拟问卷样本,基于车型定位、价格段、能源形式、公开车主口碑和公开用户画像报告拟定；仅用于产品Demo，不代表真实调研结果。,理想L8车主访谈样本讨论｜汽车之家,https://www.autohome.com.cn/ask/9036371.html
S057-03,理想汽车,理想L8,理想L8,36.98-42.98万,30-40万,增程式插混,SUV,中大型,5座,山东省,2026-06-16,31-35岁,男,企业职员,80-100万,已婚一孩,4人,是,是,15-25万合资/自主车,换购,15-25万合资/自主车,30-50万,已下订,1-2个月,本人+配偶,KOL/博主；配偶,年轻家庭第一辆改善型车；家庭出行升级,家庭出行；长途自驾；老人小孩乘坐,朋友/同事推荐；小红书/抖音内容；KOL评测,是,空间舒适；家庭适配；冰箱彩电/后排娱乐；增程无焦虑,希望兼顾家人乘坐和周末出行,价格是否值得；车身尺寸是否好开,问界M9；理想L9；腾势N9,倾向本品,待定,,受访者整体对理想L8的家庭场景适配度评价较积极，关注空间舒适，认为其能兼顾家庭出行与家人乘坐；主要顾虑集中在价格是否值得，决策中会对比问界M9；理想L9；腾势N9。,优先从情侣/家庭共同决策和真实出行场景切入，强调空间、座舱和增程/补能确定性体验，再回应价格是否值得。,公开资料方向拟定/模拟问卷样本,基于车型定位、价格段、能源形式、公开车主口碑和公开用户画像报告拟定；仅用于产品Demo，不代表真实调研结果。,理想L8车主访谈样本讨论｜汽车之家,https://www.autohome.com.cn/ask/9036371.html
S057-04,理想汽车,理想L8,理想L8,36.98-42.98万,30-40万,增程式插混,SUV,中大型,5座,安徽省,2026-07-26,31-35岁,男,企业职员,50-80万,已婚一孩,1人,是,否,15-25万合资/自主车,换购,15-25万合资/自主车,30-50万,已下订,2周-1个月,本人+配偶,父母；子女,换新能源；减少里程焦虑；长途/自驾,城市通勤；长途自驾；家庭出行,品牌直营店/4S店；车主群/社群讨论；KOL评测,是,空间舒适；家庭适配；冰箱彩电/后排娱乐；增程无焦虑,希望兼顾家人乘坐和周末出行；希望同预算下配置和权益更划算,价格是否值得；车身尺寸是否好开,问界M9；理想L9,已下订,是,,受访者整体对理想L8的家庭场景适配度评价较积极，关注空间舒适，认为其能兼顾城市通勤与家人乘坐；主要顾虑集中在价格是否值得，决策中会对比问界M9；理想L9。,优先从情侣/家庭共同决策和真实出行场景切入，强调空间、座舱和增程/补能确定性体验，再回应价格是否值得。,公开资料方向拟定/模拟问卷样本,基于车型定位、价格段、能源形式、公开车主口碑和公开用户画像报告拟定；仅用于产品Demo，不代表真实调研结果。,理想L8车主访谈样本讨论｜汽车之家,https://www.autohome.com.cn/ask/9036371.html
S057-05,理想汽车,理想L8,理想L8,36.98-42.98万,30-40万,增程式插混,SUV,中大型,5座,江苏省,2026-07-02,31-35岁,男,中基层管理者,50-80万,已婚一孩,5人及以上,是,否,15-25万合资/自主车,换购,15-25万合资/自主车,30-50万,初步了解,1-2个月,本人+配偶,配偶；车主评价,换新能源；空间升级,长途自驾；家庭出行,朋友/同事推荐；车主群/社群讨论,是,空间舒适；家庭适配；冰箱彩电/后排娱乐；增程无焦虑,希望兼顾家人乘坐和周末出行；希望同预算下配置和权益更划算,价格是否值得；车身尺寸是否好开,问界M9；理想L9,倾向本品,待定,,受访者整体对理想L8的家庭场景适配度评价较积极，关注空间舒适，认为其能兼顾长途自驾与家人乘坐；主要顾虑集中在价格是否值得，决策中会对比问界M9；理想L9。,优先从情侣/家庭共同决策和真实出行场景切入，强调空间、座舱和增程/补能确定性体验，再回应价格是否值得。,公开资料方向拟定/模拟问卷样本,基于车型定位、价格段、能源形式、公开车主口碑和公开用户画像报告拟定；仅用于产品Demo，不代表真实调研结果。,理想L8车主访谈样本讨论｜汽车之家,https://www.autohome.com.cn/ask/9036371.html
S057-06,理想汽车,理想L8,理想L8,36.98-42.98万,30-40万,增程式插混,SUV,中大型,5座,湖南省,2026-08-06,31-35岁,女,互联网/科技从业者,30-50万,已婚一孩,2人,是,否,15-25万合资/自主车,换购,15-25万合资/自主车,30-50万,已试驾,2周-1个月,本人+配偶,车主评价；子女；父母,长途/自驾；减少里程焦虑；年轻家庭第一辆改善型车,家庭出行；长途自驾；城市通勤,懂车帝/汽车之家口碑；车主群/社群讨论,是,空间舒适；家庭适配；冰箱彩电/后排娱乐；增程无焦虑,希望同预算下配置和权益更划算,价格是否值得；车身尺寸是否好开,问界M9；理想L9；腾势N9,已下订,是,,受访者整体对理想L8的家庭场景适配度评价较积极，关注空间舒适，认为其能兼顾家庭出行与家人乘坐；主要顾虑集中在价格是否值得，决策中会对比问界M9；理想L9；腾势N9。,优先从情侣/家庭共同决策和真实出行场景切入，强调空间、座舱和增程/补能确定性体验，再回应价格是否值得。,公开资料方向拟定/模拟问卷样本,基于车型定位、价格段、能源形式、公开车主口碑和公开用户画像报告拟定；仅用于产品Demo，不代表真实调研结果。,理想L8车主访谈样本讨论｜汽车之家,https://www.autohome.com.cn/ask/9036371.html
S057-07,理想汽车,理想L8,理想L8,36.98-42.98万,30-40万,增程式插混,SUV,中大型,5座,湖北省,2026-06-07,31-35岁,男,私营业主/个体经营者,30-50万,已婚一孩,1人,是,否,15-25万合资/自主车,换购,15-25万合资/自主车,30-50万,对比评估,2个月以上,本人+配偶,KOL/博主；车主评价,换新能源；减少里程焦虑,长途自驾；家庭出行；城市通勤,懂车帝/汽车之家口碑；朋友/同事推荐；品牌直营店/4S店,是,空间舒适；家庭适配；冰箱彩电/后排娱乐；增程无焦虑,希望在预算内获得更稳定的综合体验,价格是否值得；车身尺寸是否好开,问界M9；理想L9,已下订,是,,受访者整体对理想L8的家庭场景适配度评价较积极，关注空间舒适，认为其能兼顾长途自驾与家人乘坐；主要顾虑集中在价格是否值得，决策中会对比问界M9；理想L9。,优先从情侣/家庭共同决策和真实出行场景切入，强调空间、座舱和增程/补能确定性体验，再回应价格是否值得。,公开资料方向拟定/模拟问卷样本,基于车型定位、价格段、能源形式、公开车主口碑和公开用户画像报告拟定；仅用于产品Demo，不代表真实调研结果。,理想L8车主访谈样本讨论｜汽车之家,https://www.autohome.com.cn/ask/9036371.html
S057-08,理想汽车,理想L8,理想L8,36.98-42.98万,30-40万,增程式插混,SUV,中大型,5座,湖北省,2026-07-22,36-40岁,女,中基层管理者,50-80万,已婚一孩,2人,是,是,15-25万合资/自主车,换购,15-25万合资/自主车,30-50万,对比评估,1-2个月,本人+配偶,配偶；KOL/博主,通勤代步；换新能源；长途/自驾,周末短途；家庭出行,车主群/社群讨论；小红书/抖音内容；朋友/同事推荐,否,空间舒适；家庭适配；冰箱彩电/后排娱乐；增程无焦虑,希望兼顾家人乘坐和周末出行,价格是否值得；车身尺寸是否好开,问界M9；理想L9,倾向本品,待定,,受访者整体对理想L8的家庭场景适配度评价较积极，关注空间舒适，认为其能兼顾周末短途与家人乘坐；主要顾虑集中在价格是否值得，决策中会对比问界M9；理想L9。,优先从情侣/家庭共同决策和真实出行场景切入，强调空间、座舱和增程/补能确定性体验，再回应价格是否值得。,公开资料方向拟定/模拟问卷样本,基于车型定位、价格段、能源形式、公开车主口碑和公开用户画像报告拟定；仅用于产品Demo，不代表真实调研结果。,理想L8车主访谈样本讨论｜汽车之家,https://www.autohome.com.cn/ask/9036371.html
S057-09,理想汽车,理想L8,理想L8,36.98-42.98万,30-40万,增程式插混,SUV,中大型,5座,北京市,2026-06-11,36-40岁,男,中基层管理者,80-100万,已婚一孩,3人,是,否,15-25万合资/自主车,换购,15-25万合资/自主车,30-50万,已下订,1-2个月,本人+配偶,父母；车主评价；KOL/博主,年轻家庭第一辆改善型车；减少里程焦虑,长途自驾；家庭出行；周末短途,品牌直营店/4S店；KOL评测,否,空间舒适；家庭适配；冰箱彩电/后排娱乐；增程无焦虑,希望兼顾家人乘坐和周末出行；希望同预算下配置和权益更划算,价格是否值得；车身尺寸是否好开,问界M9；理想L9；腾势N9,倾向本品,待定,,受访者整体对理想L8的家庭场景适配度评价较积极，关注空间舒适，认为其能兼顾长途自驾与家人乘坐；主要顾虑集中在价格是否值得，决策中会对比问界M9；理想L9；腾势N9。,优先从情侣/家庭共同决策和真实出行场景切入，强调空间、座舱和增程/补能确定性体验，再回应价格是否值得。,公开资料方向拟定/模拟问卷样本,基于车型定位、价格段、能源形式、公开车主口碑和公开用户画像报告拟定；仅用于产品Demo，不代表真实调研结果。,理想L8车主访谈样本讨论｜汽车之家,https://www.autohome.com.cn/ask/9036371.html
S057-10,理想汽车,理想L8,理想L8,36.98-42.98万,30-40万,增程式插混,SUV,中大型,5座,重庆市,2026-08-05,36-40岁,女,中基层管理者,50-80万,已婚一孩,3人,是,否,15-25万合资/自主车,换购,15-25万合资/自主车,30-50万,已试驾,1-2个月,本人+配偶,父母；子女,空间升级；长途/自驾；通勤代步,城市通勤；周末短途,小红书/抖音内容；品牌直营店/4S店；懂车帝/汽车之家口碑,是,空间舒适；家庭适配；冰箱彩电/后排娱乐；增程无焦虑,希望兼顾家人乘坐和周末出行,价格是否值得；车身尺寸是否好开,问界M9；理想L9,继续比较,待定,,受访者整体对理想L8的家庭场景适配度评价较积极，关注空间舒适，认为其能兼顾城市通勤与家人乘坐；主要顾虑集中在价格是否值得，决策中会对比问界M9；理想L9。,优先从情侣/家庭共同决策和真实出行场景切入，强调空间、座舱和增程/补能确定性体验，再回应价格是否值得。,公开资料方向拟定/模拟问卷样本,基于车型定位、价格段、能源形式、公开车主口碑和公开用户画像报告拟定；仅用于产品Demo，不代表真实调研结果。,理想L8车主访谈样本讨论｜汽车之家,https://www.autohome.com.cn/ask/9036371.html
S057-11,理想汽车,理想L8,理想L8,36.98-42.98万,30-40万,增程式插混,SUV,中大型,5座,上海市,2026-06-16,36-40岁,男,企业职员,30-50万,已婚一孩,4人,是,否,15-25万合资/自主车,换购,15-25万合资/自主车,30-50万,已试驾,2周-1个月,本人+配偶,子女；车主评价；配偶,换新能源；通勤代步；年轻家庭第一辆改善型车,老人小孩乘坐；城市通勤,KOL评测；朋友/同事推荐,是,空间舒适；家庭适配；冰箱彩电/后排娱乐；增程无焦虑,希望兼顾家人乘坐和周末出行,价格是否值得；车身尺寸是否好开,问界M9；理想L9,倾向本品,待定,,受访者整体对理想L8的家庭场景适配度评价较积极，关注空间舒适，认为其能兼顾老人小孩乘坐与家人乘坐；主要顾虑集中在价格是否值得，决策中会对比问界M9；理想L9。,优先从情侣/家庭共同决策和真实出行场景切入，强调空间、座舱和增程/补能确定性体验，再回应价格是否值得。,公开资料方向拟定/模拟问卷样本,基于车型定位、价格段、能源形式、公开车主口碑和公开用户画像报告拟定；仅用于产品Demo，不代表真实调研结果。,理想L8车主访谈样本讨论｜汽车之家,https://www.autohome.com.cn/ask/9036371.html
S057-12,理想汽车,理想L8,理想L8,36.98-42.98万,30-40万,增程式插混,SUV,中大型,5座,江苏省,2026-06-21,36-40岁,女,私营业主/个体经营者,80-100万,已婚一孩,3人,是,否,15-25万合资/自主车,换购,15-25万合资/自主车,30-50万,已试驾,2周-1个月,本人+配偶,子女；KOL/博主,空间升级；减少里程焦虑,城市通勤；家庭出行,品牌直营店/4S店；车主群/社群讨论,是,空间舒适；家庭适配；冰箱彩电/后排娱乐；增程无焦虑,希望在预算内获得更稳定的综合体验,用车能耗/续航；智驾是否强于竞品,问界M9；理想L9；腾势N9,继续比较,待定,,受访者整体对理想L8的家庭场景适配度评价较积极，关注空间舒适，认为其能兼顾城市通勤与家人乘坐；主要顾虑集中在用车能耗/续航，决策中会对比问界M9；理想L9；腾势N9。,优先从情侣/家庭共同决策和真实出行场景切入，强调空间、座舱和增程/补能确定性体验，再回应用车能耗/续航。,公开资料方向拟定/模拟问卷样本,基于车型定位、价格段、能源形式、公开车主口碑和公开用户画像报告拟定；仅用于产品Demo，不代表真实调研结果。,理想L8车主访谈样本讨论｜汽车之家,https://www.autohome.com.cn/ask/9036371.html
S057-13,理想汽车,理想L8,理想L8,36.98-42.98万,30-40万,增程式插混,SUV,中大型,5座,湖南省,2026-07-02,36-40岁,男,企业职员,50-80万,已婚一孩,4人,是,否,家中已有燃油车,增购,家中已有燃油车,30-50万,已购/用车复盘,2周-1个月,家庭共同决策,子女；配偶；父母,空间升级；年轻家庭第一辆改善型车,长途自驾；城市通勤,小红书/抖音内容；KOL评测；品牌直营店/4S店,否,空间舒适；家庭适配；冰箱彩电/后排娱乐；增程无焦虑,希望在预算内获得更稳定的综合体验,用车能耗/续航；智驾是否强于竞品,问界M9；理想L9,已下订,是,,受访者整体对理想L8的家庭场景适配度评价较积极，关注空间舒适，认为其能兼顾长途自驾与家人乘坐；主要顾虑集中在用车能耗/续航，决策中会对比问界M9；理想L9。,优先从情侣/家庭共同决策和真实出行场景切入，强调空间、座舱和增程/补能确定性体验，再回应用车能耗/续航。,公开资料方向拟定/模拟问卷样本,基于车型定位、价格段、能源形式、公开车主口碑和公开用户画像报告拟定；仅用于产品Demo，不代表真实调研结果。,理想L8车主访谈样本讨论｜汽车之家,https://www.autohome.com.cn/ask/9036371.html
S057-14,理想汽车,理想L8,理想L8,36.98-42.98万,30-40万,增程式插混,SUV,中大型,5座,上海市,2026-07-07,36-40岁,男,私营业主/个体经营者,50-80万,已婚二孩及以上,2人,是,是,家中已有新能源车,增购,家中已有新能源车,30-50万,价格谈判,1-2个月,家庭共同决策,KOL/博主；子女,长途/自驾；家庭出行升级,长途自驾；城市通勤,车主群/社群讨论；KOL评测,是,家庭适配；安全性；空间舒适；智能座舱,希望兼顾家人乘坐和周末出行；希望同预算下配置和权益更划算,用车能耗/续航；智驾是否强于竞品,问界M9；理想L9,价格合适会买,待定,,受访者整体对理想L8的家庭场景适配度评价较积极，关注家庭适配，认为其能兼顾长途自驾与家人乘坐；主要顾虑集中在用车能耗/续航，决策中会对比问界M9；理想L9。,优先从情侣/家庭共同决策和真实出行场景切入，强调空间、座舱和增程/补能确定性体验，再回应用车能耗/续航。,公开资料方向拟定/模拟问卷样本,基于车型定位、价格段、能源形式、公开车主口碑和公开用户画像报告拟定；仅用于产品Demo，不代表真实调研结果。,理想L8车主访谈样本讨论｜汽车之家,https://www.autohome.com.cn/ask/9036371.html
S057-15,理想汽车,理想L8,理想L8,36.98-42.98万,30-40万,增程式插混,SUV,中大型,5座,陕西省,2026-06-25,36-40岁,不便透露,私营业主/个体经营者,50-80万,已婚二孩及以上,3人,是,否,家中已有燃油车,增购,家中已有燃油车,30-50万,已下订,1-2个月,家庭共同决策,子女；父母,减少里程焦虑；通勤代步,家庭出行；长途自驾,小红书/抖音内容；KOL评测；品牌直营店/4S店,是,家庭适配；安全性；空间舒适；智能座舱,希望在预算内获得更稳定的综合体验,用车能耗/续航；智驾是否强于竞品,问界M9；理想L9；腾势N9,倾向本品,待定,,受访者整体对理想L8的家庭场景适配度评价较积极，关注家庭适配，认为其能兼顾家庭出行与家人乘坐；主要顾虑集中在用车能耗/续航，决策中会对比问界M9；理想L9；腾势N9。,优先从情侣/家庭共同决策和真实出行场景切入，强调空间、座舱和增程/补能确定性体验，再回应用车能耗/续航。,公开资料方向拟定/模拟问卷样本,基于车型定位、价格段、能源形式、公开车主口碑和公开用户画像报告拟定；仅用于产品Demo，不代表真实调研结果。,理想L8车主访谈样本讨论｜汽车之家,https://www.autohome.com.cn/ask/9036371.html
S057-16,理想汽车,理想L8,理想L8,36.98-42.98万,30-40万,增程式插混,SUV,中大型,5座,江苏省,2026-06-02,36-40岁,不便透露,中基层管理者,30-50万,已婚二孩及以上,4人,是,否,家中已有新能源车,增购,家中已有新能源车,30-50万,价格谈判,1-2个月,家庭共同决策,KOL/博主；子女；配偶,长途/自驾；换新能源；年轻家庭第一辆改善型车,长途自驾；老人小孩乘坐,小红书/抖音内容；朋友/同事推荐；懂车帝/汽车之家口碑,是,家庭适配；安全性；空间舒适；智能座舱,希望兼顾家人乘坐和周末出行,用车能耗/续航；智驾是否强于竞品,问界M9；理想L9,已下订,是,,受访者整体对理想L8的家庭场景适配度评价较积极，关注家庭适配，认为其能兼顾长途自驾与家人乘坐；主要顾虑集中在用车能耗/续航，决策中会对比问界M9；理想L9。,优先从情侣/家庭共同决策和真实出行场景切入，强调空间、座舱和增程/补能确定性体验，再回应用车能耗/续航。,公开资料方向拟定/模拟问卷样本,基于车型定位、价格段、能源形式、公开车主口碑和公开用户画像报告拟定；仅用于产品Demo，不代表真实调研结果。,理想L8车主访谈样本讨论｜汽车之家,https://www.autohome.com.cn/ask/9036371.html
S057-17,理想汽车,理想L8,理想L8,36.98-42.98万,30-40万,增程式插混,SUV,中大型,5座,福建省,2026-07-20,41-45岁,不便透露,私营业主/个体经营者,50-80万,已婚二孩及以上,5人及以上,是,否,家中已有燃油车,增购,家中已有燃油车,30-50万,初步了解,1-2个月,家庭共同决策,配偶；子女；父母,长途/自驾；减少里程焦虑；年轻家庭第一辆改善型车,家庭出行；周末短途；城市通勤,KOL评测；车主群/社群讨论,否,家庭适配；安全性；空间舒适；智能座舱,希望同预算下配置和权益更划算,用车能耗/续航；智驾是否强于竞品,问界M9；理想L9,倾向本品,待定,,受访者整体对理想L8的家庭场景适配度评价较积极，关注家庭适配，认为其能兼顾家庭出行与家人乘坐；主要顾虑集中在用车能耗/续航，决策中会对比问界M9；理想L9。,优先从情侣/家庭共同决策和真实出行场景切入，强调空间、座舱和增程/补能确定性体验，再回应用车能耗/续航。,公开资料方向拟定/模拟问卷样本,基于车型定位、价格段、能源形式、公开车主口碑和公开用户画像报告拟定；仅用于产品Demo，不代表真实调研结果。,理想L8车主访谈样本讨论｜汽车之家,https://www.autohome.com.cn/ask/9036371.html
S057-18,理想汽车,理想L8,理想L8,36.98-42.98万,30-40万,增程式插混,SUV,中大型,5座,江苏省,2026-06-16,41-45岁,不便透露,中基层管理者,30-50万,三代同堂,4人,是,是,无车,首购,无车,30-50万,对比评估,1-2个月,家庭共同决策,朋友/同事；车主评价,换新能源；空间升级,城市通勤；家庭出行；周末短途,品牌直营店/4S店；朋友/同事推荐；小红书/抖音内容,是,家庭适配；安全性；空间舒适；智能座舱,希望兼顾家人乘坐和周末出行；希望同预算下配置和权益更划算,用车能耗/续航；智驾是否强于竞品,问界M9；理想L9；腾势N9,倾向本品,待定,,受访者整体对理想L8的家庭场景适配度评价较积极，关注家庭适配，认为其能兼顾城市通勤与家人乘坐；主要顾虑集中在用车能耗/续航，决策中会对比问界M9；理想L9；腾势N9。,优先从情侣/家庭共同决策和真实出行场景切入，强调空间、座舱和增程/补能确定性体验，再回应用车能耗/续航。,公开资料方向拟定/模拟问卷样本,基于车型定位、价格段、能源形式、公开车主口碑和公开用户画像报告拟定；仅用于产品Demo，不代表真实调研结果。,理想L8车主访谈样本讨论｜汽车之家,https://www.autohome.com.cn/ask/9036371.html
S057-19,理想汽车,理想L8,理想L8,36.98-42.98万,30-40万,增程式插混,SUV,中大型,5座,湖北省,2026-08-03,41-45岁,男,企业职员,50-80万,三代同堂,2人,是,是,无车,首购,无车,30-50万,初步了解,1-2个月,家庭共同决策,子女；车主评价；父母,通勤代步；长途/自驾,家庭出行；周末短途；老人小孩乘坐,朋友/同事推荐；小红书/抖音内容,是,家庭适配；安全性；空间舒适；智能座舱,希望兼顾家人乘坐和周末出行；希望同预算下配置和权益更划算,用车能耗/续航；智驾是否强于竞品,问界M9；理想L9,倾向本品,待定,,受访者整体对理想L8的家庭场景适配度评价较积极，关注家庭适配，认为其能兼顾家庭出行与家人乘坐；主要顾虑集中在用车能耗/续航，决策中会对比问界M9；理想L9。,优先从情侣/家庭共同决策和真实出行场景切入，强调空间、座舱和增程/补能确定性体验，再回应用车能耗/续航。,公开资料方向拟定/模拟问卷样本,基于车型定位、价格段、能源形式、公开车主口碑和公开用户画像报告拟定；仅用于产品Demo，不代表真实调研结果。,理想L8车主访谈样本讨论｜汽车之家,https://www.autohome.com.cn/ask/9036371.html
S057-20,理想汽车,理想L8,理想L8,36.98-42.98万,30-40万,增程式插混,SUV,中大型,5座,福建省,2026-07-26,41-45岁,女,私营业主/个体经营者,50-80万,已婚无孩,3人,否,否,无车,首购,无车,30-50万,已下订,1-2个月,家庭共同决策,配偶；KOL/博主,家庭出行升级；年轻家庭第一辆改善型车；换新能源,周末短途；老人小孩乘坐；城市通勤,懂车帝/汽车之家口碑；小红书/抖音内容；朋友/同事推荐,否,家庭适配；安全性；空间舒适；智能座舱,希望兼顾家人乘坐和周末出行,用车能耗/续航；智驾是否强于竞品,问界M9；理想L9,倾向本品,待定,,受访者整体对理想L8的家庭场景适配度评价较积极，关注家庭适配，认为其能兼顾周末短途与家人乘坐；主要顾虑集中在用车能耗/续航，决策中会对比问界M9；理想L9。,优先从情侣/家庭共同决策和真实出行场景切入，强调空间、座舱和增程/补能确定性体验，再回应用车能耗/续航。,公开资料方向拟定/模拟问卷样本,基于车型定位、价格段、能源形式、公开车主口碑和公开用户画像报告拟定；仅用于产品Demo，不代表真实调研结果。,理想L8车主访谈样本讨论｜汽车之家,https://www.autohome.com.cn/ask/9036371.html
S058-01,奇瑞捷豹路虎,揽胜极光,揽胜极光,42.98-47.58万,40-50万,常规混合动力,SUV,中性,5座,广东省,2026-06-09,41-45岁,男,中基层管理者,30-50万,已婚无孩,5人及以上,否,是,无车,首购,无车,40-50万,已试驾,2周-1个月,家庭共同决策,车主评价；朋友/同事；配偶,换新能源；通勤代步；品牌升级,周末短途；家庭出行,车主群/社群讨论；小红书/抖音内容；朋友/同事推荐,否,豪华感/质感；价格权益；驾驶质感,希望同预算下配置和权益更划算,油耗是否偏高；保养维修费用,雷克萨斯RX；奔驰GLC,价格合适会买,待定,,受访者关注豪华感/质感，主要用于周末短途；同时对油耗是否偏高仍有疑问，决策中会对比雷克萨斯RX；奔驰GLC。,先围绕周末短途场景切入，再把豪华感/质感转化为可感知体验；对油耗是否偏高需结合竞品对比和真实用车成本解释。,公开资料方向拟定/模拟问卷样本,基于车型定位、价格段、能源形式、公开车主口碑和公开用户画像报告拟定；仅用于产品Demo，不代表真实调研结果。,2024增换购用户需求洞察｜汽车之家研究院,https://www.autohome.com.cn/news/202409/1300865.html
S058-02,奇瑞捷豹路虎,揽胜极光,揽胜极光,42.98-47.58万,40-50万,常规混合动力,SUV,中性,5座,上海市,2026-08-22,36-40岁,男,私营业主/个体经营者,50-80万,已婚一孩,3人,是,是,BBA/传统豪华车,换购,BBA/传统豪华车,40-50万,已购/用车复盘,2周-1个月,本人,车主评价；父母；子女,品牌升级；商务接待；换新能源,家庭出行；周末短途；城市通勤,朋友/同事推荐；车主群/社群讨论,否,安全性；空间舒适；价格权益；驾驶质感,希望兼顾家人乘坐和周末出行；希望同预算下配置和权益更划算,保养维修费用；保值率；权益透明度,奔驰GLC；普拉多,倾向本品,待定,,受访者关注安全性，主要用于家庭出行；同时对保养维修费用仍有疑问，决策中会对比奔驰GLC；普拉多。,先围绕家庭出行场景切入，再把安全性转化为可感知体验；对保养维修费用需结合竞品对比和真实用车成本解释。,公开资料方向拟定/模拟问卷样本,基于车型定位、价格段、能源形式、公开车主口碑和公开用户画像报告拟定；仅用于产品Demo，不代表真实调研结果。,2024增换购用户需求洞察｜汽车之家研究院,https://www.autohome.com.cn/news/202409/1300865.html
S058-03,奇瑞捷豹路虎,揽胜极光,揽胜极光,42.98-47.58万,40-50万,常规混合动力,SUV,中性,5座,安徽省,2026-06-10,36-40岁,男,企业高管/企业主,50-80万,已婚无孩,2人,否,否,无车,首购,无车,40-50万,已购/用车复盘,1-2个月,家庭共同决策,KOL/博主；朋友/同事,品牌升级；商务接待；换新能源,家庭出行；城市通勤；周末短途,车主群/社群讨论；KOL评测,是,豪华感/质感；价格权益；售后服务,希望同预算下配置和权益更划算,车机/智能化是否落后；售后维修成本；保养维修费用,普拉多；极氪8X；岚图泰山,价格合适会买,待定,,受访者关注豪华感/质感，主要用于家庭出行；同时对车机/智能化是否落后仍有疑问，决策中会对比普拉多；极氪8X；岚图泰山。,先围绕家庭出行场景切入，再把豪华感/质感转化为可感知体验；对车机/智能化是否落后需结合竞品对比和真实用车成本解释。,公开资料方向拟定/模拟问卷样本,基于车型定位、价格段、能源形式、公开车主口碑和公开用户画像报告拟定；仅用于产品Demo，不代表真实调研结果。,2024增换购用户需求洞察｜汽车之家研究院,https://www.autohome.com.cn/news/202409/1300865.html
S058-04,奇瑞捷豹路虎,揽胜极光,揽胜极光,42.98-47.58万,40-50万,常规混合动力,SUV,中性,5座,湖南省,2026-08-16,31-35岁,男,中基层管理者,30-50万,已婚二孩及以上,4人,是,否,BBA/传统豪华车,换购,BBA/传统豪华车,40-50万,对比评估,2个月以上,本人+配偶,父母；配偶；子女,商务接待；家庭品质升级；品牌升级,周末短途；城市通勤,品牌直营店/4S店；车主群/社群讨论；小红书/抖音内容,是,驾驶质感；价格权益；空间舒适,希望兼顾家人乘坐和周末出行；希望同预算下配置和权益更划算,售后维修成本；价格是否值得；保养维修费用,极氪8X；岚图泰山,倾向本品,待定,,受访者关注驾驶质感，主要用于周末短途；同时对售后维修成本仍有疑问，决策中会对比极氪8X；岚图泰山。,先围绕周末短途场景切入，再把驾驶质感转化为可感知体验；对售后维修成本需结合竞品对比和真实用车成本解释。,公开资料方向拟定/模拟问卷样本,基于车型定位、价格段、能源形式、公开车主口碑和公开用户画像报告拟定；仅用于产品Demo，不代表真实调研结果。,2024增换购用户需求洞察｜汽车之家研究院,https://www.autohome.com.cn/news/202409/1300865.html
S058-05,奇瑞捷豹路虎,揽胜极光,揽胜极光,42.98-47.58万,40-50万,常规混合动力,SUV,中性,5座,湖北省,2026-07-26,36-40岁,不便透露,企业高管/企业主,30-50万,已婚无孩,3人,否,否,BBA/传统豪华车,换购,BBA/传统豪华车,40-50万,对比评估,1-2个月,本人+配偶,朋友/同事；配偶；车主评价,空间升级；品牌升级；通勤代步,城市通勤；周末短途；家庭出行,朋友/同事推荐；懂车帝/汽车之家口碑,否,保值率；空间舒适；豪华感/质感,希望兼顾家人乘坐和周末出行,价格是否值得；竞品是否更强；高端服务体验,岚图泰山；雷克萨斯RX,倾向本品,待定,,受访者关注保值率，主要用于城市通勤；同时对价格是否值得仍有疑问，决策中会对比岚图泰山；雷克萨斯RX。,先围绕城市通勤场景切入，再把保值率转化为可感知体验；对价格是否值得需结合竞品对比和真实用车成本解释。,公开资料方向拟定/模拟问卷样本,基于车型定位、价格段、能源形式、公开车主口碑和公开用户画像报告拟定；仅用于产品Demo，不代表真实调研结果。,2024增换购用户需求洞察｜汽车之家研究院,https://www.autohome.com.cn/news/202409/1300865.html
S058-06,奇瑞捷豹路虎,揽胜极光,揽胜极光,42.98-47.58万,40-50万,常规混合动力,SUV,中性,5座,河南省,2026-08-02,31-35岁,男,金融/地产从业者,100万以上,已婚一孩,3人,是,否,家中已有新能源车,增购,家中已有新能源车,40-50万,已下订,2个月以上,本人+配偶,车主评价；KOL/博主；父母,品牌升级；换新能源,城市通勤；周末短途；家庭出行,懂车帝/汽车之家口碑；朋友/同事推荐；小红书/抖音内容,是,空间舒适；驾驶质感；保值率,希望兼顾家人乘坐和周末出行,权益透明度；竞品是否更强,雷克萨斯RX；奔驰GLC；普拉多,倾向本品,待定,,受访者关注空间舒适，主要用于城市通勤；同时对权益透明度仍有疑问，决策中会对比雷克萨斯RX；奔驰GLC；普拉多。,先围绕城市通勤场景切入，再把空间舒适转化为可感知体验；对权益透明度需结合竞品对比和真实用车成本解释。,公开资料方向拟定/模拟问卷样本,基于车型定位、价格段、能源形式、公开车主口碑和公开用户画像报告拟定；仅用于产品Demo，不代表真实调研结果。,2024增换购用户需求洞察｜汽车之家研究院,https://www.autohome.com.cn/news/202409/1300865.html
S058-07,奇瑞捷豹路虎,揽胜极光,揽胜极光,42.98-47.58万,40-50万,常规混合动力,SUV,中性,5座,重庆市,2026-08-13,36-40岁,男,企业高管/企业主,100万以上,已婚无孩,2人,否,是,无车,首购,无车,40-50万,已试驾,2周-1个月,本人+配偶,配偶；车主评价；KOL/博主,品牌升级；家庭出行升级,家庭出行；周末短途,KOL评测；车主群/社群讨论；懂车帝/汽车之家口碑,否,空间舒适；品牌认知；豪华感/质感,希望兼顾家人乘坐和周末出行；在意品牌形象和商务/社交场景认可度,油耗是否偏高；竞品是否更强,奔驰GLC；普拉多,已购,是,,受访者关注空间舒适，主要用于家庭出行；同时对油耗是否偏高仍有疑问，决策中会对比奔驰GLC；普拉多。,先围绕家庭出行场景切入，再把空间舒适转化为可感知体验；对油耗是否偏高需结合竞品对比和真实用车成本解释。,公开资料方向拟定/模拟问卷样本,基于车型定位、价格段、能源形式、公开车主口碑和公开用户画像报告拟定；仅用于产品Demo，不代表真实调研结果。,2024增换购用户需求洞察｜汽车之家研究院,https://www.autohome.com.cn/news/202409/1300865.html
S058-08,奇瑞捷豹路虎,揽胜极光,揽胜极光,42.98-47.58万,40-50万,常规混合动力,SUV,中性,5座,福建省,2026-06-27,36-40岁,女,金融/地产从业者,30-50万,已婚二孩及以上,3人,是,否,无车,首购,无车,40-50万,价格谈判,2周-1个月,家庭共同决策,配偶；KOL/博主,家庭出行升级；品牌升级；商务接待,城市通勤；周末短途,车主群/社群讨论；小红书/抖音内容；懂车帝/汽车之家口碑,是,售后服务；保值率；安全性,希望在预算内获得更稳定的综合体验,高端服务体验；车机/智能化是否落后；竞品是否更强,普拉多；极氪8X,倾向本品,待定,,受访者关注售后服务，主要用于城市通勤；同时对高端服务体验仍有疑问，决策中会对比普拉多；极氪8X。,先围绕城市通勤场景切入，再把售后服务转化为可感知体验；对高端服务体验需结合竞品对比和真实用车成本解释。,公开资料方向拟定/模拟问卷样本,基于车型定位、价格段、能源形式、公开车主口碑和公开用户画像报告拟定；仅用于产品Demo，不代表真实调研结果。,2024增换购用户需求洞察｜汽车之家研究院,https://www.autohome.com.cn/news/202409/1300865.html
S059-01,华晨宝马,宝马X5,宝马X5,59.80-74.80万,60-70万,常规混合动力,SUV,中大型,5座,广东省,2026-07-20,31-35岁,男,中基层管理者,80-100万,已婚一孩,1人,是,否,家中已有燃油车,增购,家中已有燃油车,50-80万,已试驾,1-2个月,家庭共同决策,KOL/博主；配偶,通勤代步；家庭品质升级,家庭出行；城市通勤,朋友/同事推荐；小红书/抖音内容；品牌直营店/4S店,是,安全性；可靠性；空间舒适,希望兼顾家人乘坐和周末出行,售后维修成本；后排空间,奔驰GLE；奥迪Q7,继续比较,待定,,受访者关注安全性，主要用于家庭出行；同时对售后维修成本仍有疑问，决策中会对比奔驰GLE；奥迪Q7。,先围绕家庭出行场景切入，再把安全性转化为可感知体验；对售后维修成本需结合竞品对比和真实用车成本解释。,公开资料方向拟定/模拟问卷样本,基于车型定位、价格段、能源形式、公开车主口碑和公开用户画像报告拟定；仅用于产品Demo，不代表真实调研结果。,宝马X3/5系公开车主口碑｜懂车帝,https://www.dongchedi.com/auto/series/score/2812-x-S0-4-create_time-x-1
S059-02,华晨宝马,宝马X5,宝马X5,59.80-74.80万,60-70万,常规混合动力,SUV,中大型,5座,山东省,2026-06-17,41-45岁,不便透露,企业高管/企业主,50-80万,已婚一孩,2人,是,否,无车,首购,无车,50-80万,已下订,1-2个月,家庭共同决策,子女；车主评价；父母,换新能源；通勤代步,城市通勤；家庭出行；周末短途,车主群/社群讨论；小红书/抖音内容；KOL评测,是,豪华感/质感；乘坐舒适；安全性；空间舒适,希望兼顾家人乘坐和周末出行,权益透明度；高端服务体验,奥迪Q7；理想L9,已购,是,,受访者关注豪华感/质感，主要用于城市通勤；同时对权益透明度仍有疑问，决策中会对比奥迪Q7；理想L9。,先围绕城市通勤场景切入，再把豪华感/质感转化为可感知体验；对权益透明度需结合竞品对比和真实用车成本解释。,公开资料方向拟定/模拟问卷样本,基于车型定位、价格段、能源形式、公开车主口碑和公开用户画像报告拟定；仅用于产品Demo，不代表真实调研结果。,宝马X3/5系公开车主口碑｜懂车帝,https://www.dongchedi.com/auto/series/score/2812-x-S0-4-create_time-x-1
S059-03,华晨宝马,宝马X5,宝马X5,59.80-74.80万,60-70万,常规混合动力,SUV,中大型,5座,安徽省,2026-06-25,36-40岁,男,中基层管理者,50-80万,已婚无孩,5人及以上,否,否,家中已有燃油车,增购,家中已有燃油车,50-80万,流失/转向竞品,2个月以上,本人+配偶,车主评价；KOL/博主；朋友/同事,家庭品质升级；品牌升级,城市通勤；周末短途；家庭出行,品牌直营店/4S店；懂车帝/汽车之家口碑；朋友/同事推荐,是,乘坐舒适；操控体验；售后服务,希望在预算内获得更稳定的综合体验,后排空间；内饰科技感,理想L9；问界M9；雷克萨斯GX,继续比较,待定,,受访者关注乘坐舒适，主要用于城市通勤；同时对后排空间仍有疑问，决策中会对比理想L9；问界M9；雷克萨斯GX。,先围绕城市通勤场景切入，再把乘坐舒适转化为可感知体验；对后排空间需结合竞品对比和真实用车成本解释。,公开资料方向拟定/模拟问卷样本,基于车型定位、价格段、能源形式、公开车主口碑和公开用户画像报告拟定；仅用于产品Demo，不代表真实调研结果。,宝马X3/5系公开车主口碑｜懂车帝,https://www.dongchedi.com/auto/series/score/2812-x-S0-4-create_time-x-1
S059-04,华晨宝马,宝马X5,宝马X5,59.80-74.80万,60-70万,常规混合动力,SUV,中大型,5座,重庆市,2026-08-17,41-45岁,男,金融/地产从业者,30-50万,已婚无孩,1人,否,否,家中已有新能源车,增购,家中已有新能源车,50-80万,已购/用车复盘,1-2个月,家庭共同决策,朋友/同事；车主评价,驾驶乐趣；换新能源,周末短途；家庭出行,懂车帝/汽车之家口碑；小红书/抖音内容；KOL评测,是,品牌认知；安全性；乘坐舒适,在意品牌形象和商务/社交场景认可度,高端服务体验；保值率；内饰科技感,问界M9；雷克萨斯GX,倾向本品,待定,,受访者关注品牌认知，主要用于周末短途；同时对高端服务体验仍有疑问，决策中会对比问界M9；雷克萨斯GX。,先围绕周末短途场景切入，再把品牌认知转化为可感知体验；对高端服务体验需结合竞品对比和真实用车成本解释。,公开资料方向拟定/模拟问卷样本,基于车型定位、价格段、能源形式、公开车主口碑和公开用户画像报告拟定；仅用于产品Demo，不代表真实调研结果。,宝马X3/5系公开车主口碑｜懂车帝,https://www.dongchedi.com/auto/series/score/2812-x-S0-4-create_time-x-1
S059-05,华晨宝马,宝马X5,宝马X5,59.80-74.80万,60-70万,常规混合动力,SUV,中大型,5座,浙江省,2026-06-12,41-45岁,男,企业高管/企业主,100万以上,已婚无孩,2人,否,否,无车,首购,无车,50-80万,对比评估,1-2个月,家庭共同决策,车主评价；朋友/同事；配偶,通勤代步；驾驶乐趣,家庭出行；周末短途；城市通勤,车主群/社群讨论；小红书/抖音内容,是,乘坐舒适；价格权益；空间舒适；安全性,希望兼顾家人乘坐和周末出行；希望同预算下配置和权益更划算,价格是否值得；保养维修费用；内饰科技感,雷克萨斯GX；奔驰GLE,转向竞品,否,家人更认可竞品,受访者关注乘坐舒适，主要用于家庭出行；同时对价格是否值得仍有疑问，决策中会对比雷克萨斯GX；奔驰GLE。,先围绕家庭出行场景切入，再把乘坐舒适转化为可感知体验；对价格是否值得需结合竞品对比和真实用车成本解释。,公开资料方向拟定/模拟问卷样本,基于车型定位、价格段、能源形式、公开车主口碑和公开用户画像报告拟定；仅用于产品Demo，不代表真实调研结果。,宝马X3/5系公开车主口碑｜懂车帝,https://www.dongchedi.com/auto/series/score/2812-x-S0-4-create_time-x-1
S059-06,华晨宝马,宝马X5,宝马X5,59.80-74.80万,60-70万,常规混合动力,SUV,中大型,5座,浙江省,2026-07-02,46岁以上,男,中基层管理者,50-80万,已婚二孩及以上,4人,是,否,BBA/传统豪华车,换购,BBA/传统豪华车,50-80万,流失/转向竞品,2个月以上,本人,配偶；车主评价,通勤代步；换新能源；商务接待,家庭出行；周末短途,KOL评测；品牌直营店/4S店,否,价格权益；保值率；售后服务,希望同预算下配置和权益更划算,高端服务体验；后排空间；价格是否值得,奔驰GLE；奥迪Q7；理想L9,继续比较,待定,,受访者关注价格权益，主要用于家庭出行；同时对高端服务体验仍有疑问，决策中会对比奔驰GLE；奥迪Q7；理想L9。,先围绕家庭出行场景切入，再把价格权益转化为可感知体验；对高端服务体验需结合竞品对比和真实用车成本解释。,公开资料方向拟定/模拟问卷样本,基于车型定位、价格段、能源形式、公开车主口碑和公开用户画像报告拟定；仅用于产品Demo，不代表真实调研结果。,宝马X3/5系公开车主口碑｜懂车帝,https://www.dongchedi.com/auto/series/score/2812-x-S0-4-create_time-x-1
S059-07,华晨宝马,宝马X5,宝马X5,59.80-74.80万,60-70万,常规混合动力,SUV,中大型,5座,重庆市,2026-06-16,31-35岁,男,金融/地产从业者,80-100万,已婚二孩及以上,4人,是,否,BBA/传统豪华车,换购,BBA/传统豪华车,50-80万,初步了解,1-2个月,本人+配偶,子女；车主评价；父母,驾驶乐趣；家庭品质升级,家庭出行；城市通勤,朋友/同事推荐；KOL评测；懂车帝/汽车之家口碑,否,安全性；品牌认知；保值率,在意品牌形象和商务/社交场景认可度,保养维修成本；保值率,奥迪Q7；理想L9,继续比较,待定,,受访者关注安全性，主要用于家庭出行；同时对保养维修成本仍有疑问，决策中会对比奥迪Q7；理想L9。,先围绕家庭出行场景切入，再把安全性转化为可感知体验；对保养维修成本需结合竞品对比和真实用车成本解释。,公开资料方向拟定/模拟问卷样本,基于车型定位、价格段、能源形式、公开车主口碑和公开用户画像报告拟定；仅用于产品Demo，不代表真实调研结果。,宝马X3/5系公开车主口碑｜懂车帝,https://www.dongchedi.com/auto/series/score/2812-x-S0-4-create_time-x-1
S059-08,华晨宝马,宝马X5,宝马X5,59.80-74.80万,60-70万,常规混合动力,SUV,中大型,5座,江苏省,2026-07-01,41-45岁,男,私营业主/个体经营者,50-80万,已婚一孩,5人及以上,是,否,BBA/传统豪华车,换购,BBA/传统豪华车,50-80万,已下订,2个月以上,家庭共同决策,KOL/博主；子女；车主评价,换新能源；品牌升级,家庭出行；城市通勤；周末短途,品牌直营店/4S店；懂车帝/汽车之家口碑,是,售后服务；驾驶质感；豪华感/质感；乘坐舒适,希望在预算内获得更稳定的综合体验,权益透明度；内饰科技感,理想L9；问界M9,继续比较,待定,,受访者关注售后服务，主要用于家庭出行；同时对权益透明度仍有疑问，决策中会对比理想L9；问界M9。,先围绕家庭出行场景切入，再把售后服务转化为可感知体验；对权益透明度需结合竞品对比和真实用车成本解释。,公开资料方向拟定/模拟问卷样本,基于车型定位、价格段、能源形式、公开车主口碑和公开用户画像报告拟定；仅用于产品Demo，不代表真实调研结果。,宝马X3/5系公开车主口碑｜懂车帝,https://www.dongchedi.com/auto/series/score/2812-x-S0-4-create_time-x-1
S059-09,华晨宝马,宝马X5,宝马X5,59.80-74.80万,60-70万,常规混合动力,SUV,中大型,5座,江苏省,2026-06-26,31-35岁,男,金融/地产从业者,100万以上,已婚一孩,2人,是,否,BBA/传统豪华车,换购,BBA/传统豪华车,50-80万,已购/用车复盘,1-2个月,本人+配偶,车主评价；父母；KOL/博主,空间升级；通勤代步,周末短途；家庭出行；城市通勤,品牌直营店/4S店；车主群/社群讨论；KOL评测,是,安全性；乘坐舒适；操控体验,希望在预算内获得更稳定的综合体验,内饰科技感；保养维修成本,问界M9；雷克萨斯GX；奔驰GLE,倾向本品,待定,,受访者关注安全性，主要用于周末短途；同时对内饰科技感仍有疑问，决策中会对比问界M9；雷克萨斯GX；奔驰GLE。,先围绕周末短途场景切入，再把安全性转化为可感知体验；对内饰科技感需结合竞品对比和真实用车成本解释。,公开资料方向拟定/模拟问卷样本,基于车型定位、价格段、能源形式、公开车主口碑和公开用户画像报告拟定；仅用于产品Demo，不代表真实调研结果。,宝马X3/5系公开车主口碑｜懂车帝,https://www.dongchedi.com/auto/series/score/2812-x-S0-4-create_time-x-1
S059-10,华晨宝马,宝马X5,宝马X5,59.80-74.80万,60-70万,常规混合动力,SUV,中大型,5座,湖南省,2026-08-10,31-35岁,男,私营业主/个体经营者,80-100万,已婚无孩,4人,否,否,BBA/传统豪华车,换购,BBA/传统豪华车,50-80万,已试驾,1-2个月,家庭共同决策,KOL/博主；车主评价,品牌升级；换新能源,家庭出行；城市通勤；周末短途,KOL评测；品牌直营店/4S店；车主群/社群讨论,否,安全性；可靠性；空间舒适；保值率,希望兼顾家人乘坐和周末出行,权益透明度；高端服务体验,雷克萨斯GX；奔驰GLE,继续比较,待定,,受访者关注安全性，主要用于家庭出行；同时对权益透明度仍有疑问，决策中会对比雷克萨斯GX；奔驰GLE。,先围绕家庭出行场景切入，再把安全性转化为可感知体验；对权益透明度需结合竞品对比和真实用车成本解释。,公开资料方向拟定/模拟问卷样本,基于车型定位、价格段、能源形式、公开车主口碑和公开用户画像报告拟定；仅用于产品Demo，不代表真实调研结果。,宝马X3/5系公开车主口碑｜懂车帝,https://www.dongchedi.com/auto/series/score/2812-x-S0-4-create_time-x-1
S059-11,华晨宝马,宝马X5,宝马X5,59.80-74.80万,60-70万,常规混合动力,SUV,中大型,5座,福建省,2026-08-10,46岁以上,男,金融/地产从业者,30-50万,已婚一孩,4人,是,否,无车,首购,无车,50-80万,已购/用车复盘,2周-1个月,本人,KOL/博主；车主评价,家庭出行升级；换新能源,周末短途；城市通勤,车主群/社群讨论；朋友/同事推荐,否,操控体验；品牌认知；安全性,在意品牌形象和商务/社交场景认可度,售后维修成本；保值率,奔驰GLE；奥迪Q7,已购,是,,受访者关注操控体验，主要用于周末短途；同时对售后维修成本仍有疑问，决策中会对比奔驰GLE；奥迪Q7。,先围绕周末短途场景切入，再把操控体验转化为可感知体验；对售后维修成本需结合竞品对比和真实用车成本解释。,公开资料方向拟定/模拟问卷样本,基于车型定位、价格段、能源形式、公开车主口碑和公开用户画像报告拟定；仅用于产品Demo，不代表真实调研结果。,宝马X3/5系公开车主口碑｜懂车帝,https://www.dongchedi.com/auto/series/score/2812-x-S0-4-create_time-x-1
S059-12,华晨宝马,宝马X5,宝马X5,59.80-74.80万,60-70万,常规混合动力,SUV,中大型,5座,江苏省,2026-07-10,36-40岁,男,中基层管理者,80-100万,已婚一孩,2人,是,否,BBA/传统豪华车,换购,BBA/传统豪华车,50-80万,对比评估,2周-1个月,家庭共同决策,车主评价；KOL/博主,空间升级；换新能源；通勤代步,城市通勤；家庭出行；周末短途,懂车帝/汽车之家口碑；朋友/同事推荐,否,驾驶质感；保值率；空间舒适,希望兼顾家人乘坐和周末出行,保养维修费用；车机/智能化是否落后；高端服务体验,奥迪Q7；理想L9；问界M9,转向竞品,否,竞品价格更低,受访者关注驾驶质感，主要用于城市通勤；同时对保养维修费用仍有疑问，决策中会对比奥迪Q7；理想L9；问界M9。,先围绕城市通勤场景切入，再把驾驶质感转化为可感知体验；对保养维修费用需结合竞品对比和真实用车成本解释。,公开资料方向拟定/模拟问卷样本,基于车型定位、价格段、能源形式、公开车主口碑和公开用户画像报告拟定；仅用于产品Demo，不代表真实调研结果。,宝马X3/5系公开车主口碑｜懂车帝,https://www.dongchedi.com/auto/series/score/2812-x-S0-4-create_time-x-1
S059-13,华晨宝马,宝马X5,宝马X5,59.80-74.80万,60-70万,常规混合动力,SUV,中大型,5座,浙江省,2026-08-08,46岁以上,男,金融/地产从业者,80-100万,已婚一孩,1人,是,否,无车,首购,无车,50-80万,对比评估,2个月以上,本人+配偶,车主评价；KOL/博主,驾驶乐趣；家庭品质升级,周末短途；城市通勤；家庭出行,懂车帝/汽车之家口碑；KOL评测；车主群/社群讨论,否,价格权益；售后服务；豪华感/质感；安全性,希望同预算下配置和权益更划算,价格是否值得；保养维修成本,理想L9；问界M9,价格合适会买,待定,,受访者关注价格权益，主要用于周末短途；同时对价格是否值得仍有疑问，决策中会对比理想L9；问界M9。,先围绕周末短途场景切入，再把价格权益转化为可感知体验；对价格是否值得需结合竞品对比和真实用车成本解释。,公开资料方向拟定/模拟问卷样本,基于车型定位、价格段、能源形式、公开车主口碑和公开用户画像报告拟定；仅用于产品Demo，不代表真实调研结果。,宝马X3/5系公开车主口碑｜懂车帝,https://www.dongchedi.com/auto/series/score/2812-x-S0-4-create_time-x-1
S059-14,华晨宝马,宝马X5,宝马X5,59.80-74.80万,60-70万,常规混合动力,SUV,中大型,5座,上海市,2026-06-27,36-40岁,男,中基层管理者,30-50万,商务/个人用车,4人,否,是,BBA/传统豪华车,换购,BBA/传统豪华车,50-80万,初步了解,2个月以上,家庭共同决策,朋友/同事；车主评价；销售顾问,驾驶乐趣；商务接待；空间升级,周末短途；城市通勤,KOL评测；懂车帝/汽车之家口碑,是,驾驶质感；可靠性；价格权益；保值率,希望同预算下配置和权益更划算,后排空间；高端服务体验；内饰科技感,问界M9；雷克萨斯GX,倾向本品,待定,,受访者关注驾驶质感，主要用于周末短途；同时对后排空间仍有疑问，决策中会对比问界M9；雷克萨斯GX。,先围绕周末短途场景切入，再把驾驶质感转化为可感知体验；对后排空间需结合竞品对比和真实用车成本解释。,公开资料方向拟定/模拟问卷样本,基于车型定位、价格段、能源形式、公开车主口碑和公开用户画像报告拟定；仅用于产品Demo，不代表真实调研结果。,宝马X3/5系公开车主口碑｜懂车帝,https://www.dongchedi.com/auto/series/score/2812-x-S0-4-create_time-x-1
S059-15,华晨宝马,宝马X5,宝马X5,59.80-74.80万,60-70万,常规混合动力,SUV,中大型,5座,北京市,2026-08-04,31-35岁,男,中基层管理者,100万以上,已婚无孩,2人,否,否,家中已有燃油车,增购,家中已有燃油车,50-80万,已试驾,1-2个月,家庭共同决策,车主评价；朋友/同事,商务接待；驾驶乐趣,城市通勤；周末短途；家庭出行,品牌直营店/4S店；朋友/同事推荐,是,可靠性；保值率；价格权益,希望同预算下配置和权益更划算,高端服务体验；保值率；保养维修成本,雷克萨斯GX；奔驰GLE；奥迪Q7,倾向本品,待定,,受访者关注可靠性，主要用于城市通勤；同时对高端服务体验仍有疑问，决策中会对比雷克萨斯GX；奔驰GLE；奥迪Q7。,先围绕城市通勤场景切入，再把可靠性转化为可感知体验；对高端服务体验需结合竞品对比和真实用车成本解释。,公开资料方向拟定/模拟问卷样本,基于车型定位、价格段、能源形式、公开车主口碑和公开用户画像报告拟定；仅用于产品Demo，不代表真实调研结果。,宝马X3/5系公开车主口碑｜懂车帝,https://www.dongchedi.com/auto/series/score/2812-x-S0-4-create_time-x-1
S059-16,华晨宝马,宝马X5,宝马X5,59.80-74.80万,60-70万,常规混合动力,SUV,中大型,5座,湖南省,2026-08-17,46岁以上,男,中基层管理者,30-50万,商务/个人用车,4人,否,否,BBA/传统豪华车,换购,BBA/传统豪华车,50-80万,已购/用车复盘,2个月以上,家庭共同决策,朋友/同事；KOL/博主,空间升级；通勤代步,城市通勤；家庭出行,小红书/抖音内容；品牌直营店/4S店,是,豪华感/质感；驾驶质感；操控体验,希望在预算内获得更稳定的综合体验,车机/智能化是否落后；油耗是否偏高；保养维修费用,奔驰GLE；奥迪Q7,已下订,是,,受访者关注豪华感/质感，主要用于城市通勤；同时对车机/智能化是否落后仍有疑问，决策中会对比奔驰GLE；奥迪Q7。,先围绕城市通勤场景切入，再把豪华感/质感转化为可感知体验；对车机/智能化是否落后需结合竞品对比和真实用车成本解释。,公开资料方向拟定/模拟问卷样本,基于车型定位、价格段、能源形式、公开车主口碑和公开用户画像报告拟定；仅用于产品Demo，不代表真实调研结果。,宝马X3/5系公开车主口碑｜懂车帝,https://www.dongchedi.com/auto/series/score/2812-x-S0-4-create_time-x-1
S059-17,华晨宝马,宝马X5,宝马X5,59.80-74.80万,60-70万,常规混合动力,SUV,中大型,5座,四川省,2026-08-11,31-35岁,女,中基层管理者,50-80万,已婚一孩,3人,是,否,家中已有燃油车,增购,家中已有燃油车,50-80万,已购/用车复盘,2周-1个月,家庭共同决策,车主评价；配偶,品牌升级；换新能源,周末短途；城市通勤,车主群/社群讨论；小红书/抖音内容,是,乘坐舒适；安全性；保值率；豪华感/质感,希望在预算内获得更稳定的综合体验,保值率；车机/智能化是否落后,奥迪Q7；理想L9,继续比较,待定,,受访者关注乘坐舒适，主要用于周末短途；同时对保值率仍有疑问，决策中会对比奥迪Q7；理想L9。,先围绕周末短途场景切入，再把乘坐舒适转化为可感知体验；对保值率需结合竞品对比和真实用车成本解释。,公开资料方向拟定/模拟问卷样本,基于车型定位、价格段、能源形式、公开车主口碑和公开用户画像报告拟定；仅用于产品Demo，不代表真实调研结果。,宝马X3/5系公开车主口碑｜懂车帝,https://www.dongchedi.com/auto/series/score/2812-x-S0-4-create_time-x-1
S059-18,华晨宝马,宝马X5,宝马X5,59.80-74.80万,60-70万,常规混合动力,SUV,中大型,5座,四川省,2026-06-11,36-40岁,不便透露,中基层管理者,50-80万,已婚二孩及以上,1人,是,否,BBA/传统豪华车,换购,BBA/传统豪华车,50-80万,价格谈判,1-2个月,本人+配偶,配偶；KOL/博主,商务接待；商务与家用兼顾,周末短途；城市通勤；家庭出行,小红书/抖音内容；懂车帝/汽车之家口碑；车主群/社群讨论,是,价格权益；安全性；乘坐舒适,希望同预算下配置和权益更划算,保养维修费用；油耗是否偏高,理想L9；问界M9；雷克萨斯GX,倾向本品,待定,,受访者关注价格权益，主要用于周末短途；同时对保养维修费用仍有疑问，决策中会对比理想L9；问界M9；雷克萨斯GX。,先围绕周末短途场景切入，再把价格权益转化为可感知体验；对保养维修费用需结合竞品对比和真实用车成本解释。,公开资料方向拟定/模拟问卷样本,基于车型定位、价格段、能源形式、公开车主口碑和公开用户画像报告拟定；仅用于产品Demo，不代表真实调研结果。,宝马X3/5系公开车主口碑｜懂车帝,https://www.dongchedi.com/auto/series/score/2812-x-S0-4-create_time-x-1
S059-19,华晨宝马,宝马X5,宝马X5,59.80-74.80万,60-70万,常规混合动力,SUV,中大型,5座,四川省,2026-06-25,41-45岁,女,企业高管/企业主,50-80万,已婚一孩,2人,是,否,BBA/传统豪华车,换购,BBA/传统豪华车,50-80万,已试驾,1-2个月,本人,KOL/博主；子女；配偶,品牌升级；空间升级,家庭出行；周末短途,懂车帝/汽车之家口碑；品牌直营店/4S店,是,空间舒适；品牌认知；乘坐舒适；操控体验,希望兼顾家人乘坐和周末出行；在意品牌形象和商务/社交场景认可度,保养维修费用；配置性价比,问界M9；雷克萨斯GX,倾向本品,待定,,受访者关注空间舒适，主要用于家庭出行；同时对保养维修费用仍有疑问，决策中会对比问界M9；雷克萨斯GX。,先围绕家庭出行场景切入，再把空间舒适转化为可感知体验；对保养维修费用需结合竞品对比和真实用车成本解释。,公开资料方向拟定/模拟问卷样本,基于车型定位、价格段、能源形式、公开车主口碑和公开用户画像报告拟定；仅用于产品Demo，不代表真实调研结果。,宝马X3/5系公开车主口碑｜懂车帝,https://www.dongchedi.com/auto/series/score/2812-x-S0-4-create_time-x-1
S059-20,华晨宝马,宝马X5,宝马X5,59.80-74.80万,60-70万,常规混合动力,SUV,中大型,5座,浙江省,2026-07-16,31-35岁,女,私营业主/个体经营者,80-100万,已婚二孩及以上,1人,是,否,家中已有新能源车,增购,家中已有新能源车,50-80万,已购/用车复盘,2个月以上,企业/业务需求,配偶；车主评价,商务与家用兼顾；驾驶乐趣；品牌升级,周末短途；城市通勤,小红书/抖音内容；KOL评测；懂车帝/汽车之家口碑,是,品牌认知；价格权益；豪华感/质感,在意品牌形象和商务/社交场景认可度；希望同预算下配置和权益更划算,权益透明度；保养维修成本,雷克萨斯GX；奔驰GLE,已下订,是,,受访者关注品牌认知，主要用于周末短途；同时对权益透明度仍有疑问，决策中会对比雷克萨斯GX；奔驰GLE。,先围绕周末短途场景切入，再把品牌认知转化为可感知体验；对权益透明度需结合竞品对比和真实用车成本解释。,公开资料方向拟定/模拟问卷样本,基于车型定位、价格段、能源形式、公开车主口碑和公开用户画像报告拟定；仅用于产品Demo，不代表真实调研结果。,宝马X3/5系公开车主口碑｜懂车帝,https://www.dongchedi.com/auto/series/score/2812-x-S0-4-create_time-x-1
S060-01,北京奔驰,奔驰GLC新能源,奔驰GLC新能源,33.98-51.80万,40-50万,纯电动；非增程式插混,SUV,中型,5座,重庆市,2026-06-22,46岁以上,女,中基层管理者,50-80万,已婚二孩及以上,1人,是,否,15-25万合资/自主车,换购,15-25万合资/自主车,30-60万,已购/用车复盘,1-2个月,家庭共同决策,KOL/博主；子女；车主评价,空间升级；减少里程焦虑；智能化体验,家庭出行；城市通勤,车主群/社群讨论；品牌直营店/4S店,否,售后服务；保值率；补能便利；安全性,希望在预算内获得更稳定的综合体验,高端服务体验；售后维修成本,奔驰GLC；奥迪Q5L,倾向本品,待定,,受访者关注售后服务，主要用于家庭出行；同时对高端服务体验仍有疑问，决策中会对比奔驰GLC；奥迪Q5L。,先围绕家庭出行场景切入，再把售后服务转化为可感知体验；对高端服务体验需结合竞品对比和真实用车成本解释。,公开资料方向拟定/模拟问卷样本,基于车型定位、价格段、能源形式、公开车主口碑和公开用户画像报告拟定；仅用于产品Demo，不代表真实调研结果。,2024增换购用户需求洞察｜汽车之家研究院,https://www.autohome.com.cn/news/202409/1300865.html
S060-02,北京奔驰,奔驰GLC新能源,奔驰GLC新能源,33.98-51.80万,40-50万,纯电动；非增程式插混,SUV,中型,5座,山东省,2026-06-12,36-40岁,男,金融/地产从业者,30-50万,已婚二孩及以上,3人,是,否,家中已有新能源车,增购,家中已有新能源车,30-60万,初步了解,2周-1个月,本人+配偶,子女；车主评价,家庭出行升级；换新能源；低成本出行,充电便利场景；长途自驾,品牌直营店/4S店；车主群/社群讨论；小红书/抖音内容,是,售后服务；品牌认知；智能驾驶；低使用成本,希望降低通勤和长途驾驶压力；在意品牌形象和商务/社交场景认可度,售后维修成本；售后网络是否成熟；智能化是否稳定,奥迪Q5L；极氪8X,倾向本品,待定,,受访者关注售后服务，主要用于充电便利场景；同时对售后维修成本仍有疑问，决策中会对比奥迪Q5L；极氪8X。,先围绕充电便利场景场景切入，再把售后服务转化为可感知体验；对售后维修成本需结合竞品对比和真实用车成本解释。,公开资料方向拟定/模拟问卷样本,基于车型定位、价格段、能源形式、公开车主口碑和公开用户画像报告拟定；仅用于产品Demo，不代表真实调研结果。,2024增换购用户需求洞察｜汽车之家研究院,https://www.autohome.com.cn/news/202409/1300865.html
S060-03,北京奔驰,奔驰GLC新能源,奔驰GLC新能源,33.98-51.80万,40-50万,纯电动；非增程式插混,SUV,中型,5座,山东省,2026-08-15,36-40岁,女,中基层管理者,100万以上,三代同堂,4人,是,是,无车,首购,无车,30-60万,已购/用车复盘,2周-1个月,本人+配偶,父母；KOL/博主；子女,空间升级；商务接待,老人小孩乘坐；周末短途,品牌直营店/4S店；懂车帝/汽车之家口碑,是,保值率；智能座舱；外观设计,希望在预算内获得更稳定的综合体验,续航达成率；智能化是否稳定；增程/插混系统可靠性,极氪8X；岚图泰山；雷克萨斯RX,转向竞品,否,品牌认可度更高,受访者关注保值率，主要用于老人小孩乘坐；同时对续航达成率仍有疑问，决策中会对比极氪8X；岚图泰山；雷克萨斯RX。,先围绕老人小孩乘坐场景切入，再把保值率转化为可感知体验；对续航达成率需结合竞品对比和真实用车成本解释。,公开资料方向拟定/模拟问卷样本,基于车型定位、价格段、能源形式、公开车主口碑和公开用户画像报告拟定；仅用于产品Demo，不代表真实调研结果。,2024增换购用户需求洞察｜汽车之家研究院,https://www.autohome.com.cn/news/202409/1300865.html
S060-04,北京奔驰,奔驰GLC新能源,奔驰GLC新能源,33.98-51.80万,40-50万,纯电动；非增程式插混,SUV,中型,5座,浙江省,2026-06-19,31-35岁,男,中基层管理者,30-50万,已婚一孩,2人,是,否,15-25万合资/自主车,换购,15-25万合资/自主车,30-60万,流失/转向竞品,2个月以上,本人+配偶,配偶；子女,减少里程焦虑；长途/自驾,充电便利场景；长途自驾；家庭出行,朋友/同事推荐；懂车帝/汽车之家口碑；车主群/社群讨论,是,品牌认知；安全性；豪华感/质感,在意品牌形象和商务/社交场景认可度,保值率；高端服务体验；智能化是否稳定,岚图泰山；雷克萨斯RX,价格合适会买,待定,,受访者关注品牌认知，主要用于充电便利场景；同时对保值率仍有疑问，决策中会对比岚图泰山；雷克萨斯RX。,先围绕充电便利场景场景切入，再把品牌认知转化为可感知体验；对保值率需结合竞品对比和真实用车成本解释。,公开资料方向拟定/模拟问卷样本,基于车型定位、价格段、能源形式、公开车主口碑和公开用户画像报告拟定；仅用于产品Demo，不代表真实调研结果。,2024增换购用户需求洞察｜汽车之家研究院,https://www.autohome.com.cn/news/202409/1300865.html
S060-05,北京奔驰,奔驰GLC新能源,奔驰GLC新能源,33.98-51.80万,40-50万,纯电动；非增程式插混,SUV,中型,5座,安徽省,2026-07-20,41-45岁,男,中基层管理者,30-50万,已婚一孩,2人,是,否,家中已有燃油车,增购,家中已有燃油车,30-60万,已购/用车复盘,2个月以上,家庭共同决策,配偶；子女,家庭出行升级；通勤代步；家庭品质升级,城市通勤；家庭出行；充电便利场景,KOL评测；小红书/抖音内容,是,安全性；价格权益；品牌认知,在意品牌形象和商务/社交场景认可度；希望同预算下配置和权益更划算,价格权益是否稳定；权益透明度；价格是否值得,雷克萨斯RX；奔驰GLC,倾向本品,待定,,受访者关注安全性，主要用于城市通勤；同时对价格权益是否稳定仍有疑问，决策中会对比雷克萨斯RX；奔驰GLC。,先围绕城市通勤场景切入，再把安全性转化为可感知体验；对价格权益是否稳定需结合竞品对比和真实用车成本解释。,公开资料方向拟定/模拟问卷样本,基于车型定位、价格段、能源形式、公开车主口碑和公开用户画像报告拟定；仅用于产品Demo，不代表真实调研结果。,2024增换购用户需求洞察｜汽车之家研究院,https://www.autohome.com.cn/news/202409/1300865.html
S060-06,北京奔驰,奔驰GLC新能源,奔驰GLC新能源,33.98-51.80万,40-50万,纯电动；非增程式插混,SUV,中型,5座,福建省,2026-06-16,31-35岁,男,私营业主/个体经营者,30-50万,已婚二孩及以上,5人及以上,是,否,无车,首购,无车,30-60万,初步了解,2个月以上,本人+配偶,子女；KOL/博主,通勤代步；家庭品质升级,家庭出行；长途自驾；充电便利场景,品牌直营店/4S店；KOL评测,是,保值率；智能座舱；空间舒适,希望兼顾家人乘坐和周末出行,补能是否方便；高端服务体验；用车能耗/续航,奔驰GLC；奥迪Q5L；极氪8X,倾向本品,待定,,受访者关注保值率，主要用于家庭出行；同时对补能是否方便仍有疑问，决策中会对比奔驰GLC；奥迪Q5L；极氪8X。,先围绕家庭出行场景切入，再把保值率转化为可感知体验；对补能是否方便需结合竞品对比和真实用车成本解释。,公开资料方向拟定/模拟问卷样本,基于车型定位、价格段、能源形式、公开车主口碑和公开用户画像报告拟定；仅用于产品Demo，不代表真实调研结果。,2024增换购用户需求洞察｜汽车之家研究院,https://www.autohome.com.cn/news/202409/1300865.html
S060-07,北京奔驰,奔驰GLC新能源,奔驰GLC新能源,33.98-51.80万,40-50万,纯电动；非增程式插混,SUV,中型,5座,陕西省,2026-06-19,31-35岁,女,企业高管/企业主,50-80万,已婚无孩,4人,否,是,家中已有燃油车,增购,家中已有燃油车,30-60万,初步了解,2周-1个月,本人+配偶,KOL/博主；车主评价,家庭出行升级；减少里程焦虑,城市通勤；长途自驾；充电便利场景,KOL评测；品牌直营店/4S店；小红书/抖音内容,是,补能便利；家庭适配；智能座舱；安全性,希望兼顾家人乘坐和周末出行,竞品是否更强；智能化是否稳定；售后维修成本,奥迪Q5L；极氪8X,继续比较,待定,,受访者关注补能便利，主要用于城市通勤；同时对竞品是否更强仍有疑问，决策中会对比奥迪Q5L；极氪8X。,先围绕城市通勤场景切入，再把补能便利转化为可感知体验；对竞品是否更强需结合竞品对比和真实用车成本解释。,公开资料方向拟定/模拟问卷样本,基于车型定位、价格段、能源形式、公开车主口碑和公开用户画像报告拟定；仅用于产品Demo，不代表真实调研结果。,2024增换购用户需求洞察｜汽车之家研究院,https://www.autohome.com.cn/news/202409/1300865.html
S060-08,北京奔驰,奔驰GLC新能源,奔驰GLC新能源,33.98-51.80万,40-50万,纯电动；非增程式插混,SUV,中型,5座,重庆市,2026-06-15,36-40岁,男,公务员/事业单位,30-50万,已婚一孩,3人,是,否,无车,首购,无车,30-60万,初步了解,2个月以上,本人+配偶,KOL/博主；车主评价；子女,减少里程焦虑；空间升级,周末短途；长途自驾；城市通勤,品牌直营店/4S店；朋友/同事推荐；车主群/社群讨论,否,智能座舱；品牌认知；乘坐舒适,在意品牌形象和商务/社交场景认可度,售后维修成本；竞品是否更强；用车能耗/续航,极氪8X；岚图泰山,继续比较,待定,,受访者关注智能座舱，主要用于周末短途；同时对售后维修成本仍有疑问，决策中会对比极氪8X；岚图泰山。,先围绕周末短途场景切入，再把智能座舱转化为可感知体验；对售后维修成本需结合竞品对比和真实用车成本解释。,公开资料方向拟定/模拟问卷样本,基于车型定位、价格段、能源形式、公开车主口碑和公开用户画像报告拟定；仅用于产品Demo，不代表真实调研结果。,2024增换购用户需求洞察｜汽车之家研究院,https://www.autohome.com.cn/news/202409/1300865.html
S061-01,极氪,极氪8X,极氪8X,35.68-50.08万,40-50万,非增程式插混,SUV,中大型,5座,陕西省,2026-07-03,31-35岁,女,私营业主/个体经营者,50-80万,已婚一孩,4人,是,否,家中已有燃油车,增购,家中已有燃油车,30-60万,已试驾,1-2个月,本人+配偶,配偶；车主评价；父母,长途/自驾；换新能源；家庭品质升级,周末短途；家庭出行,KOL评测；品牌直营店/4S店；懂车帝/汽车之家口碑,否,乘坐舒适；空间舒适；价格权益；豪华感/质感,希望兼顾家人乘坐和周末出行；希望同预算下配置和权益更划算,保值率；售后维修成本；权益透明度,雷克萨斯RX；坦克700新能源,倾向本品,待定,,受访者关注乘坐舒适，主要用于周末短途；同时对保值率仍有疑问，决策中会对比雷克萨斯RX；坦克700新能源。,先围绕周末短途场景切入，再把乘坐舒适转化为可感知体验；对保值率需结合竞品对比和真实用车成本解释。,公开资料方向拟定/模拟问卷样本,基于车型定位、价格段、能源形式、公开车主口碑和公开用户画像报告拟定；仅用于产品Demo，不代表真实调研结果。,2024增换购用户需求洞察｜汽车之家研究院,https://www.autohome.com.cn/news/202409/1300865.html
S061-02,极氪,极氪8X,极氪8X,35.68-50.08万,40-50万,非增程式插混,SUV,中大型,5座,陕西省,2026-07-03,46岁以上,男,企业高管/企业主,50-80万,已婚无孩,5人及以上,否,是,15-25万合资/自主车,换购,15-25万合资/自主车,30-60万,对比评估,2周-1个月,本人+配偶,KOL/博主；朋友/同事；车主评价,减少里程焦虑；换新能源,周末短途；老人小孩乘坐；城市通勤,品牌直营店/4S店；车主群/社群讨论；KOL评测,是,空间舒适；安全性；家庭适配,希望兼顾家人乘坐和周末出行,用车能耗/续航；权益透明度,坦克700新能源；理想L8,倾向本品,待定,,受访者关注空间舒适，主要用于周末短途；同时对用车能耗/续航仍有疑问，决策中会对比坦克700新能源；理想L8。,先围绕周末短途场景切入，再把空间舒适转化为可感知体验；对用车能耗/续航需结合竞品对比和真实用车成本解释。,公开资料方向拟定/模拟问卷样本,基于车型定位、价格段、能源形式、公开车主口碑和公开用户画像报告拟定；仅用于产品Demo，不代表真实调研结果。,2024增换购用户需求洞察｜汽车之家研究院,https://www.autohome.com.cn/news/202409/1300865.html
S061-03,极氪,极氪8X,极氪8X,35.68-50.08万,40-50万,非增程式插混,SUV,中大型,5座,四川省,2026-06-07,31-35岁,男,中基层管理者,50-80万,已婚一孩,5人及以上,是,否,15-25万合资/自主车,换购,15-25万合资/自主车,30-60万,已试驾,1-2个月,家庭共同决策,父母；子女,家庭品质升级；品牌升级；减少里程焦虑,老人小孩乘坐；家庭出行；城市通勤,车主群/社群讨论；懂车帝/汽车之家口碑；品牌直营店/4S店,否,乘坐舒适；安全性；售后服务；空间舒适,希望兼顾家人乘坐和周末出行,价格是否值得；高端服务体验；价格权益是否稳定,理想L8；普拉多；豹8,倾向本品,待定,,受访者关注乘坐舒适，主要用于老人小孩乘坐；同时对价格是否值得仍有疑问，决策中会对比理想L8；普拉多；豹8。,先围绕老人小孩乘坐场景切入，再把乘坐舒适转化为可感知体验；对价格是否值得需结合竞品对比和真实用车成本解释。,公开资料方向拟定/模拟问卷样本,基于车型定位、价格段、能源形式、公开车主口碑和公开用户画像报告拟定；仅用于产品Demo，不代表真实调研结果。,2024增换购用户需求洞察｜汽车之家研究院,https://www.autohome.com.cn/news/202409/1300865.html
S061-04,极氪,极氪8X,极氪8X,35.68-50.08万,40-50万,非增程式插混,SUV,中大型,5座,上海市,2026-08-13,36-40岁,女,金融/地产从业者,30-50万,已婚一孩,2人,是,是,15-25万合资/自主车,换购,15-25万合资/自主车,30-60万,已试驾,1-2个月,家庭共同决策,父母；车主评价,空间升级；通勤代步,家庭出行；长途自驾；老人小孩乘坐,懂车帝/汽车之家口碑；小红书/抖音内容,是,价格权益；售后服务；补能便利,希望同预算下配置和权益更划算,竞品是否更强；价格权益是否稳定,普拉多；豹8,继续比较,待定,,受访者关注价格权益，主要用于家庭出行；同时对竞品是否更强仍有疑问，决策中会对比普拉多；豹8。,先围绕家庭出行场景切入，再把价格权益转化为可感知体验；对竞品是否更强需结合竞品对比和真实用车成本解释。,公开资料方向拟定/模拟问卷样本,基于车型定位、价格段、能源形式、公开车主口碑和公开用户画像报告拟定；仅用于产品Demo，不代表真实调研结果。,2024增换购用户需求洞察｜汽车之家研究院,https://www.autohome.com.cn/news/202409/1300865.html
S061-05,极氪,极氪8X,极氪8X,35.68-50.08万,40-50万,非增程式插混,SUV,中大型,5座,湖南省,2026-08-06,36-40岁,男,企业高管/企业主,30-50万,已婚一孩,1人,是,否,15-25万合资/自主车,换购,15-25万合资/自主车,30-60万,价格谈判,2周-1个月,本人+配偶,子女；KOL/博主；配偶,长途/自驾；品牌升级；空间升级,城市通勤；家庭出行；周末短途,KOL评测；懂车帝/汽车之家口碑,是,豪华感/质感；品牌认知；智能座舱,在意品牌形象和商务/社交场景认可度,价格是否值得；售后维修成本；保值率,豹8；雷克萨斯RX,继续比较,待定,,受访者关注豪华感/质感，主要用于城市通勤；同时对价格是否值得仍有疑问，决策中会对比豹8；雷克萨斯RX。,先围绕城市通勤场景切入，再把豪华感/质感转化为可感知体验；对价格是否值得需结合竞品对比和真实用车成本解释。,公开资料方向拟定/模拟问卷样本,基于车型定位、价格段、能源形式、公开车主口碑和公开用户画像报告拟定；仅用于产品Demo，不代表真实调研结果。,2024增换购用户需求洞察｜汽车之家研究院,https://www.autohome.com.cn/news/202409/1300865.html
S061-06,极氪,极氪8X,极氪8X,35.68-50.08万,40-50万,非增程式插混,SUV,中大型,5座,广东省,2026-06-05,41-45岁,男,企业高管/企业主,100万以上,已婚一孩,3人,是,否,15-25万合资/自主车,换购,15-25万合资/自主车,30-60万,流失/转向竞品,2周-1个月,本人+配偶,父母；车主评价,空间升级；减少里程焦虑,老人小孩乘坐；周末短途；城市通勤,KOL评测；品牌直营店/4S店,是,家庭适配；豪华感/质感；售后服务；品牌认知,希望兼顾家人乘坐和周末出行；在意品牌形象和商务/社交场景认可度,用车能耗/续航；高端服务体验；价格是否值得,雷克萨斯RX；坦克700新能源；理想L8,价格合适会买,待定,,受访者关注家庭适配，主要用于老人小孩乘坐；同时对用车能耗/续航仍有疑问，决策中会对比雷克萨斯RX；坦克700新能源；理想L8。,先围绕老人小孩乘坐场景切入，再把家庭适配转化为可感知体验；对用车能耗/续航需结合竞品对比和真实用车成本解释。,公开资料方向拟定/模拟问卷样本,基于车型定位、价格段、能源形式、公开车主口碑和公开用户画像报告拟定；仅用于产品Demo，不代表真实调研结果。,2024增换购用户需求洞察｜汽车之家研究院,https://www.autohome.com.cn/news/202409/1300865.html
S061-07,极氪,极氪8X,极氪8X,35.68-50.08万,40-50万,非增程式插混,SUV,中大型,5座,福建省,2026-06-19,31-35岁,男,中基层管理者,100万以上,已婚一孩,4人,是,是,家中已有燃油车,增购,家中已有燃油车,30-60万,已购/用车复盘,1-2个月,本人+配偶,车主评价；父母；子女,品牌升级；减少里程焦虑,家庭出行；老人小孩乘坐,品牌直营店/4S店；懂车帝/汽车之家口碑；车主群/社群讨论,否,价格权益；豪华感/质感；保值率,希望同预算下配置和权益更划算,竞品是否更强；价格是否值得,坦克700新能源；理想L8,转向竞品,否,竞品价格更低,受访者关注价格权益，主要用于家庭出行；同时对竞品是否更强仍有疑问，决策中会对比坦克700新能源；理想L8。,先围绕家庭出行场景切入，再把价格权益转化为可感知体验；对竞品是否更强需结合竞品对比和真实用车成本解释。,公开资料方向拟定/模拟问卷样本,基于车型定位、价格段、能源形式、公开车主口碑和公开用户画像报告拟定；仅用于产品Demo，不代表真实调研结果。,2024增换购用户需求洞察｜汽车之家研究院,https://www.autohome.com.cn/news/202409/1300865.html
S061-08,极氪,极氪8X,极氪8X,35.68-50.08万,40-50万,非增程式插混,SUV,中大型,5座,安徽省,2026-06-26,36-40岁,男,企业高管/企业主,50-80万,已婚一孩,3人,是,是,15-25万合资/自主车,换购,15-25万合资/自主车,30-60万,对比评估,1-2个月,本人,配偶；子女,换新能源；家庭出行升级,长途自驾；城市通勤；周末短途,懂车帝/汽车之家口碑；小红书/抖音内容,否,价格权益；补能便利；家庭适配,希望兼顾家人乘坐和周末出行；希望同预算下配置和权益更划算,用车能耗/续航；价格是否值得,理想L8；普拉多,倾向本品,待定,,受访者关注价格权益，主要用于长途自驾；同时对用车能耗/续航仍有疑问，决策中会对比理想L8；普拉多。,先围绕长途自驾场景切入，再把价格权益转化为可感知体验；对用车能耗/续航需结合竞品对比和真实用车成本解释。,公开资料方向拟定/模拟问卷样本,基于车型定位、价格段、能源形式、公开车主口碑和公开用户画像报告拟定；仅用于产品Demo，不代表真实调研结果。,2024增换购用户需求洞察｜汽车之家研究院,https://www.autohome.com.cn/news/202409/1300865.html
S062-01,蔚来,蔚来ES9,蔚来ES9,49.80-62.80万,50-60万,纯电动,SUV,大型,6座,湖北省,2026-06-11,41-45岁,男,私营业主/个体经营者,80-100万,已婚二孩及以上,4人,是,是,家中已有燃油车,增购,家中已有燃油车,40-70万,已购/用车复盘,1-2个月,家庭共同决策,父母；配偶；KOL/博主,低成本出行；家庭出行升级,城市通勤；家庭出行,KOL评测；懂车帝/汽车之家口碑；车主群/社群讨论,是,外观设计；豪华感/质感；安全性,希望在预算内获得更稳定的综合体验,智能化是否稳定；保值率；补能是否方便,问界M9；极氪9X,价格合适会买,待定,,受访者关注外观设计，主要用于城市通勤；同时对智能化是否稳定仍有疑问，决策中会对比问界M9；极氪9X。,先围绕城市通勤场景切入，再把外观设计转化为可感知体验；对智能化是否稳定需结合竞品对比和真实用车成本解释。,公开资料方向拟定/模拟问卷样本,基于车型定位、价格段、能源形式、公开车主口碑和公开用户画像报告拟定；仅用于产品Demo，不代表真实调研结果。,2024增换购用户需求洞察｜汽车之家研究院,https://www.autohome.com.cn/news/202409/1300865.html
S062-02,蔚来,蔚来ES9,蔚来ES9,49.80-62.80万,50-60万,纯电动,SUV,大型,6座,陕西省,2026-08-16,36-40岁,男,企业高管/企业主,100万以上,已婚一孩,2人,是,是,家中已有新能源车,增购,家中已有新能源车,40-70万,初步了解,2个月以上,家庭共同决策,车主评价；配偶；父母,家庭品质升级；通勤代步,家庭出行；城市通勤；接送孩子,懂车帝/汽车之家口碑；品牌直营店/4S店,否,安全性；品牌认知；智能座舱,在意品牌形象和商务/社交场景认可度,第三排舒适性；价格是否值得,极氪9X；岚图泰山,已购,是,,受访者关注安全性，主要用于家庭出行；同时对第三排舒适性仍有疑问，决策中会对比极氪9X；岚图泰山。,先围绕家庭出行场景切入，再把安全性转化为可感知体验；对第三排舒适性需结合竞品对比和真实用车成本解释。,公开资料方向拟定/模拟问卷样本,基于车型定位、价格段、能源形式、公开车主口碑和公开用户画像报告拟定；仅用于产品Demo，不代表真实调研结果。,2024增换购用户需求洞察｜汽车之家研究院,https://www.autohome.com.cn/news/202409/1300865.html
S062-03,蔚来,蔚来ES9,蔚来ES9,49.80-62.80万,50-60万,纯电动,SUV,大型,6座,陕西省,2026-07-10,46岁以上,男,企业高管/企业主,100万以上,已婚二孩及以上,2人,是,否,BBA/传统豪华车,换购,BBA/传统豪华车,40-70万,已试驾,2周-1个月,父母参与,车主评价；父母,通勤代步；家庭出行升级；家庭品质升级,城市通勤；多成员家庭出行；周末短途,懂车帝/汽车之家口碑；朋友/同事推荐,否,保值率；品牌认知；空间舒适,希望兼顾家人乘坐和周末出行；在意品牌形象和商务/社交场景认可度,价格是否值得；续航达成率,岚图泰山；理想L9；坦克700新能源,已下订,是,,受访者关注保值率，主要用于城市通勤；同时对价格是否值得仍有疑问，决策中会对比岚图泰山；理想L9；坦克700新能源。,先围绕城市通勤场景切入，再把保值率转化为可感知体验；对价格是否值得需结合竞品对比和真实用车成本解释。,公开资料方向拟定/模拟问卷样本,基于车型定位、价格段、能源形式、公开车主口碑和公开用户画像报告拟定；仅用于产品Demo，不代表真实调研结果。,2024增换购用户需求洞察｜汽车之家研究院,https://www.autohome.com.cn/news/202409/1300865.html
S062-04,蔚来,蔚来ES9,蔚来ES9,49.80-62.80万,50-60万,纯电动,SUV,大型,6座,浙江省,2026-06-01,36-40岁,男,企业高管/企业主,80-100万,已婚无孩,5人及以上,否,是,无车,首购,无车,40-70万,对比评估,2个月以上,家庭共同决策,配偶；车主评价,通勤代步；空间升级,城市通勤；周末短途；家庭出行,车主群/社群讨论；朋友/同事推荐,是,外观设计；乘坐舒适；售后服务,希望在预算内获得更稳定的综合体验,高端服务体验；售后网络是否成熟,理想L9；坦克700新能源,倾向本品,待定,,受访者关注外观设计，主要用于城市通勤；同时对高端服务体验仍有疑问，决策中会对比理想L9；坦克700新能源。,先围绕城市通勤场景切入，再把外观设计转化为可感知体验；对高端服务体验需结合竞品对比和真实用车成本解释。,公开资料方向拟定/模拟问卷样本,基于车型定位、价格段、能源形式、公开车主口碑和公开用户画像报告拟定；仅用于产品Demo，不代表真实调研结果。,2024增换购用户需求洞察｜汽车之家研究院,https://www.autohome.com.cn/news/202409/1300865.html
S062-05,蔚来,蔚来ES9,蔚来ES9,49.80-62.80万,50-60万,纯电动,SUV,大型,6座,湖北省,2026-07-16,46岁以上,男,企业高管/企业主,80-100万,三代同堂,2人,是,是,BBA/传统豪华车,换购,BBA/传统豪华车,40-70万,流失/转向竞品,2个月以上,家庭共同决策,车主评价；配偶；子女,通勤代步；换新能源；家庭出行升级,多成员家庭出行；城市通勤；接送孩子,懂车帝/汽车之家口碑；车主群/社群讨论,是,家庭适配；品牌认知；豪华感/质感,希望兼顾家人乘坐和周末出行；在意品牌形象和商务/社交场景认可度,高端服务体验；第三排舒适性,坦克700新能源；问界M9,已下订,是,,受访者关注家庭适配，主要用于多成员家庭出行；同时对高端服务体验仍有疑问，决策中会对比坦克700新能源；问界M9。,先围绕多成员家庭出行场景切入，再把家庭适配转化为可感知体验；对高端服务体验需结合竞品对比和真实用车成本解释。,公开资料方向拟定/模拟问卷样本,基于车型定位、价格段、能源形式、公开车主口碑和公开用户画像报告拟定；仅用于产品Demo，不代表真实调研结果。,2024增换购用户需求洞察｜汽车之家研究院,https://www.autohome.com.cn/news/202409/1300865.html
S062-06,蔚来,蔚来ES9,蔚来ES9,49.80-62.80万,50-60万,纯电动,SUV,大型,6座,湖北省,2026-08-28,41-45岁,男,金融/地产从业者,100万以上,已婚一孩,2人,是,否,无车,首购,无车,40-70万,流失/转向竞品,1-2个月,本人+配偶,父母；子女,低成本出行；家庭出行升级；换新能源,周末短途；充电便利场景；城市通勤,车主群/社群讨论；朋友/同事推荐,否,豪华感/质感；乘坐舒适；外观设计,希望在预算内获得更稳定的综合体验,停车便利性；车身尺寸是否好开；售后网络是否成熟,问界M9；极氪9X；岚图泰山,倾向本品,待定,,受访者关注豪华感/质感，主要用于周末短途；同时对停车便利性仍有疑问，决策中会对比问界M9；极氪9X；岚图泰山。,先围绕周末短途场景切入，再把豪华感/质感转化为可感知体验；对停车便利性需结合竞品对比和真实用车成本解释。,公开资料方向拟定/模拟问卷样本,基于车型定位、价格段、能源形式、公开车主口碑和公开用户画像报告拟定；仅用于产品Demo，不代表真实调研结果。,2024增换购用户需求洞察｜汽车之家研究院,https://www.autohome.com.cn/news/202409/1300865.html
S062-07,蔚来,蔚来ES9,蔚来ES9,49.80-62.80万,50-60万,纯电动,SUV,大型,6座,湖南省,2026-06-12,41-45岁,女,私营业主/个体经营者,100万以上,已婚一孩,3人,是,否,无车,首购,无车,40-70万,对比评估,2个月以上,家庭共同决策,KOL/博主；车主评价,家庭出行升级；空间升级,多成员家庭出行；周末短途,小红书/抖音内容；品牌直营店/4S店,是,智能座舱；品牌认知；乘坐舒适,在意品牌形象和商务/社交场景认可度,竞品是否更强；售后网络是否成熟；续航达成率,极氪9X；岚图泰山,倾向本品,待定,,受访者关注智能座舱，主要用于多成员家庭出行；同时对竞品是否更强仍有疑问，决策中会对比极氪9X；岚图泰山。,先围绕多成员家庭出行场景切入，再把智能座舱转化为可感知体验；对竞品是否更强需结合竞品对比和真实用车成本解释。,公开资料方向拟定/模拟问卷样本,基于车型定位、价格段、能源形式、公开车主口碑和公开用户画像报告拟定；仅用于产品Demo，不代表真实调研结果。,2024增换购用户需求洞察｜汽车之家研究院,https://www.autohome.com.cn/news/202409/1300865.html
S062-08,蔚来,蔚来ES9,蔚来ES9,49.80-62.80万,50-60万,纯电动,SUV,大型,6座,上海市,2026-07-19,41-45岁,男,企业高管/企业主,100万以上,已婚一孩,2人,是,否,BBA/传统豪华车,换购,BBA/传统豪华车,40-70万,初步了解,2个月以上,家庭共同决策,子女；车主评价；配偶,空间升级；换新能源；家庭出行升级,城市通勤；周末短途,小红书/抖音内容；朋友/同事推荐,是,价格权益；低使用成本；空间舒适,希望兼顾家人乘坐和周末出行；希望同预算下配置和权益更划算,权益透明度；补能是否方便；售后网络是否成熟,岚图泰山；理想L9,价格合适会买,待定,,受访者关注价格权益，主要用于城市通勤；同时对权益透明度仍有疑问，决策中会对比岚图泰山；理想L9。,先围绕城市通勤场景切入，再把价格权益转化为可感知体验；对权益透明度需结合竞品对比和真实用车成本解释。,公开资料方向拟定/模拟问卷样本,基于车型定位、价格段、能源形式、公开车主口碑和公开用户画像报告拟定；仅用于产品Demo，不代表真实调研结果。,2024增换购用户需求洞察｜汽车之家研究院,https://www.autohome.com.cn/news/202409/1300865.html
S063-01,LUXEED智界,智界V9,智界V9,38.98-51.98万,40-50万,增程式插混,MPV,中大型,7座,上海市,2026-08-10,31-35岁,女,中基层管理者,30-50万,已婚二孩及以上,5人及以上,是,否,15-25万合资/自主车,换购,15-25万合资/自主车,30-60万,已试驾,2周-1个月,家庭共同决策,父母；KOL/博主；车主评价,品牌升级；空间升级；换新能源,家庭出行；老人小孩乘坐；接送孩子,懂车帝/汽车之家口碑；朋友/同事推荐；车主群/社群讨论,是,售后服务；乘坐舒适；豪华感/质感,希望在预算内获得更稳定的综合体验,保值率；权益透明度；价格权益是否稳定,腾势D9；岚图梦想家,继续比较,待定,,受访者关注售后服务，主要用于家庭出行；同时对保值率仍有疑问，决策中会对比腾势D9；岚图梦想家。,先围绕家庭出行场景切入，再把售后服务转化为可感知体验；对保值率需结合竞品对比和真实用车成本解释。,公开资料方向拟定/模拟问卷样本,基于车型定位、价格段、能源形式、公开车主口碑和公开用户画像报告拟定；仅用于产品Demo，不代表真实调研结果。,2024增换购用户需求洞察｜汽车之家研究院,https://www.autohome.com.cn/news/202409/1300865.html
S063-02,LUXEED智界,智界V9,智界V9,38.98-51.98万,40-50万,增程式插混,MPV,中大型,7座,四川省,2026-06-11,46岁以上,女,企业高管/企业主,50-80万,三代同堂,3人,是,是,15-25万合资/自主车,换购,15-25万合资/自主车,30-60万,对比评估,2周-1个月,本人+配偶,KOL/博主；子女；车主评价,空间升级；减少里程焦虑,老人小孩乘坐；周末短途；家庭出行,KOL评测；车主群/社群讨论；朋友/同事推荐,是,售后服务；乘坐舒适；品牌认知,在意品牌形象和商务/社交场景认可度,第三排舒适性；增程/插混系统可靠性,岚图梦想家；极氪009,倾向本品,待定,,受访者关注售后服务，主要用于老人小孩乘坐；同时对第三排舒适性仍有疑问，决策中会对比岚图梦想家；极氪009。,先围绕老人小孩乘坐场景切入，再把售后服务转化为可感知体验；对第三排舒适性需结合竞品对比和真实用车成本解释。,公开资料方向拟定/模拟问卷样本,基于车型定位、价格段、能源形式、公开车主口碑和公开用户画像报告拟定；仅用于产品Demo，不代表真实调研结果。,2024增换购用户需求洞察｜汽车之家研究院,https://www.autohome.com.cn/news/202409/1300865.html
S063-03,LUXEED智界,智界V9,智界V9,38.98-51.98万,40-50万,增程式插混,MPV,中大型,7座,江苏省,2026-07-20,31-35岁,不便透露,私营业主/个体经营者,50-80万,三代同堂,1人,是,是,15-25万合资/自主车,换购,15-25万合资/自主车,30-60万,已下订,1-2个月,本人+配偶,父母；配偶,通勤代步；长途/自驾；减少里程焦虑,城市通勤；周末短途,品牌直营店/4S店；车主群/社群讨论；KOL评测,是,补能便利；价格权益；安全性,希望同预算下配置和权益更划算,增程/插混系统可靠性；竞品是否更强；价格权益是否稳定,极氪009；赛那SIENNA；雷克萨斯RX,倾向本品,待定,,受访者关注补能便利，主要用于城市通勤；同时对增程/插混系统可靠性仍有疑问，决策中会对比极氪009；赛那SIENNA；雷克萨斯RX。,先围绕城市通勤场景切入，再把补能便利转化为可感知体验；对增程/插混系统可靠性需结合竞品对比和真实用车成本解释。,公开资料方向拟定/模拟问卷样本,基于车型定位、价格段、能源形式、公开车主口碑和公开用户画像报告拟定；仅用于产品Demo，不代表真实调研结果。,2024增换购用户需求洞察｜汽车之家研究院,https://www.autohome.com.cn/news/202409/1300865.html
S063-04,LUXEED智界,智界V9,智界V9,38.98-51.98万,40-50万,增程式插混,MPV,中大型,7座,安徽省,2026-08-16,31-35岁,女,金融/地产从业者,50-80万,三代同堂,4人,是,是,无车,首购,无车,30-60万,已试驾,2周-1个月,家庭共同决策,车主评价；配偶,通勤代步；商务接待；品牌升级,老人小孩乘坐；多成员家庭出行,KOL评测；懂车帝/汽车之家口碑,否,乘坐舒适；保值率；价格权益,希望同预算下配置和权益更划算,保值率；竞品是否更强,赛那SIENNA；雷克萨斯RX,倾向本品,待定,,受访者关注乘坐舒适，主要用于老人小孩乘坐；同时对保值率仍有疑问，决策中会对比赛那SIENNA；雷克萨斯RX。,先围绕老人小孩乘坐场景切入，再把乘坐舒适转化为可感知体验；对保值率需结合竞品对比和真实用车成本解释。,公开资料方向拟定/模拟问卷样本,基于车型定位、价格段、能源形式、公开车主口碑和公开用户画像报告拟定；仅用于产品Demo，不代表真实调研结果。,2024增换购用户需求洞察｜汽车之家研究院,https://www.autohome.com.cn/news/202409/1300865.html
S063-05,LUXEED智界,智界V9,智界V9,38.98-51.98万,40-50万,增程式插混,MPV,中大型,7座,陕西省,2026-06-01,31-35岁,男,企业高管/企业主,50-80万,已婚一孩,1人,是,否,无车,首购,无车,30-60万,已购/用车复盘,1-2个月,家庭共同决策,车主评价；KOL/博主,减少里程焦虑；家庭出行升级；品牌升级,多成员家庭出行；城市通勤；周末短途,品牌直营店/4S店；车主群/社群讨论,否,品牌认知；补能便利；第三排/多人乘坐,在意品牌形象和商务/社交场景认可度,售后维修成本；用车能耗/续航,雷克萨斯RX；腾势D9,已购,是,,受访者关注品牌认知，主要用于多成员家庭出行；同时对售后维修成本仍有疑问，决策中会对比雷克萨斯RX；腾势D9。,先围绕多成员家庭出行场景切入，再把品牌认知转化为可感知体验；对售后维修成本需结合竞品对比和真实用车成本解释。,公开资料方向拟定/模拟问卷样本,基于车型定位、价格段、能源形式、公开车主口碑和公开用户画像报告拟定；仅用于产品Demo，不代表真实调研结果。,2024增换购用户需求洞察｜汽车之家研究院,https://www.autohome.com.cn/news/202409/1300865.html
S063-06,LUXEED智界,智界V9,智界V9,38.98-51.98万,40-50万,增程式插混,MPV,中大型,7座,湖南省,2026-08-08,36-40岁,男,金融/地产从业者,80-100万,已婚二孩及以上,3人,是,是,家中已有新能源车,增购,家中已有新能源车,30-60万,初步了解,1-2个月,家庭共同决策,车主评价；子女；KOL/博主,长途/自驾；家庭出行升级,多成员家庭出行；长途自驾；城市通勤,小红书/抖音内容；车主群/社群讨论；朋友/同事推荐,是,安全性；家庭适配；豪华感/质感,希望兼顾家人乘坐和周末出行,第三排舒适性；售后维修成本；保值率,腾势D9；岚图梦想家；极氪009,倾向本品,待定,,受访者关注安全性，主要用于多成员家庭出行；同时对第三排舒适性仍有疑问，决策中会对比腾势D9；岚图梦想家；极氪009。,先围绕多成员家庭出行场景切入，再把安全性转化为可感知体验；对第三排舒适性需结合竞品对比和真实用车成本解释。,公开资料方向拟定/模拟问卷样本,基于车型定位、价格段、能源形式、公开车主口碑和公开用户画像报告拟定；仅用于产品Demo，不代表真实调研结果。,2024增换购用户需求洞察｜汽车之家研究院,https://www.autohome.com.cn/news/202409/1300865.html
S063-07,LUXEED智界,智界V9,智界V9,38.98-51.98万,40-50万,增程式插混,MPV,中大型,7座,广东省,2026-08-11,41-45岁,男,企业高管/企业主,30-50万,已婚一孩,5人及以上,是,是,15-25万合资/自主车,换购,15-25万合资/自主车,30-60万,已购/用车复盘,2个月以上,本人+配偶,配偶；父母,商务接待；减少里程焦虑；通勤代步,家庭出行；城市通勤,懂车帝/汽车之家口碑；朋友/同事推荐；品牌直营店/4S店,否,售后服务；家庭适配；补能便利；保值率,希望兼顾家人乘坐和周末出行,用车能耗/续航；保值率；高端服务体验,岚图梦想家；极氪009,转向竞品,否,竞品价格更低,受访者关注售后服务，主要用于家庭出行；同时对用车能耗/续航仍有疑问，决策中会对比岚图梦想家；极氪009。,先围绕家庭出行场景切入，再把售后服务转化为可感知体验；对用车能耗/续航需结合竞品对比和真实用车成本解释。,公开资料方向拟定/模拟问卷样本,基于车型定位、价格段、能源形式、公开车主口碑和公开用户画像报告拟定；仅用于产品Demo，不代表真实调研结果。,2024增换购用户需求洞察｜汽车之家研究院,https://www.autohome.com.cn/news/202409/1300865.html
S063-08,LUXEED智界,智界V9,智界V9,38.98-51.98万,40-50万,增程式插混,MPV,中大型,7座,上海市,2026-06-03,36-40岁,男,中基层管理者,50-80万,已婚一孩,4人,是,是,15-25万合资/自主车,换购,15-25万合资/自主车,30-60万,流失/转向竞品,2周-1个月,家庭共同决策,车主评价；子女；配偶,商务接待；长途/自驾,多成员家庭出行；家庭出行；长途自驾,车主群/社群讨论；品牌直营店/4S店；朋友/同事推荐,是,价格权益；第三排/多人乘坐；智能座舱,希望同预算下配置和权益更划算,竞品是否更强；增程/插混系统可靠性,极氪009；赛那SIENNA,倾向本品,待定,,受访者关注价格权益，主要用于多成员家庭出行；同时对竞品是否更强仍有疑问，决策中会对比极氪009；赛那SIENNA。,先围绕多成员家庭出行场景切入，再把价格权益转化为可感知体验；对竞品是否更强需结合竞品对比和真实用车成本解释。,公开资料方向拟定/模拟问卷样本,基于车型定位、价格段、能源形式、公开车主口碑和公开用户画像报告拟定；仅用于产品Demo，不代表真实调研结果。,2024增换购用户需求洞察｜汽车之家研究院,https://www.autohome.com.cn/news/202409/1300865.html
S064-01,长城汽车,坦克700新能源,坦克700新能源,42.80-70.00万,50-60万,非增程式插混,SUV,中大型,5座,安徽省,2026-07-24,41-45岁,女,企业高管/企业主,100万以上,三代同堂,2人,是,是,家中已有燃油车,增购,家中已有燃油车,40-70万,对比评估,2个月以上,家庭共同决策,车主评价；子女；父母,长途/自驾；换新能源；品牌升级,家庭出行；周末短途,车主群/社群讨论；KOL评测,是,价格权益；安全性；补能便利；品牌认知,在意品牌形象和商务/社交场景认可度；希望同预算下配置和权益更划算,价格是否值得；用车能耗/续航；权益透明度,途锐；雷克萨斯RX,转向竞品,否,竞品价格更低,受访者关注价格权益，主要用于家庭出行；同时对价格是否值得仍有疑问，决策中会对比途锐；雷克萨斯RX。,先围绕家庭出行场景切入，再把价格权益转化为可感知体验；对价格是否值得需结合竞品对比和真实用车成本解释。,公开资料方向拟定/模拟问卷样本,基于车型定位、价格段、能源形式、公开车主口碑和公开用户画像报告拟定；仅用于产品Demo，不代表真实调研结果。,2024增换购用户需求洞察｜汽车之家研究院,https://www.autohome.com.cn/news/202409/1300865.html
S064-02,长城汽车,坦克700新能源,坦克700新能源,42.80-70.00万,50-60万,非增程式插混,SUV,中大型,5座,浙江省,2026-07-26,36-40岁,男,金融/地产从业者,100万以上,三代同堂,4人,是,是,BBA/传统豪华车,换购,BBA/传统豪华车,40-70万,已购/用车复盘,1-2个月,家庭共同决策,车主评价；子女；KOL/博主,空间升级；家庭出行升级,长途自驾；老人小孩乘坐,车主群/社群讨论；KOL评测,是,豪华感/质感；保值率；空间舒适；智能座舱,希望兼顾家人乘坐和周末出行,权益透明度；价格权益是否稳定,雷克萨斯RX；极氪8X,倾向本品,待定,,受访者关注豪华感/质感，主要用于长途自驾；同时对权益透明度仍有疑问，决策中会对比雷克萨斯RX；极氪8X。,先围绕长途自驾场景切入，再把豪华感/质感转化为可感知体验；对权益透明度需结合竞品对比和真实用车成本解释。,公开资料方向拟定/模拟问卷样本,基于车型定位、价格段、能源形式、公开车主口碑和公开用户画像报告拟定；仅用于产品Demo，不代表真实调研结果。,2024增换购用户需求洞察｜汽车之家研究院,https://www.autohome.com.cn/news/202409/1300865.html
S064-03,长城汽车,坦克700新能源,坦克700新能源,42.80-70.00万,50-60万,非增程式插混,SUV,中大型,5座,湖南省,2026-06-08,46岁以上,女,私营业主/个体经营者,100万以上,三代同堂,2人,是,是,无车,首购,无车,40-70万,对比评估,1-2个月,本人+配偶,父母；配偶,减少里程焦虑；家庭品质升级；通勤代步,周末短途；长途自驾,车主群/社群讨论；懂车帝/汽车之家口碑；朋友/同事推荐,否,乘坐舒适；价格权益；品牌认知；售后服务,在意品牌形象和商务/社交场景认可度；希望同预算下配置和权益更划算,增程/插混系统可靠性；高端服务体验,极氪8X；奥迪A7；普拉多,倾向本品,待定,,受访者关注乘坐舒适，主要用于周末短途；同时对增程/插混系统可靠性仍有疑问，决策中会对比极氪8X；奥迪A7；普拉多。,先围绕周末短途场景切入，再把乘坐舒适转化为可感知体验；对增程/插混系统可靠性需结合竞品对比和真实用车成本解释。,公开资料方向拟定/模拟问卷样本,基于车型定位、价格段、能源形式、公开车主口碑和公开用户画像报告拟定；仅用于产品Demo，不代表真实调研结果。,2024增换购用户需求洞察｜汽车之家研究院,https://www.autohome.com.cn/news/202409/1300865.html
S064-04,长城汽车,坦克700新能源,坦克700新能源,42.80-70.00万,50-60万,非增程式插混,SUV,中大型,5座,北京市,2026-06-28,41-45岁,女,企业高管/企业主,100万以上,已婚二孩及以上,4人,是,否,家中已有新能源车,增购,家中已有新能源车,40-70万,已购/用车复盘,2周-1个月,家庭共同决策,父母；KOL/博主；车主评价,商务接待；家庭品质升级,城市通勤；长途自驾；家庭出行,小红书/抖音内容；品牌直营店/4S店；懂车帝/汽车之家口碑,是,保值率；乘坐舒适；豪华感/质感,希望在预算内获得更稳定的综合体验,售后维修成本；权益透明度,奥迪A7；普拉多,倾向本品,待定,,受访者关注保值率，主要用于城市通勤；同时对售后维修成本仍有疑问，决策中会对比奥迪A7；普拉多。,先围绕城市通勤场景切入，再把保值率转化为可感知体验；对售后维修成本需结合竞品对比和真实用车成本解释。,公开资料方向拟定/模拟问卷样本,基于车型定位、价格段、能源形式、公开车主口碑和公开用户画像报告拟定；仅用于产品Demo，不代表真实调研结果。,2024增换购用户需求洞察｜汽车之家研究院,https://www.autohome.com.cn/news/202409/1300865.html
S064-05,长城汽车,坦克700新能源,坦克700新能源,42.80-70.00万,50-60万,非增程式插混,SUV,中大型,5座,湖南省,2026-08-18,41-45岁,男,中基层管理者,50-80万,已婚一孩,1人,是,否,家中已有燃油车,增购,家中已有燃油车,40-70万,对比评估,2个月以上,本人,配偶；父母,长途/自驾；品牌升级,长途自驾；城市通勤,KOL评测；车主群/社群讨论；小红书/抖音内容,否,补能便利；家庭适配；售后服务；安全性,希望兼顾家人乘坐和周末出行,用车能耗/续航；竞品是否更强；价格是否值得,普拉多；途锐,已下订,是,,受访者关注补能便利，主要用于长途自驾；同时对用车能耗/续航仍有疑问，决策中会对比普拉多；途锐。,先围绕长途自驾场景切入，再把补能便利转化为可感知体验；对用车能耗/续航需结合竞品对比和真实用车成本解释。,公开资料方向拟定/模拟问卷样本,基于车型定位、价格段、能源形式、公开车主口碑和公开用户画像报告拟定；仅用于产品Demo，不代表真实调研结果。,2024增换购用户需求洞察｜汽车之家研究院,https://www.autohome.com.cn/news/202409/1300865.html
S064-06,长城汽车,坦克700新能源,坦克700新能源,42.80-70.00万,50-60万,非增程式插混,SUV,中大型,5座,山东省,2026-08-19,36-40岁,男,私营业主/个体经营者,80-100万,已婚二孩及以上,1人,是,否,BBA/传统豪华车,换购,BBA/传统豪华车,40-70万,初步了解,2个月以上,家庭共同决策,配偶；子女；父母,通勤代步；减少里程焦虑；家庭出行升级,长途自驾；老人小孩乘坐,品牌直营店/4S店；懂车帝/汽车之家口碑；KOL评测,是,售后服务；价格权益；保值率,希望同预算下配置和权益更划算,高端服务体验；增程/插混系统可靠性；售后维修成本,途锐；雷克萨斯RX；极氪8X,倾向本品,待定,,受访者关注售后服务，主要用于长途自驾；同时对高端服务体验仍有疑问，决策中会对比途锐；雷克萨斯RX；极氪8X。,先围绕长途自驾场景切入，再把售后服务转化为可感知体验；对高端服务体验需结合竞品对比和真实用车成本解释。,公开资料方向拟定/模拟问卷样本,基于车型定位、价格段、能源形式、公开车主口碑和公开用户画像报告拟定；仅用于产品Demo，不代表真实调研结果。,2024增换购用户需求洞察｜汽车之家研究院,https://www.autohome.com.cn/news/202409/1300865.html
S064-07,长城汽车,坦克700新能源,坦克700新能源,42.80-70.00万,50-60万,非增程式插混,SUV,中大型,5座,浙江省,2026-07-28,36-40岁,女,金融/地产从业者,80-100万,已婚无孩,3人,否,是,BBA/传统豪华车,换购,BBA/传统豪华车,40-70万,对比评估,1-2个月,本人,KOL/博主；朋友/同事；车主评价,品牌升级；商务接待,家庭出行；长途自驾,KOL评测；懂车帝/汽车之家口碑,是,补能便利；品牌认知；保值率,在意品牌形象和商务/社交场景认可度,增程/插混系统可靠性；价格权益是否稳定,雷克萨斯RX；极氪8X,继续比较,待定,,受访者关注补能便利，主要用于家庭出行；同时对增程/插混系统可靠性仍有疑问，决策中会对比雷克萨斯RX；极氪8X。,先围绕家庭出行场景切入，再把补能便利转化为可感知体验；对增程/插混系统可靠性需结合竞品对比和真实用车成本解释。,公开资料方向拟定/模拟问卷样本,基于车型定位、价格段、能源形式、公开车主口碑和公开用户画像报告拟定；仅用于产品Demo，不代表真实调研结果。,2024增换购用户需求洞察｜汽车之家研究院,https://www.autohome.com.cn/news/202409/1300865.html
S064-08,长城汽车,坦克700新能源,坦克700新能源,42.80-70.00万,50-60万,非增程式插混,SUV,中大型,5座,福建省,2026-08-21,36-40岁,女,私营业主/个体经营者,100万以上,已婚二孩及以上,1人,是,否,家中已有新能源车,增购,家中已有新能源车,40-70万,流失/转向竞品,1-2个月,家庭共同决策,子女；KOL/博主；配偶,家庭出行升级；家庭品质升级,家庭出行；周末短途,懂车帝/汽车之家口碑；车主群/社群讨论；KOL评测,是,家庭适配；品牌认知；豪华感/质感；乘坐舒适,希望兼顾家人乘坐和周末出行；在意品牌形象和商务/社交场景认可度,权益透明度；售后维修成本,极氪8X；奥迪A7,转向竞品,否,家人更认可竞品,受访者关注家庭适配，主要用于家庭出行；同时对权益透明度仍有疑问，决策中会对比极氪8X；奥迪A7。,先围绕家庭出行场景切入，再把家庭适配转化为可感知体验；对权益透明度需结合竞品对比和真实用车成本解释。,公开资料方向拟定/模拟问卷样本,基于车型定位、价格段、能源形式、公开车主口碑和公开用户画像报告拟定；仅用于产品Demo，不代表真实调研结果。,2024增换购用户需求洞察｜汽车之家研究院,https://www.autohome.com.cn/news/202409/1300865.html
S065-01,大众,途锐,途锐,50.88-79.38万,60-70万,传统燃料,SUV,中大型,6座,四川省,2026-08-26,41-45岁,女,金融/地产从业者,80-100万,已婚一孩,3人,是,是,家中已有燃油车,增购,家中已有燃油车,50-80万,对比评估,2个月以上,家庭共同决策,配偶；子女；KOL/博主,品牌升级；商务接待,周末短途；长途自驾；多成员家庭出行,朋友/同事推荐；车主群/社群讨论；懂车帝/汽车之家口碑,是,保值率；乘坐舒适；空间舒适,希望兼顾家人乘坐和周末出行,价格是否值得；售后维修成本,奥迪A7；奥迪Q7,倾向本品,待定,,受访者关注保值率，主要用于周末短途；同时对价格是否值得仍有疑问，决策中会对比奥迪A7；奥迪Q7。,先围绕周末短途场景切入，再把保值率转化为可感知体验；对价格是否值得需结合竞品对比和真实用车成本解释。,公开资料方向拟定/模拟问卷样本,基于车型定位、价格段、能源形式、公开车主口碑和公开用户画像报告拟定；仅用于产品Demo，不代表真实调研结果。,2024增换购用户需求洞察｜汽车之家研究院,https://www.autohome.com.cn/news/202409/1300865.html
S065-02,大众,途锐,途锐,50.88-79.38万,60-70万,传统燃料,SUV,中大型,6座,重庆市,2026-07-01,46岁以上,男,企业高管/企业主,100万以上,三代同堂,3人,是,是,BBA/传统豪华车,换购,BBA/传统豪华车,50-80万,初步了解,2周-1个月,父母参与,车主评价；子女；父母,通勤代步；品牌升级；换新能源,家庭出行；城市通勤,品牌直营店/4S店；车主群/社群讨论,否,价格权益；保值率；驾驶质感；乘坐舒适,希望同预算下配置和权益更划算,售后维修成本；高端服务体验,奥迪Q7；坦克700新能源,倾向本品,待定,,受访者关注价格权益，主要用于家庭出行；同时对售后维修成本仍有疑问，决策中会对比奥迪Q7；坦克700新能源。,先围绕家庭出行场景切入，再把价格权益转化为可感知体验；对售后维修成本需结合竞品对比和真实用车成本解释。,公开资料方向拟定/模拟问卷样本,基于车型定位、价格段、能源形式、公开车主口碑和公开用户画像报告拟定；仅用于产品Demo，不代表真实调研结果。,2024增换购用户需求洞察｜汽车之家研究院,https://www.autohome.com.cn/news/202409/1300865.html
S065-03,大众,途锐,途锐,50.88-79.38万,60-70万,传统燃料,SUV,中大型,6座,陕西省,2026-08-05,36-40岁,女,企业高管/企业主,80-100万,已婚一孩,1人,是,是,家中已有燃油车,增购,家中已有燃油车,50-80万,初步了解,2个月以上,家庭共同决策,子女；KOL/博主,通勤代步；家庭出行升级,城市通勤；长途自驾,车主群/社群讨论；懂车帝/汽车之家口碑；品牌直营店/4S店,是,豪华感/质感；可靠性；家庭适配,希望兼顾家人乘坐和周末出行,权益透明度；第三排舒适性；油耗是否偏高,坦克700新能源；发现；雷克萨斯RX,继续比较,待定,,受访者关注豪华感/质感，主要用于城市通勤；同时对权益透明度仍有疑问，决策中会对比坦克700新能源；发现；雷克萨斯RX。,先围绕城市通勤场景切入，再把豪华感/质感转化为可感知体验；对权益透明度需结合竞品对比和真实用车成本解释。,公开资料方向拟定/模拟问卷样本,基于车型定位、价格段、能源形式、公开车主口碑和公开用户画像报告拟定；仅用于产品Demo，不代表真实调研结果。,2024增换购用户需求洞察｜汽车之家研究院,https://www.autohome.com.cn/news/202409/1300865.html
S065-04,大众,途锐,途锐,50.88-79.38万,60-70万,传统燃料,SUV,中大型,6座,河南省,2026-06-11,41-45岁,女,金融/地产从业者,50-80万,已婚二孩及以上,2人,是,否,家中已有新能源车,增购,家中已有新能源车,50-80万,已试驾,1-2个月,本人+配偶,配偶；车主评价,品牌升级；家庭出行升级,城市通勤；周末短途；家庭出行,懂车帝/汽车之家口碑；品牌直营店/4S店,是,安全性；空间舒适；价格权益,希望兼顾家人乘坐和周末出行；希望同预算下配置和权益更划算,保值率；售后维修成本；保养维修费用,发现；雷克萨斯RX,继续比较,待定,,受访者关注安全性，主要用于城市通勤；同时对保值率仍有疑问，决策中会对比发现；雷克萨斯RX。,先围绕城市通勤场景切入，再把安全性转化为可感知体验；对保值率需结合竞品对比和真实用车成本解释。,公开资料方向拟定/模拟问卷样本,基于车型定位、价格段、能源形式、公开车主口碑和公开用户画像报告拟定；仅用于产品Demo，不代表真实调研结果。,2024增换购用户需求洞察｜汽车之家研究院,https://www.autohome.com.cn/news/202409/1300865.html
S065-05,大众,途锐,途锐,50.88-79.38万,60-70万,传统燃料,SUV,中大型,6座,湖北省,2026-08-25,41-45岁,女,企业高管/企业主,80-100万,已婚一孩,3人,是,是,家中已有燃油车,增购,家中已有燃油车,50-80万,已试驾,2个月以上,家庭共同决策,父母；车主评价；配偶,空间升级；品牌升级；家庭品质升级,城市通勤；多成员家庭出行；长途自驾,懂车帝/汽车之家口碑；品牌直营店/4S店,是,价格权益；家庭适配；豪华感/质感,希望兼顾家人乘坐和周末出行；希望同预算下配置和权益更划算,价格是否值得；高端服务体验,雷克萨斯RX；奥迪A7,已下订,是,,受访者关注价格权益，主要用于城市通勤；同时对价格是否值得仍有疑问，决策中会对比雷克萨斯RX；奥迪A7。,先围绕城市通勤场景切入，再把价格权益转化为可感知体验；对价格是否值得需结合竞品对比和真实用车成本解释。,公开资料方向拟定/模拟问卷样本,基于车型定位、价格段、能源形式、公开车主口碑和公开用户画像报告拟定；仅用于产品Demo，不代表真实调研结果。,2024增换购用户需求洞察｜汽车之家研究院,https://www.autohome.com.cn/news/202409/1300865.html
S065-06,大众,途锐,途锐,50.88-79.38万,60-70万,传统燃料,SUV,中大型,6座,山东省,2026-06-17,36-40岁,不便透露,私营业主/个体经营者,80-100万,三代同堂,5人及以上,是,是,BBA/传统豪华车,换购,BBA/传统豪华车,50-80万,已试驾,1-2个月,本人+配偶,配偶；父母,家庭出行升级；家庭品质升级,周末短途；多成员家庭出行；城市通勤,朋友/同事推荐；品牌直营店/4S店,是,保值率；乘坐舒适；空间舒适,希望兼顾家人乘坐和周末出行,保养维修费用；保值率,奥迪A7；奥迪Q7；坦克700新能源,倾向本品,待定,,受访者关注保值率，主要用于周末短途；同时对保养维修费用仍有疑问，决策中会对比奥迪A7；奥迪Q7；坦克700新能源。,先围绕周末短途场景切入，再把保值率转化为可感知体验；对保养维修费用需结合竞品对比和真实用车成本解释。,公开资料方向拟定/模拟问卷样本,基于车型定位、价格段、能源形式、公开车主口碑和公开用户画像报告拟定；仅用于产品Demo，不代表真实调研结果。,2024增换购用户需求洞察｜汽车之家研究院,https://www.autohome.com.cn/news/202409/1300865.html
S065-07,大众,途锐,途锐,50.88-79.38万,60-70万,传统燃料,SUV,中大型,6座,江苏省,2026-08-03,31-35岁,男,企业高管/企业主,50-80万,已婚一孩,2人,是,是,无车,首购,无车,50-80万,对比评估,2周-1个月,家庭共同决策,车主评价；子女；KOL/博主,家庭品质升级；家庭出行升级；品牌升级,长途自驾；多成员家庭出行；家庭出行,小红书/抖音内容；车主群/社群讨论；懂车帝/汽车之家口碑,是,售后服务；价格权益；安全性,希望同预算下配置和权益更划算,停车便利性；保养维修费用；车身尺寸是否好开,奥迪Q7；坦克700新能源,倾向本品,待定,,受访者关注售后服务，主要用于长途自驾；同时对停车便利性仍有疑问，决策中会对比奥迪Q7；坦克700新能源。,先围绕长途自驾场景切入，再把售后服务转化为可感知体验；对停车便利性需结合竞品对比和真实用车成本解释。,公开资料方向拟定/模拟问卷样本,基于车型定位、价格段、能源形式、公开车主口碑和公开用户画像报告拟定；仅用于产品Demo，不代表真实调研结果。,2024增换购用户需求洞察｜汽车之家研究院,https://www.autohome.com.cn/news/202409/1300865.html
S065-08,大众,途锐,途锐,50.88-79.38万,60-70万,传统燃料,SUV,中大型,6座,陕西省,2026-06-21,41-45岁,男,私营业主/个体经营者,80-100万,已婚一孩,3人,是,否,无车,首购,无车,50-80万,已试驾,1-2个月,家庭共同决策,子女；父母；配偶,通勤代步；品牌升级；商务接待,家庭出行；接送孩子,品牌直营店/4S店；懂车帝/汽车之家口碑；朋友/同事推荐,是,第三排/多人乘坐；保值率；豪华感/质感；品牌认知,在意品牌形象和商务/社交场景认可度,售后维修成本；第三排舒适性,坦克700新能源；发现,价格合适会买,待定,,受访者关注第三排/多人乘坐，主要用于家庭出行；同时对售后维修成本仍有疑问，决策中会对比坦克700新能源；发现。,先围绕家庭出行场景切入，再把第三排/多人乘坐转化为可感知体验；对售后维修成本需结合竞品对比和真实用车成本解释。,公开资料方向拟定/模拟问卷样本,基于车型定位、价格段、能源形式、公开车主口碑和公开用户画像报告拟定；仅用于产品Demo，不代表真实调研结果。,2024增换购用户需求洞察｜汽车之家研究院,https://www.autohome.com.cn/news/202409/1300865.html
S066-01,极氪,极氪009,极氪009,43.98-89.90万,60-70万,纯电动,MPV,中大型,4座；6座；7座,湖北省,2026-07-08,41-45岁,男,金融/地产从业者,80-100万,已婚二孩及以上,3人,是,否,BBA/传统豪华车,换购,BBA/传统豪华车,40-90万,流失/转向竞品,2个月以上,家庭共同决策,KOL/博主；配偶,商务接待；通勤代步,周末短途；多成员家庭出行,车主群/社群讨论；朋友/同事推荐；品牌直营店/4S店,是,售后服务；空间舒适；低使用成本；第三排/多人乘坐,希望兼顾家人乘坐和周末出行,停车便利性；竞品是否更强；售后网络是否成熟,岚图梦想家；腾势D9,已购,是,,受访者关注售后服务，主要用于周末短途；同时对停车便利性仍有疑问，决策中会对比岚图梦想家；腾势D9。,先围绕周末短途场景切入，再把售后服务转化为可感知体验；对停车便利性需结合竞品对比和真实用车成本解释。,公开资料方向拟定/模拟问卷样本,基于车型定位、价格段、能源形式、公开车主口碑和公开用户画像报告拟定；仅用于产品Demo，不代表真实调研结果。,2024增换购用户需求洞察｜汽车之家研究院,https://www.autohome.com.cn/news/202409/1300865.html
S066-02,极氪,极氪009,极氪009,43.98-89.90万,60-70万,纯电动,MPV,中大型,4座；6座；7座,湖南省,2026-08-10,41-45岁,男,企业高管/企业主,80-100万,三代同堂,1人,是,是,BBA/传统豪华车,换购,BBA/传统豪华车,40-90万,对比评估,2个月以上,家庭共同决策,父母；KOL/博主；车主评价,家庭出行升级；智能化体验,充电便利场景；长途自驾；多成员家庭出行,品牌直营店/4S店；小红书/抖音内容,是,智能驾驶；低使用成本；保值率,希望降低通勤和长途驾驶压力,智能化是否稳定；高端服务体验；售后维修成本,腾势D9；智界V9,已下订,是,,受访者关注智能驾驶，主要用于充电便利场景；同时对智能化是否稳定仍有疑问，决策中会对比腾势D9；智界V9。,先围绕充电便利场景场景切入，再把智能驾驶转化为可感知体验；对智能化是否稳定需结合竞品对比和真实用车成本解释。,公开资料方向拟定/模拟问卷样本,基于车型定位、价格段、能源形式、公开车主口碑和公开用户画像报告拟定；仅用于产品Demo，不代表真实调研结果。,2024增换购用户需求洞察｜汽车之家研究院,https://www.autohome.com.cn/news/202409/1300865.html
S066-03,极氪,极氪009,极氪009,43.98-89.90万,60-70万,纯电动,MPV,中大型,4座；6座；7座,江苏省,2026-07-19,46岁以上,男,私营业主/个体经营者,100万以上,已婚二孩及以上,4人,是,是,BBA/传统豪华车,换购,BBA/传统豪华车,40-90万,已试驾,2个月以上,家庭共同决策,KOL/博主；子女；车主评价,品牌升级；低成本出行,周末短途；多成员家庭出行,小红书/抖音内容；朋友/同事推荐,是,价格权益；乘坐舒适；家庭适配；第三排/多人乘坐,希望兼顾家人乘坐和周末出行；希望同预算下配置和权益更划算,保值率；售后网络是否成熟；权益透明度,智界V9；途锐；路虎卫士,价格合适会买,待定,,受访者关注价格权益，主要用于周末短途；同时对保值率仍有疑问，决策中会对比智界V9；途锐；路虎卫士。,先围绕周末短途场景切入，再把价格权益转化为可感知体验；对保值率需结合竞品对比和真实用车成本解释。,公开资料方向拟定/模拟问卷样本,基于车型定位、价格段、能源形式、公开车主口碑和公开用户画像报告拟定；仅用于产品Demo，不代表真实调研结果。,2024增换购用户需求洞察｜汽车之家研究院,https://www.autohome.com.cn/news/202409/1300865.html
S066-04,极氪,极氪009,极氪009,43.98-89.90万,60-70万,纯电动,MPV,中大型,4座；6座；7座,湖南省,2026-07-28,36-40岁,男,企业高管/企业主,100万以上,三代同堂,3人,是,是,BBA/传统豪华车,换购,BBA/传统豪华车,40-90万,已下订,2个月以上,本人+配偶,父母；车主评价；KOL/博主,商务接待；低成本出行,周末短途；接送孩子；家庭出行,品牌直营店/4S店；朋友/同事推荐；懂车帝/汽车之家口碑,否,智能座舱；保值率；豪华感/质感,希望在预算内获得更稳定的综合体验,售后维修成本；停车便利性；价格是否值得,途锐；路虎卫士,价格合适会买,待定,,受访者关注智能座舱，主要用于周末短途；同时对售后维修成本仍有疑问，决策中会对比途锐；路虎卫士。,先围绕周末短途场景切入，再把智能座舱转化为可感知体验；对售后维修成本需结合竞品对比和真实用车成本解释。,公开资料方向拟定/模拟问卷样本,基于车型定位、价格段、能源形式、公开车主口碑和公开用户画像报告拟定；仅用于产品Demo，不代表真实调研结果。,2024增换购用户需求洞察｜汽车之家研究院,https://www.autohome.com.cn/news/202409/1300865.html
S066-05,极氪,极氪009,极氪009,43.98-89.90万,60-70万,纯电动,MPV,中大型,4座；6座；7座,江苏省,2026-08-01,46岁以上,男,企业高管/企业主,50-80万,已婚一孩,1人,是,是,家中已有燃油车,增购,家中已有燃油车,40-90万,对比评估,1-2个月,本人+配偶,配偶；子女；父母,智能化体验；家庭品质升级,多成员家庭出行；城市通勤,品牌直营店/4S店；小红书/抖音内容,是,豪华感/质感；家庭适配；售后服务,希望兼顾家人乘坐和周末出行,售后维修成本；保值率,路虎卫士；岚图梦想家,价格合适会买,待定,,受访者关注豪华感/质感，主要用于多成员家庭出行；同时对售后维修成本仍有疑问，决策中会对比路虎卫士；岚图梦想家。,先围绕多成员家庭出行场景切入，再把豪华感/质感转化为可感知体验；对售后维修成本需结合竞品对比和真实用车成本解释。,公开资料方向拟定/模拟问卷样本,基于车型定位、价格段、能源形式、公开车主口碑和公开用户画像报告拟定；仅用于产品Demo，不代表真实调研结果。,2024增换购用户需求洞察｜汽车之家研究院,https://www.autohome.com.cn/news/202409/1300865.html
S066-06,极氪,极氪009,极氪009,43.98-89.90万,60-70万,纯电动,MPV,中大型,4座；6座；7座,安徽省,2026-08-25,31-35岁,不便透露,私营业主/个体经营者,50-80万,已婚二孩及以上,4人,是,否,BBA/传统豪华车,换购,BBA/传统豪华车,40-90万,已试驾,2个月以上,本人+配偶,父母；配偶；车主评价,低成本出行；通勤代步,充电便利场景；家庭出行,小红书/抖音内容；KOL评测；品牌直营店/4S店,是,空间舒适；乘坐舒适；价格权益,希望兼顾家人乘坐和周末出行；希望同预算下配置和权益更划算,第三排舒适性；售后维修成本；保值率,岚图梦想家；腾势D9；智界V9,继续比较,待定,,受访者关注空间舒适，主要用于充电便利场景；同时对第三排舒适性仍有疑问，决策中会对比岚图梦想家；腾势D9；智界V9。,先围绕充电便利场景场景切入，再把空间舒适转化为可感知体验；对第三排舒适性需结合竞品对比和真实用车成本解释。,公开资料方向拟定/模拟问卷样本,基于车型定位、价格段、能源形式、公开车主口碑和公开用户画像报告拟定；仅用于产品Demo，不代表真实调研结果。,2024增换购用户需求洞察｜汽车之家研究院,https://www.autohome.com.cn/news/202409/1300865.html
S066-07,极氪,极氪009,极氪009,43.98-89.90万,60-70万,纯电动,MPV,中大型,4座；6座；7座,北京市,2026-07-02,36-40岁,男,企业高管/企业主,100万以上,已婚二孩及以上,4人,是,否,BBA/传统豪华车,换购,BBA/传统豪华车,40-90万,已试驾,2个月以上,家庭共同决策,配偶；子女,空间升级；换新能源,长途自驾；家庭出行；充电便利场景,朋友/同事推荐；车主群/社群讨论,否,智能座舱；低使用成本；价格权益,希望同预算下配置和权益更划算,车身尺寸是否好开；保值率；第三排舒适性,腾势D9；智界V9,倾向本品,待定,,受访者关注智能座舱，主要用于长途自驾；同时对车身尺寸是否好开仍有疑问，决策中会对比腾势D9；智界V9。,先围绕长途自驾场景切入，再把智能座舱转化为可感知体验；对车身尺寸是否好开需结合竞品对比和真实用车成本解释。,公开资料方向拟定/模拟问卷样本,基于车型定位、价格段、能源形式、公开车主口碑和公开用户画像报告拟定；仅用于产品Demo，不代表真实调研结果。,2024增换购用户需求洞察｜汽车之家研究院,https://www.autohome.com.cn/news/202409/1300865.html
S066-08,极氪,极氪009,极氪009,43.98-89.90万,60-70万,纯电动,MPV,中大型,4座；6座；7座,四川省,2026-07-15,36-40岁,男,企业高管/企业主,80-100万,已婚一孩,3人,是,否,BBA/传统豪华车,换购,BBA/传统豪华车,40-90万,已下订,1-2个月,本人+配偶,子女；车主评价,空间升级；低成本出行；商务接待,城市通勤；充电便利场景；周末短途,朋友/同事推荐；品牌直营店/4S店,否,家庭适配；第三排/多人乘坐；价格权益,希望兼顾家人乘坐和周末出行；希望同预算下配置和权益更划算,车身尺寸是否好开；竞品是否更强,智界V9；途锐,倾向本品,待定,,受访者关注家庭适配，主要用于城市通勤；同时对车身尺寸是否好开仍有疑问，决策中会对比智界V9；途锐。,先围绕城市通勤场景切入，再把家庭适配转化为可感知体验；对车身尺寸是否好开需结合竞品对比和真实用车成本解释。,公开资料方向拟定/模拟问卷样本,基于车型定位、价格段、能源形式、公开车主口碑和公开用户画像报告拟定；仅用于产品Demo，不代表真实调研结果。,2024增换购用户需求洞察｜汽车之家研究院,https://www.autohome.com.cn/news/202409/1300865.html
S067-01,奥迪（进口）,奥迪Q7,奥迪Q7,60.98-80.48万,70-80万,传统燃料；常规混合动力,SUV,中大型,5座；7座,浙江省,2026-06-07,31-35岁,男,私营业主/个体经营者,50-80万,商务/个人用车,4人,否,否,BBA/传统豪华车,换购,BBA/传统豪华车,60-90万,已试驾,1-2个月,本人,朋友/同事；车主评价；KOL/博主,家庭兼商务；换新能源,周末短途；城市通勤；长途自驾,朋友/同事推荐；品牌直营店/4S店；懂车帝/汽车之家口碑,是,家庭适配；豪华感/质感；安全性；商务形象,希望兼顾家人乘坐和周末出行,价格是否值得；保养维修成本；保养维修费用,途锐；奥迪A7,价格合适会买,待定,,受访者关注家庭适配，主要用于周末短途；同时对价格是否值得仍有疑问，决策中会对比途锐；奥迪A7。,先围绕周末短途场景切入，再把家庭适配转化为可感知体验；对价格是否值得需结合竞品对比和真实用车成本解释。,公开资料方向拟定/模拟问卷样本,基于车型定位、价格段、能源形式、公开车主口碑和公开用户画像报告拟定；仅用于产品Demo，不代表真实调研结果。,奥迪A6L公开车主口碑｜懂车帝,https://www.dongchedi.com/auto/series/score/99-x-S0-P107-x-x-x
S067-02,奥迪（进口）,奥迪Q7,奥迪Q7,60.98-80.48万,70-80万,传统燃料；常规混合动力,SUV,中大型,5座；7座,重庆市,2026-07-02,36-40岁,不便透露,公务员/事业单位,50-80万,已婚一孩,4人,是,否,BBA/传统豪华车,换购,BBA/传统豪华车,60-90万,已试驾,2个月以上,本人+配偶,子女；父母,通勤代步；换新能源；家庭品质升级,多成员家庭出行；周末短途,车主群/社群讨论；小红书/抖音内容；品牌直营店/4S店,否,第三排/多人乘坐；乘坐舒适；商务形象,希望在预算内获得更稳定的综合体验,停车便利性；车机/智能化是否落后；权益透明度,奥迪A7；发现,价格合适会买,待定,,受访者关注第三排/多人乘坐，主要用于多成员家庭出行；同时对停车便利性仍有疑问，决策中会对比奥迪A7；发现。,先围绕多成员家庭出行场景切入，再把第三排/多人乘坐转化为可感知体验；对停车便利性需结合竞品对比和真实用车成本解释。,公开资料方向拟定/模拟问卷样本,基于车型定位、价格段、能源形式、公开车主口碑和公开用户画像报告拟定；仅用于产品Demo，不代表真实调研结果。,奥迪A6L公开车主口碑｜懂车帝,https://www.dongchedi.com/auto/series/score/99-x-S0-P107-x-x-x
S067-03,奥迪（进口）,奥迪Q7,奥迪Q7,60.98-80.48万,70-80万,传统燃料；常规混合动力,SUV,中大型,5座；7座,四川省,2026-08-23,31-35岁,女,公务员/事业单位,80-100万,商务/个人用车,3人,否,是,BBA/传统豪华车,换购,BBA/传统豪华车,60-90万,已购/用车复盘,1-2个月,本人,KOL/博主；朋友/同事,家庭品质升级；换新能源,城市通勤；周末短途；多成员家庭出行,小红书/抖音内容；车主群/社群讨论；KOL评测,是,后排空间；优惠力度；价格权益,希望同预算下配置和权益更划算,权益透明度；后排地台隆起；停车便利性,发现；沃尔沃XC90；宝马X5,价格合适会买,待定,,受访者关注后排空间，主要用于城市通勤；同时对权益透明度仍有疑问，决策中会对比发现；沃尔沃XC90；宝马X5。,先围绕城市通勤场景切入，再把后排空间转化为可感知体验；对权益透明度需结合竞品对比和真实用车成本解释。,公开资料方向拟定/模拟问卷样本,基于车型定位、价格段、能源形式、公开车主口碑和公开用户画像报告拟定；仅用于产品Demo，不代表真实调研结果。,奥迪A6L公开车主口碑｜懂车帝,https://www.dongchedi.com/auto/series/score/99-x-S0-P107-x-x-x
S067-04,奥迪（进口）,奥迪Q7,奥迪Q7,60.98-80.48万,70-80万,传统燃料；常规混合动力,SUV,中大型,5座；7座,安徽省,2026-08-08,36-40岁,女,私营业主/个体经营者,80-100万,已婚二孩及以上,2人,是,否,家中已有新能源车,增购,家中已有新能源车,60-90万,对比评估,1-2个月,本人+配偶,车主评价；父母；配偶,家庭兼商务；品牌升级,周末短途；长途自驾；多成员家庭出行,品牌直营店/4S店；KOL评测；车主群/社群讨论,是,空间舒适；家庭适配；可靠性；商务形象,希望兼顾家人乘坐和周末出行,保养维修成本；车机智能化不足,沃尔沃XC90；宝马X5,继续比较,待定,,受访者关注空间舒适，主要用于周末短途；同时对保养维修成本仍有疑问，决策中会对比沃尔沃XC90；宝马X5。,先围绕周末短途场景切入，再把空间舒适转化为可感知体验；对保养维修成本需结合竞品对比和真实用车成本解释。,公开资料方向拟定/模拟问卷样本,基于车型定位、价格段、能源形式、公开车主口碑和公开用户画像报告拟定；仅用于产品Demo，不代表真实调研结果。,奥迪A6L公开车主口碑｜懂车帝,https://www.dongchedi.com/auto/series/score/99-x-S0-P107-x-x-x
S067-05,奥迪（进口）,奥迪Q7,奥迪Q7,60.98-80.48万,70-80万,传统燃料；常规混合动力,SUV,中大型,5座；7座,浙江省,2026-07-04,46岁以上,男,企业高管/企业主,30-50万,商务/个人用车,4人,否,否,家中已有燃油车,增购,家中已有燃油车,60-90万,价格谈判,2个月以上,本人+配偶,KOL/博主；朋友/同事；销售顾问,品牌升级；商务接待；空间升级,长途自驾；家庭出行,KOL评测；品牌直营店/4S店；车主群/社群讨论,否,品牌体面感；豪华感/质感；价格权益；售后服务,在意品牌形象和商务/社交场景认可度；希望同预算下配置和权益更划算,油耗是否偏高；车身尺寸是否好开,宝马X5；途锐,转向竞品,否,家人更认可竞品,受访者关注品牌体面感，主要用于长途自驾；同时对油耗是否偏高仍有疑问，决策中会对比宝马X5；途锐。,先围绕长途自驾场景切入，再把品牌体面感转化为可感知体验；对油耗是否偏高需结合竞品对比和真实用车成本解释。,公开资料方向拟定/模拟问卷样本,基于车型定位、价格段、能源形式、公开车主口碑和公开用户画像报告拟定；仅用于产品Demo，不代表真实调研结果。,奥迪A6L公开车主口碑｜懂车帝,https://www.dongchedi.com/auto/series/score/99-x-S0-P107-x-x-x
S067-06,奥迪（进口）,奥迪Q7,奥迪Q7,60.98-80.48万,70-80万,传统燃料；常规混合动力,SUV,中大型,5座；7座,山东省,2026-07-28,36-40岁,女,中基层管理者,80-100万,已婚一孩,5人及以上,是,否,BBA/传统豪华车,换购,BBA/传统豪华车,60-90万,已购/用车复盘,2个月以上,本人+配偶,父母；配偶,家庭兼商务；家庭品质升级,接送孩子；多成员家庭出行,小红书/抖音内容；车主群/社群讨论,否,价格权益；静谧性；品牌认知；驾驶质感,在意品牌形象和商务/社交场景认可度；希望同预算下配置和权益更划算,停车便利性；保养维修费用；第三排舒适性,途锐；奥迪A7；发现,已购,是,,受访者关注价格权益，主要用于接送孩子；同时对停车便利性仍有疑问，决策中会对比途锐；奥迪A7；发现。,先围绕接送孩子场景切入，再把价格权益转化为可感知体验；对停车便利性需结合竞品对比和真实用车成本解释。,公开资料方向拟定/模拟问卷样本,基于车型定位、价格段、能源形式、公开车主口碑和公开用户画像报告拟定；仅用于产品Demo，不代表真实调研结果。,奥迪A6L公开车主口碑｜懂车帝,https://www.dongchedi.com/auto/series/score/99-x-S0-P107-x-x-x
S067-07,奥迪（进口）,奥迪Q7,奥迪Q7,60.98-80.48万,70-80万,传统燃料；常规混合动力,SUV,中大型,5座；7座,重庆市,2026-06-18,36-40岁,女,企业高管/企业主,80-100万,已婚二孩及以上,4人,是,是,家中已有燃油车,增购,家中已有燃油车,60-90万,对比评估,2个月以上,企业/业务需求,子女；车主评价,家庭出行升级；空间升级；通勤代步,家庭出行；周末短途；长途自驾,懂车帝/汽车之家口碑；品牌直营店/4S店；小红书/抖音内容,是,第三排/多人乘坐；家庭适配；保值率,希望兼顾家人乘坐和周末出行,车机智能化不足；车身尺寸是否好开,奥迪A7；发现,倾向本品,待定,,受访者关注第三排/多人乘坐，主要用于家庭出行；同时对车机智能化不足仍有疑问，决策中会对比奥迪A7；发现。,先围绕家庭出行场景切入，再把第三排/多人乘坐转化为可感知体验；对车机智能化不足需结合竞品对比和真实用车成本解释。,公开资料方向拟定/模拟问卷样本,基于车型定位、价格段、能源形式、公开车主口碑和公开用户画像报告拟定；仅用于产品Demo，不代表真实调研结果。,奥迪A6L公开车主口碑｜懂车帝,https://www.dongchedi.com/auto/series/score/99-x-S0-P107-x-x-x
S067-08,奥迪（进口）,奥迪Q7,奥迪Q7,60.98-80.48万,70-80万,传统燃料；常规混合动力,SUV,中大型,5座；7座,广东省,2026-07-05,31-35岁,女,中基层管理者,30-50万,已婚二孩及以上,2人,是,是,家中已有新能源车,增购,家中已有新能源车,60-90万,已试驾,1-2个月,企业/业务需求,父母；配偶；车主评价,商务接待；换新能源,城市通勤；接送孩子,懂车帝/汽车之家口碑；KOL评测；朋友/同事推荐,是,品牌认知；可靠性；第三排/多人乘坐,在意品牌形象和商务/社交场景认可度,高端服务体验；保养维修费用；停车便利性,发现；沃尔沃XC90,倾向本品,待定,,受访者关注品牌认知，主要用于城市通勤；同时对高端服务体验仍有疑问，决策中会对比发现；沃尔沃XC90。,先围绕城市通勤场景切入，再把品牌认知转化为可感知体验；对高端服务体验需结合竞品对比和真实用车成本解释。,公开资料方向拟定/模拟问卷样本,基于车型定位、价格段、能源形式、公开车主口碑和公开用户画像报告拟定；仅用于产品Demo，不代表真实调研结果。,奥迪A6L公开车主口碑｜懂车帝,https://www.dongchedi.com/auto/series/score/99-x-S0-P107-x-x-x
S067-09,奥迪（进口）,奥迪Q7,奥迪Q7,60.98-80.48万,70-80万,传统燃料；常规混合动力,SUV,中大型,5座；7座,安徽省,2026-06-07,31-35岁,男,企业高管/企业主,30-50万,商务/个人用车,3人,否,否,无车,首购,无车,60-90万,对比评估,1-2个月,本人,KOL/博主；销售顾问；车主评价,空间升级；换新能源,家庭出行；接送孩子；多成员家庭出行,车主群/社群讨论；朋友/同事推荐,是,乘坐舒适；商务形象；家庭适配；安全性,希望兼顾家人乘坐和周末出行,后排地台隆起；车机/智能化是否落后,沃尔沃XC90；宝马X5；途锐,倾向本品,待定,,受访者关注乘坐舒适，主要用于家庭出行；同时对后排地台隆起仍有疑问，决策中会对比沃尔沃XC90；宝马X5；途锐。,先围绕家庭出行场景切入，再把乘坐舒适转化为可感知体验；对后排地台隆起需结合竞品对比和真实用车成本解释。,公开资料方向拟定/模拟问卷样本,基于车型定位、价格段、能源形式、公开车主口碑和公开用户画像报告拟定；仅用于产品Demo，不代表真实调研结果。,奥迪A6L公开车主口碑｜懂车帝,https://www.dongchedi.com/auto/series/score/99-x-S0-P107-x-x-x
S067-10,奥迪（进口）,奥迪Q7,奥迪Q7,60.98-80.48万,70-80万,传统燃料；常规混合动力,SUV,中大型,5座；7座,山东省,2026-07-20,36-40岁,女,私营业主/个体经营者,50-80万,商务/个人用车,3人,否,是,无车,首购,无车,60-90万,初步了解,2个月以上,企业/业务需求,朋友/同事；车主评价；KOL/博主,通勤代步；家庭出行升级；换新能源,家庭出行；多成员家庭出行,车主群/社群讨论；懂车帝/汽车之家口碑,否,豪华感/质感；安全性；静谧性；品牌认知,在意品牌形象和商务/社交场景认可度,车机/智能化是否落后；高端服务体验；车身尺寸是否好开,宝马X5；途锐,继续比较,待定,,受访者关注豪华感/质感，主要用于家庭出行；同时对车机/智能化是否落后仍有疑问，决策中会对比宝马X5；途锐。,先围绕家庭出行场景切入，再把豪华感/质感转化为可感知体验；对车机/智能化是否落后需结合竞品对比和真实用车成本解释。,公开资料方向拟定/模拟问卷样本,基于车型定位、价格段、能源形式、公开车主口碑和公开用户画像报告拟定；仅用于产品Demo，不代表真实调研结果。,奥迪A6L公开车主口碑｜懂车帝,https://www.dongchedi.com/auto/series/score/99-x-S0-P107-x-x-x
S067-11,奥迪（进口）,奥迪Q7,奥迪Q7,60.98-80.48万,70-80万,传统燃料；常规混合动力,SUV,中大型,5座；7座,四川省,2026-08-08,36-40岁,男,金融/地产从业者,100万以上,已婚二孩及以上,4人,是,是,无车,首购,无车,60-90万,对比评估,2个月以上,本人+配偶,父母；车主评价,品牌升级；家庭出行升级,多成员家庭出行；周末短途；家庭出行,懂车帝/汽车之家口碑；品牌直营店/4S店；车主群/社群讨论,是,家庭适配；乘坐舒适；静谧性,希望兼顾家人乘坐和周末出行,保养维修成本；高端服务体验,途锐；奥迪A7,倾向本品,待定,,受访者关注家庭适配，主要用于多成员家庭出行；同时对保养维修成本仍有疑问，决策中会对比途锐；奥迪A7。,先围绕多成员家庭出行场景切入，再把家庭适配转化为可感知体验；对保养维修成本需结合竞品对比和真实用车成本解释。,公开资料方向拟定/模拟问卷样本,基于车型定位、价格段、能源形式、公开车主口碑和公开用户画像报告拟定；仅用于产品Demo，不代表真实调研结果。,奥迪A6L公开车主口碑｜懂车帝,https://www.dongchedi.com/auto/series/score/99-x-S0-P107-x-x-x
S067-12,奥迪（进口）,奥迪Q7,奥迪Q7,60.98-80.48万,70-80万,传统燃料；常规混合动力,SUV,中大型,5座；7座,四川省,2026-08-05,31-35岁,男,企业高管/企业主,80-100万,已婚无孩,1人,否,是,家中已有新能源车,增购,家中已有新能源车,60-90万,已试驾,1-2个月,企业/业务需求,车主评价；配偶；KOL/博主,通勤代步；换新能源；家庭兼商务,接送孩子；多成员家庭出行,懂车帝/汽车之家口碑；KOL评测；车主群/社群讨论,是,商务形象；驾驶质感；安全性,希望在预算内获得更稳定的综合体验,高端服务体验；配置性价比,奥迪A7；发现；沃尔沃XC90,倾向本品,待定,,受访者关注商务形象，主要用于接送孩子；同时对高端服务体验仍有疑问，决策中会对比奥迪A7；发现；沃尔沃XC90。,先围绕接送孩子场景切入，再把商务形象转化为可感知体验；对高端服务体验需结合竞品对比和真实用车成本解释。,公开资料方向拟定/模拟问卷样本,基于车型定位、价格段、能源形式、公开车主口碑和公开用户画像报告拟定；仅用于产品Demo，不代表真实调研结果。,奥迪A6L公开车主口碑｜懂车帝,https://www.dongchedi.com/auto/series/score/99-x-S0-P107-x-x-x
S067-13,奥迪（进口）,奥迪Q7,奥迪Q7,60.98-80.48万,70-80万,传统燃料；常规混合动力,SUV,中大型,5座；7座,重庆市,2026-06-20,31-35岁,女,中基层管理者,50-80万,已婚一孩,4人,是,是,无车,首购,无车,60-90万,已购/用车复盘,2个月以上,企业/业务需求,配偶；子女,家庭出行升级；家庭品质升级；空间升级,长途自驾；城市通勤,懂车帝/汽车之家口碑；品牌直营店/4S店,是,第三排/多人乘坐；品牌体面感；后排空间；价格权益,在意品牌形象和商务/社交场景认可度；希望同预算下配置和权益更划算,第三排舒适性；车机/智能化是否落后；售后维修成本,发现；沃尔沃XC90,倾向本品,待定,,受访者关注第三排/多人乘坐，主要用于长途自驾；同时对第三排舒适性仍有疑问，决策中会对比发现；沃尔沃XC90。,先围绕长途自驾场景切入，再把第三排/多人乘坐转化为可感知体验；对第三排舒适性需结合竞品对比和真实用车成本解释。,公开资料方向拟定/模拟问卷样本,基于车型定位、价格段、能源形式、公开车主口碑和公开用户画像报告拟定；仅用于产品Demo，不代表真实调研结果。,奥迪A6L公开车主口碑｜懂车帝,https://www.dongchedi.com/auto/series/score/99-x-S0-P107-x-x-x
S067-14,奥迪（进口）,奥迪Q7,奥迪Q7,60.98-80.48万,70-80万,传统燃料；常规混合动力,SUV,中大型,5座；7座,重庆市,2026-08-24,41-45岁,男,公务员/事业单位,30-50万,商务/个人用车,4人,否,否,无车,首购,无车,60-90万,已下订,2个月以上,本人+配偶,KOL/博主；车主评价；朋友/同事,家庭品质升级；家庭出行升级,长途自驾；家庭出行,朋友/同事推荐；懂车帝/汽车之家口碑；小红书/抖音内容,是,后排空间；乘坐舒适；安全性；静谧性,希望在预算内获得更稳定的综合体验,价格是否值得；保养维修费用,沃尔沃XC90；宝马X5,价格合适会买,待定,,受访者关注后排空间，主要用于长途自驾；同时对价格是否值得仍有疑问，决策中会对比沃尔沃XC90；宝马X5。,先围绕长途自驾场景切入，再把后排空间转化为可感知体验；对价格是否值得需结合竞品对比和真实用车成本解释。,公开资料方向拟定/模拟问卷样本,基于车型定位、价格段、能源形式、公开车主口碑和公开用户画像报告拟定；仅用于产品Demo，不代表真实调研结果。,奥迪A6L公开车主口碑｜懂车帝,https://www.dongchedi.com/auto/series/score/99-x-S0-P107-x-x-x
S067-15,奥迪（进口）,奥迪Q7,奥迪Q7,60.98-80.48万,70-80万,传统燃料；常规混合动力,SUV,中大型,5座；7座,安徽省,2026-06-03,46岁以上,不便透露,公务员/事业单位,50-80万,已婚二孩及以上,2人,是,否,家中已有燃油车,增购,家中已有燃油车,60-90万,价格谈判,1-2个月,本人,配偶；父母；KOL/博主,换新能源；品牌升级；家庭兼商务,周末短途；长途自驾,KOL评测；小红书/抖音内容；品牌直营店/4S店,否,第三排/多人乘坐；优惠力度；保值率,希望在预算内获得更稳定的综合体验,保值率；车机智能化不足；售后维修成本,宝马X5；途锐；奥迪A7,转向竞品,否,竞品价格更低,受访者关注第三排/多人乘坐，主要用于周末短途；同时对保值率仍有疑问，决策中会对比宝马X5；途锐；奥迪A7。,先围绕周末短途场景切入，再把第三排/多人乘坐转化为可感知体验；对保值率需结合竞品对比和真实用车成本解释。,公开资料方向拟定/模拟问卷样本,基于车型定位、价格段、能源形式、公开车主口碑和公开用户画像报告拟定；仅用于产品Demo，不代表真实调研结果。,奥迪A6L公开车主口碑｜懂车帝,https://www.dongchedi.com/auto/series/score/99-x-S0-P107-x-x-x
S067-16,奥迪（进口）,奥迪Q7,奥迪Q7,60.98-80.48万,70-80万,传统燃料；常规混合动力,SUV,中大型,5座；7座,江苏省,2026-07-22,36-40岁,男,金融/地产从业者,30-50万,已婚二孩及以上,3人,是,否,无车,首购,无车,60-90万,流失/转向竞品,2个月以上,本人+配偶,父母；配偶,品牌升级；空间升级,周末短途；长途自驾；城市通勤,朋友/同事推荐；车主群/社群讨论,是,品牌认知；商务形象；保值率,在意品牌形象和商务/社交场景认可度,停车便利性；第三排舒适性；价格是否值得,途锐；奥迪A7,价格合适会买,待定,,受访者关注品牌认知，主要用于周末短途；同时对停车便利性仍有疑问，决策中会对比途锐；奥迪A7。,先围绕周末短途场景切入，再把品牌认知转化为可感知体验；对停车便利性需结合竞品对比和真实用车成本解释。,公开资料方向拟定/模拟问卷样本,基于车型定位、价格段、能源形式、公开车主口碑和公开用户画像报告拟定；仅用于产品Demo，不代表真实调研结果。,奥迪A6L公开车主口碑｜懂车帝,https://www.dongchedi.com/auto/series/score/99-x-S0-P107-x-x-x
S067-17,奥迪（进口）,奥迪Q7,奥迪Q7,60.98-80.48万,70-80万,传统燃料；常规混合动力,SUV,中大型,5座；7座,上海市,2026-07-09,46岁以上,男,企业高管/企业主,50-80万,商务/个人用车,2人,否,否,BBA/传统豪华车,换购,BBA/传统豪华车,60-90万,已下订,1-2个月,本人,销售顾问；KOL/博主,空间升级；品牌升级；家庭出行升级,家庭出行；接送孩子,朋友/同事推荐；懂车帝/汽车之家口碑；车主群/社群讨论,是,售后服务；空间舒适；品牌体面感；家庭适配,希望兼顾家人乘坐和周末出行；在意品牌形象和商务/社交场景认可度,售后维修成本；价格是否值得；保值率,奥迪A7；发现,倾向本品,待定,,受访者关注售后服务，主要用于家庭出行；同时对售后维修成本仍有疑问，决策中会对比奥迪A7；发现。,先围绕家庭出行场景切入，再把售后服务转化为可感知体验；对售后维修成本需结合竞品对比和真实用车成本解释。,公开资料方向拟定/模拟问卷样本,基于车型定位、价格段、能源形式、公开车主口碑和公开用户画像报告拟定；仅用于产品Demo，不代表真实调研结果。,奥迪A6L公开车主口碑｜懂车帝,https://www.dongchedi.com/auto/series/score/99-x-S0-P107-x-x-x
S067-18,奥迪（进口）,奥迪Q7,奥迪Q7,60.98-80.48万,70-80万,传统燃料；常规混合动力,SUV,中大型,5座；7座,重庆市,2026-07-07,31-35岁,男,中基层管理者,80-100万,已婚一孩,3人,是,否,家中已有新能源车,增购,家中已有新能源车,60-90万,对比评估,1-2个月,企业/业务需求,车主评价；父母,家庭品质升级；通勤代步；商务接待,城市通勤；周末短途,品牌直营店/4S店；小红书/抖音内容,否,售后服务；第三排/多人乘坐；家庭适配,希望兼顾家人乘坐和周末出行,停车便利性；价格是否值得,发现；沃尔沃XC90；宝马X5,倾向本品,待定,,受访者关注售后服务，主要用于城市通勤；同时对停车便利性仍有疑问，决策中会对比发现；沃尔沃XC90；宝马X5。,先围绕城市通勤场景切入，再把售后服务转化为可感知体验；对停车便利性需结合竞品对比和真实用车成本解释。,公开资料方向拟定/模拟问卷样本,基于车型定位、价格段、能源形式、公开车主口碑和公开用户画像报告拟定；仅用于产品Demo，不代表真实调研结果。,奥迪A6L公开车主口碑｜懂车帝,https://www.dongchedi.com/auto/series/score/99-x-S0-P107-x-x-x
S067-19,奥迪（进口）,奥迪Q7,奥迪Q7,60.98-80.48万,70-80万,传统燃料；常规混合动力,SUV,中大型,5座；7座,湖南省,2026-07-28,36-40岁,男,公务员/事业单位,80-100万,已婚无孩,4人,否,否,BBA/传统豪华车,换购,BBA/传统豪华车,60-90万,已试驾,1-2个月,本人,车主评价；配偶；KOL/博主,家庭兼商务；家庭出行升级,多成员家庭出行；接送孩子；城市通勤,朋友/同事推荐；小红书/抖音内容；懂车帝/汽车之家口碑,是,后排空间；售后服务；静谧性；乘坐舒适,希望在预算内获得更稳定的综合体验,保养维修费用；售后维修成本,沃尔沃XC90；宝马X5,已购,是,,受访者关注后排空间，主要用于多成员家庭出行；同时对保养维修费用仍有疑问，决策中会对比沃尔沃XC90；宝马X5。,先围绕多成员家庭出行场景切入，再把后排空间转化为可感知体验；对保养维修费用需结合竞品对比和真实用车成本解释。,公开资料方向拟定/模拟问卷样本,基于车型定位、价格段、能源形式、公开车主口碑和公开用户画像报告拟定；仅用于产品Demo，不代表真实调研结果。,奥迪A6L公开车主口碑｜懂车帝,https://www.dongchedi.com/auto/series/score/99-x-S0-P107-x-x-x
S067-20,奥迪（进口）,奥迪Q7,奥迪Q7,60.98-80.48万,70-80万,传统燃料；常规混合动力,SUV,中大型,5座；7座,湖北省,2026-06-04,36-40岁,男,中基层管理者,80-100万,已婚二孩及以上,4人,是,是,无车,首购,无车,60-90万,已购/用车复盘,1-2个月,企业/业务需求,KOL/博主；车主评价；父母,空间升级；家庭品质升级；家庭兼商务,家庭出行；周末短途,朋友/同事推荐；品牌直营店/4S店；懂车帝/汽车之家口碑,是,售后服务；静谧性；乘坐舒适；商务形象,希望在预算内获得更稳定的综合体验,竞品是否更强；配置性价比；保养维修费用,宝马X5；途锐,已购,是,,受访者关注售后服务，主要用于家庭出行；同时对竞品是否更强仍有疑问，决策中会对比宝马X5；途锐。,先围绕家庭出行场景切入，再把售后服务转化为可感知体验；对竞品是否更强需结合竞品对比和真实用车成本解释。,公开资料方向拟定/模拟问卷样本,基于车型定位、价格段、能源形式、公开车主口碑和公开用户画像报告拟定；仅用于产品Demo，不代表真实调研结果。,奥迪A6L公开车主口碑｜懂车帝,https://www.dongchedi.com/auto/series/score/99-x-S0-P107-x-x-x
S068-01,路虎(进口),路虎卫士,路虎卫士,68.99-215.80万,100万以上,传统燃料；常规混合动力,SUV,中大型,5座；8座,湖南省,2026-08-16,46岁以上,女,中基层管理者,100万以上,三代同堂,3人,是,是,无车,首购,无车,60-220万,价格谈判,1-2个月,家庭共同决策,子女；车主评价；父母,商务接待；家庭出行升级；空间升级,城市通勤；周末短途,懂车帝/汽车之家口碑；品牌直营店/4S店,否,豪华感/质感；价格权益；品牌认知,在意品牌形象和商务/社交场景认可度；希望同预算下配置和权益更划算,售后维修成本；保值率,揽胜运动；揽胜,倾向本品,待定,,受访者关注豪华感/质感，主要用于城市通勤；同时对售后维修成本仍有疑问，决策中会对比揽胜运动；揽胜。,先围绕城市通勤场景切入，再把豪华感/质感转化为可感知体验；对售后维修成本需结合竞品对比和真实用车成本解释。,公开资料方向拟定/模拟问卷样本,基于车型定位、价格段、能源形式、公开车主口碑和公开用户画像报告拟定；仅用于产品Demo，不代表真实调研结果。,2024增换购用户需求洞察｜汽车之家研究院,https://www.autohome.com.cn/news/202409/1300865.html
S068-02,路虎(进口),路虎卫士,路虎卫士,68.99-215.80万,100万以上,传统燃料；常规混合动力,SUV,中大型,5座；8座,广东省,2026-07-02,36-40岁,男,企业高管/企业主,50-80万,三代同堂,1人,是,是,家中已有新能源车,增购,家中已有新能源车,60-220万,初步了解,1-2个月,家庭共同决策,KOL/博主；配偶；车主评价,空间升级；商务接待,家庭出行；周末短途,KOL评测；品牌直营店/4S店；车主群/社群讨论,否,空间舒适；价格权益；品牌认知；可靠性,希望兼顾家人乘坐和周末出行；在意品牌形象和商务/社交场景认可度；希望同预算下配置和权益更划算,保值率；保养维修费用；售后维修成本,揽胜；奥迪Q8,已购,是,,受访者关注空间舒适，主要用于家庭出行；同时对保值率仍有疑问，决策中会对比揽胜；奥迪Q8。,先围绕家庭出行场景切入，再把空间舒适转化为可感知体验；对保值率需结合竞品对比和真实用车成本解释。,公开资料方向拟定/模拟问卷样本,基于车型定位、价格段、能源形式、公开车主口碑和公开用户画像报告拟定；仅用于产品Demo，不代表真实调研结果。,2024增换购用户需求洞察｜汽车之家研究院,https://www.autohome.com.cn/news/202409/1300865.html
S068-03,路虎(进口),路虎卫士,路虎卫士,68.99-215.80万,100万以上,传统燃料；常规混合动力,SUV,中大型,5座；8座,江苏省,2026-07-09,46岁以上,男,私营业主/个体经营者,100万以上,已婚二孩及以上,4人,是,是,家中已有燃油车,增购,家中已有燃油车,60-220万,已试驾,2个月以上,本人+配偶,子女；KOL/博主；车主评价,通勤代步；家庭出行升级,家庭出行；周末短途,品牌直营店/4S店；小红书/抖音内容,是,保值率；乘坐舒适；豪华感/质感,希望在预算内获得更稳定的综合体验,竞品是否更强；车机/智能化是否落后；售后维修成本,奥迪Q8；Cayenne；奔驰GLE(进口),价格合适会买,待定,,受访者关注保值率，主要用于家庭出行；同时对竞品是否更强仍有疑问，决策中会对比奥迪Q8；Cayenne；奔驰GLE(进口)。,先围绕家庭出行场景切入，再把保值率转化为可感知体验；对竞品是否更强需结合竞品对比和真实用车成本解释。,公开资料方向拟定/模拟问卷样本,基于车型定位、价格段、能源形式、公开车主口碑和公开用户画像报告拟定；仅用于产品Demo，不代表真实调研结果。,2024增换购用户需求洞察｜汽车之家研究院,https://www.autohome.com.cn/news/202409/1300865.html
S068-04,路虎(进口),路虎卫士,路虎卫士,68.99-215.80万,100万以上,传统燃料；常规混合动力,SUV,中大型,5座；8座,陕西省,2026-06-03,31-35岁,男,企业高管/企业主,100万以上,三代同堂,2人,是,是,家中已有新能源车,增购,家中已有新能源车,60-220万,已购/用车复盘,1-2个月,本人+配偶,车主评价；KOL/博主,家庭出行升级；通勤代步；空间升级,周末短途；家庭出行,车主群/社群讨论；懂车帝/汽车之家口碑；小红书/抖音内容,是,豪华感/质感；保值率；可靠性,希望在预算内获得更稳定的综合体验,保值率；价格是否值得,Cayenne；奔驰GLE(进口),价格合适会买,待定,,受访者关注豪华感/质感，主要用于周末短途；同时对保值率仍有疑问，决策中会对比Cayenne；奔驰GLE(进口)。,先围绕周末短途场景切入，再把豪华感/质感转化为可感知体验；对保值率需结合竞品对比和真实用车成本解释。,公开资料方向拟定/模拟问卷样本,基于车型定位、价格段、能源形式、公开车主口碑和公开用户画像报告拟定；仅用于产品Demo，不代表真实调研结果。,2024增换购用户需求洞察｜汽车之家研究院,https://www.autohome.com.cn/news/202409/1300865.html
S068-05,路虎(进口),路虎卫士,路虎卫士,68.99-215.80万,100万以上,传统燃料；常规混合动力,SUV,中大型,5座；8座,上海市,2026-08-02,46岁以上,男,私营业主/个体经营者,50-80万,已婚二孩及以上,3人,是,否,家中已有燃油车,增购,家中已有燃油车,60-220万,流失/转向竞品,2个月以上,本人+配偶,KOL/博主；车主评价；父母,通勤代步；商务接待,周末短途；城市通勤；家庭出行,品牌直营店/4S店；KOL评测,是,空间舒适；品牌认知；乘坐舒适,希望兼顾家人乘坐和周末出行；在意品牌形象和商务/社交场景认可度,权益透明度；油耗是否偏高,奔驰GLE(进口)；揽胜运动,倾向本品,待定,,受访者关注空间舒适，主要用于周末短途；同时对权益透明度仍有疑问，决策中会对比奔驰GLE(进口)；揽胜运动。,先围绕周末短途场景切入，再把空间舒适转化为可感知体验；对权益透明度需结合竞品对比和真实用车成本解释。,公开资料方向拟定/模拟问卷样本,基于车型定位、价格段、能源形式、公开车主口碑和公开用户画像报告拟定；仅用于产品Demo，不代表真实调研结果。,2024增换购用户需求洞察｜汽车之家研究院,https://www.autohome.com.cn/news/202409/1300865.html
S068-06,路虎(进口),路虎卫士,路虎卫士,68.99-215.80万,100万以上,传统燃料；常规混合动力,SUV,中大型,5座；8座,广东省,2026-08-16,46岁以上,不便透露,私营业主/个体经营者,100万以上,已婚一孩,3人,是,否,家中已有新能源车,增购,家中已有新能源车,60-220万,已试驾,2个月以上,家庭共同决策,子女；配偶,换新能源；通勤代步；品牌升级,城市通勤；周末短途,懂车帝/汽车之家口碑；朋友/同事推荐；小红书/抖音内容,否,驾驶质感；安全性；售后服务；保值率,希望在预算内获得更稳定的综合体验,车机/智能化是否落后；权益透明度；售后维修成本,揽胜运动；揽胜；奥迪Q8,转向竞品,否,竞品智驾更强,受访者关注驾驶质感，主要用于城市通勤；同时对车机/智能化是否落后仍有疑问，决策中会对比揽胜运动；揽胜；奥迪Q8。,先围绕城市通勤场景切入，再把驾驶质感转化为可感知体验；对车机/智能化是否落后需结合竞品对比和真实用车成本解释。,公开资料方向拟定/模拟问卷样本,基于车型定位、价格段、能源形式、公开车主口碑和公开用户画像报告拟定；仅用于产品Demo，不代表真实调研结果。,2024增换购用户需求洞察｜汽车之家研究院,https://www.autohome.com.cn/news/202409/1300865.html
S068-07,路虎(进口),路虎卫士,路虎卫士,68.99-215.80万,100万以上,传统燃料；常规混合动力,SUV,中大型,5座；8座,河南省,2026-07-18,36-40岁,男,企业高管/企业主,80-100万,三代同堂,3人,是,是,家中已有燃油车,增购,家中已有燃油车,60-220万,初步了解,1-2个月,本人+配偶,KOL/博主；车主评价,通勤代步；商务接待；家庭出行升级,周末短途；家庭出行,车主群/社群讨论；朋友/同事推荐；小红书/抖音内容,否,价格权益；安全性；品牌认知；豪华感/质感,在意品牌形象和商务/社交场景认可度；希望同预算下配置和权益更划算,保值率；油耗是否偏高,揽胜；奥迪Q8,价格合适会买,待定,,受访者关注价格权益，主要用于周末短途；同时对保值率仍有疑问，决策中会对比揽胜；奥迪Q8。,先围绕周末短途场景切入，再把价格权益转化为可感知体验；对保值率需结合竞品对比和真实用车成本解释。,公开资料方向拟定/模拟问卷样本,基于车型定位、价格段、能源形式、公开车主口碑和公开用户画像报告拟定；仅用于产品Demo，不代表真实调研结果。,2024增换购用户需求洞察｜汽车之家研究院,https://www.autohome.com.cn/news/202409/1300865.html
S068-08,路虎(进口),路虎卫士,路虎卫士,68.99-215.80万,100万以上,传统燃料；常规混合动力,SUV,中大型,5座；8座,上海市,2026-08-23,31-35岁,女,企业高管/企业主,80-100万,三代同堂,2人,是,是,BBA/传统豪华车,换购,BBA/传统豪华车,60-220万,初步了解,2个月以上,家庭共同决策,车主评价；配偶,家庭品质升级；商务接待；品牌升级,周末短途；城市通勤,品牌直营店/4S店；小红书/抖音内容,否,价格权益；安全性；售后服务,希望同预算下配置和权益更划算,油耗是否偏高；保养维修费用,奥迪Q8；Cayenne,倾向本品,待定,,受访者关注价格权益，主要用于周末短途；同时对油耗是否偏高仍有疑问，决策中会对比奥迪Q8；Cayenne。,先围绕周末短途场景切入，再把价格权益转化为可感知体验；对油耗是否偏高需结合竞品对比和真实用车成本解释。,公开资料方向拟定/模拟问卷样本,基于车型定位、价格段、能源形式、公开车主口碑和公开用户画像报告拟定；仅用于产品Demo，不代表真实调研结果。,2024增换购用户需求洞察｜汽车之家研究院,https://www.autohome.com.cn/news/202409/1300865.html
S069-01,奔驰(进口),奔驰GLE(进口),奔驰GLE(进口),69.98-88.98万,70-80万,常规混合动力,SUV,中大型,5座,四川省,2026-07-07,36-40岁,男,私营业主/个体经营者,100万以上,三代同堂,3人,是,是,无车,首购,无车,60-90万,对比评估,2个月以上,家庭共同决策,KOL/博主；父母,品牌升级；商务接待,城市通勤；周末短途,车主群/社群讨论；KOL评测；朋友/同事推荐,是,空间舒适；乘坐舒适；豪华感/质感,希望兼顾家人乘坐和周末出行,价格是否值得；保养维修费用；油耗是否偏高,路虎卫士；发现,已购,是,,受访者关注空间舒适，主要用于城市通勤；同时对价格是否值得仍有疑问，决策中会对比路虎卫士；发现。,先围绕城市通勤场景切入，再把空间舒适转化为可感知体验；对价格是否值得需结合竞品对比和真实用车成本解释。,公开资料方向拟定/模拟问卷样本,基于车型定位、价格段、能源形式、公开车主口碑和公开用户画像报告拟定；仅用于产品Demo，不代表真实调研结果。,2024增换购用户需求洞察｜汽车之家研究院,https://www.autohome.com.cn/news/202409/1300865.html
S069-02,奔驰(进口),奔驰GLE(进口),奔驰GLE(进口),69.98-88.98万,70-80万,常规混合动力,SUV,中大型,5座,重庆市,2026-07-06,41-45岁,女,企业高管/企业主,80-100万,已婚无孩,2人,否,否,BBA/传统豪华车,换购,BBA/传统豪华车,60-90万,已试驾,1-2个月,家庭共同决策,朋友/同事；车主评价；KOL/博主,换新能源；通勤代步,城市通勤；家庭出行；周末短途,懂车帝/汽车之家口碑；朋友/同事推荐；KOL评测,是,品牌认知；售后服务；价格权益,在意品牌形象和商务/社交场景认可度；希望同预算下配置和权益更划算,售后维修成本；竞品是否更强；保养维修费用,发现；奥迪Q8,倾向本品,待定,,受访者关注品牌认知，主要用于城市通勤；同时对售后维修成本仍有疑问，决策中会对比发现；奥迪Q8。,先围绕城市通勤场景切入，再把品牌认知转化为可感知体验；对售后维修成本需结合竞品对比和真实用车成本解释。,公开资料方向拟定/模拟问卷样本,基于车型定位、价格段、能源形式、公开车主口碑和公开用户画像报告拟定；仅用于产品Demo，不代表真实调研结果。,2024增换购用户需求洞察｜汽车之家研究院,https://www.autohome.com.cn/news/202409/1300865.html
S069-03,奔驰(进口),奔驰GLE(进口),奔驰GLE(进口),69.98-88.98万,70-80万,常规混合动力,SUV,中大型,5座,重庆市,2026-07-13,36-40岁,男,私营业主/个体经营者,100万以上,已婚二孩及以上,3人,是,否,BBA/传统豪华车,换购,BBA/传统豪华车,60-90万,已购/用车复盘,2个月以上,企业/业务需求,子女；车主评价,通勤代步；换新能源,城市通勤；周末短途；家庭出行,小红书/抖音内容；车主群/社群讨论；品牌直营店/4S店,是,价格权益；品牌认知；豪华感/质感；保值率,在意品牌形象和商务/社交场景认可度；希望同预算下配置和权益更划算,价格是否值得；竞品是否更强；油耗是否偏高,奥迪Q8；雷克萨斯GX；奥迪Q7,已购,是,,受访者关注价格权益，主要用于城市通勤；同时对价格是否值得仍有疑问，决策中会对比奥迪Q8；雷克萨斯GX；奥迪Q7。,先围绕城市通勤场景切入，再把价格权益转化为可感知体验；对价格是否值得需结合竞品对比和真实用车成本解释。,公开资料方向拟定/模拟问卷样本,基于车型定位、价格段、能源形式、公开车主口碑和公开用户画像报告拟定；仅用于产品Demo，不代表真实调研结果。,2024增换购用户需求洞察｜汽车之家研究院,https://www.autohome.com.cn/news/202409/1300865.html
S069-04,奔驰(进口),奔驰GLE(进口),奔驰GLE(进口),69.98-88.98万,70-80万,常规混合动力,SUV,中大型,5座,广东省,2026-08-06,36-40岁,男,中基层管理者,50-80万,三代同堂,4人,是,是,家中已有新能源车,增购,家中已有新能源车,60-90万,已试驾,2个月以上,本人+配偶,子女；KOL/博主,家庭出行升级；空间升级,周末短途；城市通勤；家庭出行,朋友/同事推荐；车主群/社群讨论；KOL评测,否,豪华感/质感；乘坐舒适；空间舒适；价格权益,希望兼顾家人乘坐和周末出行；希望同预算下配置和权益更划算,油耗是否偏高；高端服务体验；价格是否值得,雷克萨斯GX；奥迪Q7,价格合适会买,待定,,受访者关注豪华感/质感，主要用于周末短途；同时对油耗是否偏高仍有疑问，决策中会对比雷克萨斯GX；奥迪Q7。,先围绕周末短途场景切入，再把豪华感/质感转化为可感知体验；对油耗是否偏高需结合竞品对比和真实用车成本解释。,公开资料方向拟定/模拟问卷样本,基于车型定位、价格段、能源形式、公开车主口碑和公开用户画像报告拟定；仅用于产品Demo，不代表真实调研结果。,2024增换购用户需求洞察｜汽车之家研究院,https://www.autohome.com.cn/news/202409/1300865.html
S069-05,奔驰(进口),奔驰GLE(进口),奔驰GLE(进口),69.98-88.98万,70-80万,常规混合动力,SUV,中大型,5座,上海市,2026-08-10,41-45岁,男,企业高管/企业主,50-80万,三代同堂,3人,是,是,BBA/传统豪华车,换购,BBA/传统豪华车,60-90万,已购/用车复盘,1-2个月,家庭共同决策,子女；父母；车主评价,品牌升级；商务接待,周末短途；城市通勤,朋友/同事推荐；KOL评测,是,保值率；售后服务；品牌认知,在意品牌形象和商务/社交场景认可度,保值率；价格是否值得；权益透明度,奥迪Q7；路虎卫士,倾向本品,待定,,受访者关注保值率，主要用于周末短途；同时对保值率仍有疑问，决策中会对比奥迪Q7；路虎卫士。,先围绕周末短途场景切入，再把保值率转化为可感知体验；对保值率需结合竞品对比和真实用车成本解释。,公开资料方向拟定/模拟问卷样本,基于车型定位、价格段、能源形式、公开车主口碑和公开用户画像报告拟定；仅用于产品Demo，不代表真实调研结果。,2024增换购用户需求洞察｜汽车之家研究院,https://www.autohome.com.cn/news/202409/1300865.html
S069-06,奔驰(进口),奔驰GLE(进口),奔驰GLE(进口),69.98-88.98万,70-80万,常规混合动力,SUV,中大型,5座,浙江省,2026-07-01,36-40岁,男,企业高管/企业主,100万以上,三代同堂,2人,是,是,家中已有新能源车,增购,家中已有新能源车,60-90万,对比评估,2个月以上,家庭共同决策,配偶；子女,通勤代步；换新能源,城市通勤；周末短途；家庭出行,KOL评测；懂车帝/汽车之家口碑；小红书/抖音内容,是,品牌认知；可靠性；保值率；乘坐舒适,在意品牌形象和商务/社交场景认可度,油耗是否偏高；售后维修成本,路虎卫士；发现；奥迪Q8,倾向本品,待定,,受访者关注品牌认知，主要用于城市通勤；同时对油耗是否偏高仍有疑问，决策中会对比路虎卫士；发现；奥迪Q8。,先围绕城市通勤场景切入，再把品牌认知转化为可感知体验；对油耗是否偏高需结合竞品对比和真实用车成本解释。,公开资料方向拟定/模拟问卷样本,基于车型定位、价格段、能源形式、公开车主口碑和公开用户画像报告拟定；仅用于产品Demo，不代表真实调研结果。,2024增换购用户需求洞察｜汽车之家研究院,https://www.autohome.com.cn/news/202409/1300865.html
S069-07,奔驰(进口),奔驰GLE(进口),奔驰GLE(进口),69.98-88.98万,70-80万,常规混合动力,SUV,中大型,5座,河南省,2026-07-02,41-45岁,男,企业高管/企业主,100万以上,三代同堂,2人,是,是,家中已有燃油车,增购,家中已有燃油车,60-90万,价格谈判,2个月以上,企业/业务需求,父母；子女,通勤代步；家庭出行升级,城市通勤；周末短途；家庭出行,小红书/抖音内容；KOL评测；品牌直营店/4S店,是,价格权益；空间舒适；可靠性；乘坐舒适,希望兼顾家人乘坐和周末出行；希望同预算下配置和权益更划算,价格是否值得；权益透明度,发现；奥迪Q8,倾向本品,待定,,受访者关注价格权益，主要用于城市通勤；同时对价格是否值得仍有疑问，决策中会对比发现；奥迪Q8。,先围绕城市通勤场景切入，再把价格权益转化为可感知体验；对价格是否值得需结合竞品对比和真实用车成本解释。,公开资料方向拟定/模拟问卷样本,基于车型定位、价格段、能源形式、公开车主口碑和公开用户画像报告拟定；仅用于产品Demo，不代表真实调研结果。,2024增换购用户需求洞察｜汽车之家研究院,https://www.autohome.com.cn/news/202409/1300865.html
S069-08,奔驰(进口),奔驰GLE(进口),奔驰GLE(进口),69.98-88.98万,70-80万,常规混合动力,SUV,中大型,5座,重庆市,2026-06-13,41-45岁,男,私营业主/个体经营者,100万以上,已婚无孩,4人,否,否,BBA/传统豪华车,换购,BBA/传统豪华车,60-90万,已下订,2个月以上,家庭共同决策,车主评价；朋友/同事；配偶,品牌升级；换新能源,家庭出行；城市通勤,朋友/同事推荐；小红书/抖音内容,否,保值率；安全性；品牌认知；豪华感/质感,在意品牌形象和商务/社交场景认可度,权益透明度；保值率,奥迪Q8；雷克萨斯GX,倾向本品,待定,,受访者关注保值率，主要用于家庭出行；同时对权益透明度仍有疑问，决策中会对比奥迪Q8；雷克萨斯GX。,先围绕家庭出行场景切入，再把保值率转化为可感知体验；对权益透明度需结合竞品对比和真实用车成本解释。,公开资料方向拟定/模拟问卷样本,基于车型定位、价格段、能源形式、公开车主口碑和公开用户画像报告拟定；仅用于产品Demo，不代表真实调研结果。,2024增换购用户需求洞察｜汽车之家研究院,https://www.autohome.com.cn/news/202409/1300865.html
S070-01,雷克萨斯,雷克萨斯RX,雷克萨斯RX,38.00-61.90万,40-50万,传统燃料；常规混合动力,SUV,中大型,5座,四川省,2026-07-25,31-35岁,女,私营业主/个体经营者,30-50万,三代同堂,1人,是,是,家中已有燃油车,增购,家中已有燃油车,30-70万,对比评估,1-2个月,本人+配偶,车主评价；父母；子女,品牌升级；家庭出行升级；商务接待,周末短途；城市通勤；家庭出行,品牌直营店/4S店；小红书/抖音内容,否,驾驶质感；豪华感/质感；可靠性；空间舒适,希望兼顾家人乘坐和周末出行,价格是否值得；售后维修成本；油耗是否偏高,坦克700新能源；途锐,继续比较,待定,,受访者关注驾驶质感，主要用于周末短途；同时对价格是否值得仍有疑问，决策中会对比坦克700新能源；途锐。,先围绕周末短途场景切入，再把驾驶质感转化为可感知体验；对价格是否值得需结合竞品对比和真实用车成本解释。,公开资料方向拟定/模拟问卷样本,基于车型定位、价格段、能源形式、公开车主口碑和公开用户画像报告拟定；仅用于产品Demo，不代表真实调研结果。,2024增换购用户需求洞察｜汽车之家研究院,https://www.autohome.com.cn/news/202409/1300865.html
S070-02,雷克萨斯,雷克萨斯RX,雷克萨斯RX,38.00-61.90万,40-50万,传统燃料；常规混合动力,SUV,中大型,5座,福建省,2026-07-20,41-45岁,女,企业高管/企业主,50-80万,已婚一孩,4人,是,否,家中已有新能源车,增购,家中已有新能源车,30-70万,已购/用车复盘,2周-1个月,本人,父母；配偶；车主评价,家庭出行升级；通勤代步,城市通勤；家庭出行；周末短途,品牌直营店/4S店；车主群/社群讨论；懂车帝/汽车之家口碑,是,空间舒适；品牌认知；驾驶质感；乘坐舒适,希望兼顾家人乘坐和周末出行；在意品牌形象和商务/社交场景认可度,价格是否值得；售后维修成本,途锐；普拉多,倾向本品,待定,,受访者关注空间舒适，主要用于城市通勤；同时对价格是否值得仍有疑问，决策中会对比途锐；普拉多。,先围绕城市通勤场景切入，再把空间舒适转化为可感知体验；对价格是否值得需结合竞品对比和真实用车成本解释。,公开资料方向拟定/模拟问卷样本,基于车型定位、价格段、能源形式、公开车主口碑和公开用户画像报告拟定；仅用于产品Demo，不代表真实调研结果。,2024增换购用户需求洞察｜汽车之家研究院,https://www.autohome.com.cn/news/202409/1300865.html
S070-03,雷克萨斯,雷克萨斯RX,雷克萨斯RX,38.00-61.90万,40-50万,传统燃料；常规混合动力,SUV,中大型,5座,浙江省,2026-07-03,31-35岁,男,企业高管/企业主,30-50万,已婚一孩,4人,是,否,无车,首购,无车,30-70万,已下订,1-2个月,家庭共同决策,配偶；车主评价,空间升级；商务接待,家庭出行；周末短途；城市通勤,车主群/社群讨论；品牌直营店/4S店；朋友/同事推荐,是,价格权益；可靠性；驾驶质感；品牌认知,在意品牌形象和商务/社交场景认可度；希望同预算下配置和权益更划算,权益透明度；保养维修费用,普拉多；极氪8X；奥迪A7,继续比较,待定,,受访者关注价格权益，主要用于家庭出行；同时对权益透明度仍有疑问，决策中会对比普拉多；极氪8X；奥迪A7。,先围绕家庭出行场景切入，再把价格权益转化为可感知体验；对权益透明度需结合竞品对比和真实用车成本解释。,公开资料方向拟定/模拟问卷样本,基于车型定位、价格段、能源形式、公开车主口碑和公开用户画像报告拟定；仅用于产品Demo，不代表真实调研结果。,2024增换购用户需求洞察｜汽车之家研究院,https://www.autohome.com.cn/news/202409/1300865.html
S070-04,雷克萨斯,雷克萨斯RX,雷克萨斯RX,38.00-61.90万,40-50万,传统燃料；常规混合动力,SUV,中大型,5座,广东省,2026-07-24,31-35岁,男,中基层管理者,30-50万,已婚二孩及以上,3人,是,是,15-25万合资/自主车,换购,15-25万合资/自主车,30-70万,对比评估,1-2个月,本人,配偶；父母；KOL/博主,换新能源；家庭出行升级；品牌升级,城市通勤；家庭出行,车主群/社群讨论；KOL评测,否,驾驶质感；可靠性；安全性；售后服务,希望在预算内获得更稳定的综合体验,权益透明度；高端服务体验；竞品是否更强,极氪8X；奥迪A7,倾向本品,待定,,受访者关注驾驶质感，主要用于城市通勤；同时对权益透明度仍有疑问，决策中会对比极氪8X；奥迪A7。,先围绕城市通勤场景切入，再把驾驶质感转化为可感知体验；对权益透明度需结合竞品对比和真实用车成本解释。,公开资料方向拟定/模拟问卷样本,基于车型定位、价格段、能源形式、公开车主口碑和公开用户画像报告拟定；仅用于产品Demo，不代表真实调研结果。,2024增换购用户需求洞察｜汽车之家研究院,https://www.autohome.com.cn/news/202409/1300865.html
S070-05,雷克萨斯,雷克萨斯RX,雷克萨斯RX,38.00-61.90万,40-50万,传统燃料；常规混合动力,SUV,中大型,5座,安徽省,2026-07-06,46岁以上,男,中基层管理者,50-80万,已婚无孩,4人,否,否,15-25万合资/自主车,换购,15-25万合资/自主车,30-70万,已购/用车复盘,1-2个月,家庭共同决策,配偶；KOL/博主；朋友/同事,商务接待；家庭出行升级,周末短途；家庭出行；城市通勤,品牌直营店/4S店；朋友/同事推荐,否,空间舒适；售后服务；可靠性；品牌认知,希望兼顾家人乘坐和周末出行；在意品牌形象和商务/社交场景认可度,竞品是否更强；车机/智能化是否落后,奥迪A7；坦克700新能源,价格合适会买,待定,,受访者关注空间舒适，主要用于周末短途；同时对竞品是否更强仍有疑问，决策中会对比奥迪A7；坦克700新能源。,先围绕周末短途场景切入，再把空间舒适转化为可感知体验；对竞品是否更强需结合竞品对比和真实用车成本解释。,公开资料方向拟定/模拟问卷样本,基于车型定位、价格段、能源形式、公开车主口碑和公开用户画像报告拟定；仅用于产品Demo，不代表真实调研结果。,2024增换购用户需求洞察｜汽车之家研究院,https://www.autohome.com.cn/news/202409/1300865.html
S070-06,雷克萨斯,雷克萨斯RX,雷克萨斯RX,38.00-61.90万,40-50万,传统燃料；常规混合动力,SUV,中大型,5座,广东省,2026-07-05,36-40岁,不便透露,私营业主/个体经营者,50-80万,已婚一孩,2人,是,否,家中已有新能源车,增购,家中已有新能源车,30-70万,已试驾,1-2个月,本人+配偶,子女；KOL/博主；车主评价,家庭品质升级；家庭出行升级,周末短途；家庭出行,KOL评测；品牌直营店/4S店；车主群/社群讨论,是,品牌认知；售后服务；可靠性,在意品牌形象和商务/社交场景认可度,竞品是否更强；保值率；价格是否值得,坦克700新能源；途锐；普拉多,继续比较,待定,,受访者关注品牌认知，主要用于周末短途；同时对竞品是否更强仍有疑问，决策中会对比坦克700新能源；途锐；普拉多。,先围绕周末短途场景切入，再把品牌认知转化为可感知体验；对竞品是否更强需结合竞品对比和真实用车成本解释。,公开资料方向拟定/模拟问卷样本,基于车型定位、价格段、能源形式、公开车主口碑和公开用户画像报告拟定；仅用于产品Demo，不代表真实调研结果。,2024增换购用户需求洞察｜汽车之家研究院,https://www.autohome.com.cn/news/202409/1300865.html
S070-07,雷克萨斯,雷克萨斯RX,雷克萨斯RX,38.00-61.90万,40-50万,传统燃料；常规混合动力,SUV,中大型,5座,湖北省,2026-08-21,36-40岁,不便透露,私营业主/个体经营者,30-50万,已婚一孩,3人,是,是,无车,首购,无车,30-70万,流失/转向竞品,2个月以上,家庭共同决策,子女；配偶,换新能源；商务接待,城市通勤；周末短途；家庭出行,品牌直营店/4S店；车主群/社群讨论,是,保值率；品牌认知；驾驶质感；乘坐舒适,在意品牌形象和商务/社交场景认可度,车机/智能化是否落后；售后维修成本,途锐；普拉多,倾向本品,待定,,受访者关注保值率，主要用于城市通勤；同时对车机/智能化是否落后仍有疑问，决策中会对比途锐；普拉多。,先围绕城市通勤场景切入，再把保值率转化为可感知体验；对车机/智能化是否落后需结合竞品对比和真实用车成本解释。,公开资料方向拟定/模拟问卷样本,基于车型定位、价格段、能源形式、公开车主口碑和公开用户画像报告拟定；仅用于产品Demo，不代表真实调研结果。,2024增换购用户需求洞察｜汽车之家研究院,https://www.autohome.com.cn/news/202409/1300865.html
S070-08,雷克萨斯,雷克萨斯RX,雷克萨斯RX,38.00-61.90万,40-50万,传统燃料；常规混合动力,SUV,中大型,5座,湖南省,2026-08-05,31-35岁,男,中基层管理者,30-50万,已婚一孩,3人,是,是,无车,首购,无车,30-70万,已购/用车复盘,1-2个月,家庭共同决策,配偶；KOL/博主；子女,家庭出行升级；通勤代步；品牌升级,家庭出行；城市通勤；周末短途,朋友/同事推荐；小红书/抖音内容；KOL评测,否,安全性；空间舒适；保值率,希望兼顾家人乘坐和周末出行,车机/智能化是否落后；售后维修成本,普拉多；极氪8X,倾向本品,待定,,受访者关注安全性，主要用于家庭出行；同时对车机/智能化是否落后仍有疑问，决策中会对比普拉多；极氪8X。,先围绕家庭出行场景切入，再把安全性转化为可感知体验；对车机/智能化是否落后需结合竞品对比和真实用车成本解释。,公开资料方向拟定/模拟问卷样本,基于车型定位、价格段、能源形式、公开车主口碑和公开用户画像报告拟定；仅用于产品Demo，不代表真实调研结果。,2024增换购用户需求洞察｜汽车之家研究院,https://www.autohome.com.cn/news/202409/1300865.html
S071-01,上汽奥迪,奥迪A7L,奥迪A7L,41.87-66.62万,50-60万,传统燃料；常规混合动力,轿车,中大型,5座,重庆市,2026-07-16,31-35岁,女,中基层管理者,80-100万,已婚一孩,2人,是,是,BBA/传统豪华车,换购,BBA/传统豪华车,40-70万,已试驾,1-2个月,本人+配偶,KOL/博主；父母；车主评价,通勤代步；家庭品质升级,城市通勤；周末短途,朋友/同事推荐；懂车帝/汽车之家口碑；KOL评测,否,通勤舒适；优惠力度；静谧性；空间舒适,希望兼顾家人乘坐和周末出行,保养维修费用；售后维修成本；车机智能化不足,奔驰E级；奥迪A6L,倾向本品,待定,,受访者关注通勤舒适，主要用于城市通勤；同时对保养维修费用仍有疑问，决策中会对比奔驰E级；奥迪A6L。,先围绕城市通勤场景切入，再把通勤舒适转化为可感知体验；对保养维修费用需结合竞品对比和真实用车成本解释。,公开资料方向拟定/模拟问卷样本,基于车型定位、价格段、能源形式、公开车主口碑和公开用户画像报告拟定；仅用于产品Demo，不代表真实调研结果。,奥迪A6L公开车主口碑｜懂车帝,https://www.dongchedi.com/auto/series/score/99-x-S0-P107-x-x-x
S071-02,上汽奥迪,奥迪A7L,奥迪A7L,41.87-66.62万,50-60万,传统燃料；常规混合动力,轿车,中大型,5座,河南省,2026-07-05,36-40岁,女,中基层管理者,100万以上,已婚二孩及以上,2人,是,是,BBA/传统豪华车,换购,BBA/传统豪华车,40-70万,初步了解,1-2个月,本人,车主评价；子女；配偶,家庭兼商务；家庭出行升级；空间升级,城市通勤；家庭出行,朋友/同事推荐；小红书/抖音内容,是,品牌体面感；乘坐舒适；可靠性；品牌认知,在意品牌形象和商务/社交场景认可度,车机智能化不足；售后维修成本；高端服务体验,奥迪A6L；宝马5系,倾向本品,待定,,受访者关注品牌体面感，主要用于城市通勤；同时对车机智能化不足仍有疑问，决策中会对比奥迪A6L；宝马5系。,先围绕城市通勤场景切入，再把品牌体面感转化为可感知体验；对车机智能化不足需结合竞品对比和真实用车成本解释。,公开资料方向拟定/模拟问卷样本,基于车型定位、价格段、能源形式、公开车主口碑和公开用户画像报告拟定；仅用于产品Demo，不代表真实调研结果。,奥迪A6L公开车主口碑｜懂车帝,https://www.dongchedi.com/auto/series/score/99-x-S0-P107-x-x-x
S071-03,上汽奥迪,奥迪A7L,奥迪A7L,41.87-66.62万,50-60万,传统燃料；常规混合动力,轿车,中大型,5座,重庆市,2026-08-22,36-40岁,男,私营业主/个体经营者,80-100万,商务/个人用车,4人,否,是,无车,首购,无车,40-70万,已下订,1-2个月,本人,销售顾问；朋友/同事,家庭兼商务；品牌升级,周末短途；商务接待；家庭出行,车主群/社群讨论；懂车帝/汽车之家口碑,是,驾驶质感；空间舒适；安全性,希望兼顾家人乘坐和周末出行,竞品是否更强；高端服务体验,宝马5系；雷克萨斯RX；极氪009,价格合适会买,待定,,受访者关注驾驶质感，主要用于周末短途；同时对竞品是否更强仍有疑问，决策中会对比宝马5系；雷克萨斯RX；极氪009。,先围绕周末短途场景切入，再把驾驶质感转化为可感知体验；对竞品是否更强需结合竞品对比和真实用车成本解释。,公开资料方向拟定/模拟问卷样本,基于车型定位、价格段、能源形式、公开车主口碑和公开用户画像报告拟定；仅用于产品Demo，不代表真实调研结果。,奥迪A6L公开车主口碑｜懂车帝,https://www.dongchedi.com/auto/series/score/99-x-S0-P107-x-x-x
S071-04,上汽奥迪,奥迪A7L,奥迪A7L,41.87-66.62万,50-60万,传统燃料；常规混合动力,轿车,中大型,5座,湖北省,2026-06-08,31-35岁,男,中基层管理者,80-100万,已婚无孩,4人,否,否,BBA/传统豪华车,换购,BBA/传统豪华车,40-70万,已试驾,1-2个月,本人,朋友/同事；配偶；车主评价,空间升级；换新能源,周末短途；家庭出行,品牌直营店/4S店；朋友/同事推荐,是,优惠力度；保值率；品牌体面感；通勤舒适,在意品牌形象和商务/社交场景认可度,售后维修成本；高端服务体验；价格是否值得,雷克萨斯RX；极氪009,已购,是,,受访者关注优惠力度，主要用于周末短途；同时对售后维修成本仍有疑问，决策中会对比雷克萨斯RX；极氪009。,先围绕周末短途场景切入，再把优惠力度转化为可感知体验；对售后维修成本需结合竞品对比和真实用车成本解释。,公开资料方向拟定/模拟问卷样本,基于车型定位、价格段、能源形式、公开车主口碑和公开用户画像报告拟定；仅用于产品Demo，不代表真实调研结果。,奥迪A6L公开车主口碑｜懂车帝,https://www.dongchedi.com/auto/series/score/99-x-S0-P107-x-x-x
S071-05,上汽奥迪,奥迪A7L,奥迪A7L,41.87-66.62万,50-60万,传统燃料；常规混合动力,轿车,中大型,5座,北京市,2026-07-04,36-40岁,男,企业高管/企业主,100万以上,已婚二孩及以上,4人,是,否,无车,首购,无车,40-70万,已购/用车复盘,1-2个月,企业/业务需求,车主评价；子女；配偶,品牌升级；家庭品质升级,周末短途；家庭出行；商务接待,KOL评测；小红书/抖音内容,否,外观设计；安全性；商务形象；品牌体面感,在意品牌形象和商务/社交场景认可度,保养维修费用；价格是否值得,极氪009；奔驰E级,倾向本品,待定,,受访者关注外观设计，主要用于周末短途；同时对保养维修费用仍有疑问，决策中会对比极氪009；奔驰E级。,先围绕周末短途场景切入，再把外观设计转化为可感知体验；对保养维修费用需结合竞品对比和真实用车成本解释。,公开资料方向拟定/模拟问卷样本,基于车型定位、价格段、能源形式、公开车主口碑和公开用户画像报告拟定；仅用于产品Demo，不代表真实调研结果。,奥迪A6L公开车主口碑｜懂车帝,https://www.dongchedi.com/auto/series/score/99-x-S0-P107-x-x-x
S071-06,上汽奥迪,奥迪A7L,奥迪A7L,41.87-66.62万,50-60万,传统燃料；常规混合动力,轿车,中大型,5座,山东省,2026-06-03,36-40岁,不便透露,中基层管理者,80-100万,已婚一孩,2人,是,否,BBA/传统豪华车,换购,BBA/传统豪华车,40-70万,已下订,1-2个月,本人+配偶,父母；车主评价；配偶,品牌升级；换新能源,周末短途；家庭出行,车主群/社群讨论；小红书/抖音内容；朋友/同事推荐,否,安全性；保值率；商务形象；空间舒适,希望兼顾家人乘坐和周末出行,后备厢空间；权益透明度；保值率,奔驰E级；奥迪A6L；宝马5系,已下订,是,,受访者关注安全性，主要用于周末短途；同时对后备厢空间仍有疑问，决策中会对比奔驰E级；奥迪A6L；宝马5系。,先围绕周末短途场景切入，再把安全性转化为可感知体验；对后备厢空间需结合竞品对比和真实用车成本解释。,公开资料方向拟定/模拟问卷样本,基于车型定位、价格段、能源形式、公开车主口碑和公开用户画像报告拟定；仅用于产品Demo，不代表真实调研结果。,奥迪A6L公开车主口碑｜懂车帝,https://www.dongchedi.com/auto/series/score/99-x-S0-P107-x-x-x
S071-07,上汽奥迪,奥迪A7L,奥迪A7L,41.87-66.62万,50-60万,传统燃料；常规混合动力,轿车,中大型,5座,江苏省,2026-08-02,31-35岁,男,企业高管/企业主,50-80万,已婚无孩,3人,否,是,BBA/传统豪华车,换购,BBA/传统豪华车,40-70万,已购/用车复盘,1-2个月,本人,KOL/博主；车主评价,品牌升级；空间升级；通勤代步,商务接待；周末短途,品牌直营店/4S店；朋友/同事推荐；KOL评测,是,品牌体面感；优惠力度；静谧性,在意品牌形象和商务/社交场景认可度,后排空间是否够用；保养维修费用；价格是否值得,奥迪A6L；宝马5系,倾向本品,待定,,受访者关注品牌体面感，主要用于商务接待；同时对后排空间是否够用仍有疑问，决策中会对比奥迪A6L；宝马5系。,先围绕商务接待场景切入，再把品牌体面感转化为可感知体验；对后排空间是否够用需结合竞品对比和真实用车成本解释。,公开资料方向拟定/模拟问卷样本,基于车型定位、价格段、能源形式、公开车主口碑和公开用户画像报告拟定；仅用于产品Demo，不代表真实调研结果。,奥迪A6L公开车主口碑｜懂车帝,https://www.dongchedi.com/auto/series/score/99-x-S0-P107-x-x-x
S071-08,上汽奥迪,奥迪A7L,奥迪A7L,41.87-66.62万,50-60万,传统燃料；常规混合动力,轿车,中大型,5座,重庆市,2026-08-20,31-35岁,男,私营业主/个体经营者,50-80万,已婚无孩,3人,否,是,BBA/传统豪华车,换购,BBA/传统豪华车,40-70万,初步了解,2周-1个月,本人+配偶,KOL/博主；朋友/同事,家庭出行升级；换新能源,商务接待；周末短途；家庭出行,品牌直营店/4S店；懂车帝/汽车之家口碑,是,安全性；乘坐舒适；可靠性；后排空间,希望在预算内获得更稳定的综合体验,车机/智能化是否落后；油耗是否偏高,宝马5系；雷克萨斯RX,价格合适会买,待定,,受访者关注安全性，主要用于商务接待；同时对车机/智能化是否落后仍有疑问，决策中会对比宝马5系；雷克萨斯RX。,先围绕商务接待场景切入，再把安全性转化为可感知体验；对车机/智能化是否落后需结合竞品对比和真实用车成本解释。,公开资料方向拟定/模拟问卷样本,基于车型定位、价格段、能源形式、公开车主口碑和公开用户画像报告拟定；仅用于产品Demo，不代表真实调研结果。,奥迪A6L公开车主口碑｜懂车帝,https://www.dongchedi.com/auto/series/score/99-x-S0-P107-x-x-x
S071-09,上汽奥迪,奥迪A7L,奥迪A7L,41.87-66.62万,50-60万,传统燃料；常规混合动力,轿车,中大型,5座,安徽省,2026-08-01,41-45岁,女,中基层管理者,30-50万,已婚二孩及以上,2人,是,否,家中已有燃油车,增购,家中已有燃油车,40-70万,已试驾,1-2个月,本人+配偶,车主评价；KOL/博主,商务接待；换新能源；家庭兼商务,周末短途；城市通勤；家庭出行,小红书/抖音内容；KOL评测,否,乘坐舒适；外观设计；安全性；可靠性,希望在预算内获得更稳定的综合体验,车机/智能化是否落后；后排地台隆起；底盘舒适性,雷克萨斯RX；极氪009；奔驰E级,倾向本品,待定,,受访者关注乘坐舒适，主要用于周末短途；同时对车机/智能化是否落后仍有疑问，决策中会对比雷克萨斯RX；极氪009；奔驰E级。,先围绕周末短途场景切入，再把乘坐舒适转化为可感知体验；对车机/智能化是否落后需结合竞品对比和真实用车成本解释。,公开资料方向拟定/模拟问卷样本,基于车型定位、价格段、能源形式、公开车主口碑和公开用户画像报告拟定；仅用于产品Demo，不代表真实调研结果。,奥迪A6L公开车主口碑｜懂车帝,https://www.dongchedi.com/auto/series/score/99-x-S0-P107-x-x-x
S071-10,上汽奥迪,奥迪A7L,奥迪A7L,41.87-66.62万,50-60万,传统燃料；常规混合动力,轿车,中大型,5座,浙江省,2026-08-21,46岁以上,男,中基层管理者,80-100万,商务/个人用车,3人,否,否,无车,首购,无车,40-70万,已下订,2个月以上,企业/业务需求,销售顾问；朋友/同事；车主评价,商务接待；家庭出行升级；家庭品质升级,城市通勤；家庭出行,车主群/社群讨论；KOL评测,是,商务形象；安全性；外观设计；静谧性,希望在预算内获得更稳定的综合体验,权益透明度；车机/智能化是否落后；车机智能化不足,极氪009；奔驰E级,已下订,是,,受访者关注商务形象，主要用于城市通勤；同时对权益透明度仍有疑问，决策中会对比极氪009；奔驰E级。,先围绕城市通勤场景切入，再把商务形象转化为可感知体验；对权益透明度需结合竞品对比和真实用车成本解释。,公开资料方向拟定/模拟问卷样本,基于车型定位、价格段、能源形式、公开车主口碑和公开用户画像报告拟定；仅用于产品Demo，不代表真实调研结果。,奥迪A6L公开车主口碑｜懂车帝,https://www.dongchedi.com/auto/series/score/99-x-S0-P107-x-x-x
S071-11,上汽奥迪,奥迪A7L,奥迪A7L,41.87-66.62万,50-60万,传统燃料；常规混合动力,轿车,中大型,5座,上海市,2026-06-04,46岁以上,男,公务员/事业单位,50-80万,商务/个人用车,2人,否,否,BBA/传统豪华车,换购,BBA/传统豪华车,40-70万,已购/用车复盘,2个月以上,本人,KOL/博主；朋友/同事；销售顾问,通勤代步；商务接待,家庭出行；城市通勤；周末短途,懂车帝/汽车之家口碑；小红书/抖音内容,是,安全性；售后服务；外观设计；优惠力度,希望在预算内获得更稳定的综合体验,后排地台隆起；高端服务体验,奔驰E级；奥迪A6L,已购,是,,受访者关注安全性，主要用于家庭出行；同时对后排地台隆起仍有疑问，决策中会对比奔驰E级；奥迪A6L。,先围绕家庭出行场景切入，再把安全性转化为可感知体验；对后排地台隆起需结合竞品对比和真实用车成本解释。,公开资料方向拟定/模拟问卷样本,基于车型定位、价格段、能源形式、公开车主口碑和公开用户画像报告拟定；仅用于产品Demo，不代表真实调研结果。,奥迪A6L公开车主口碑｜懂车帝,https://www.dongchedi.com/auto/series/score/99-x-S0-P107-x-x-x
S071-12,上汽奥迪,奥迪A7L,奥迪A7L,41.87-66.62万,50-60万,传统燃料；常规混合动力,轿车,中大型,5座,北京市,2026-08-21,36-40岁,女,企业高管/企业主,30-50万,已婚无孩,4人,否,是,BBA/传统豪华车,换购,BBA/传统豪华车,40-70万,已购/用车复盘,1-2个月,本人,朋友/同事；配偶,家庭品质升级；家庭兼商务；换新能源,周末短途；商务接待；家庭出行,小红书/抖音内容；品牌直营店/4S店；车主群/社群讨论,是,乘坐舒适；品牌体面感；优惠力度；保值率,在意品牌形象和商务/社交场景认可度,后排地台隆起；权益透明度,奥迪A6L；宝马5系；雷克萨斯RX,倾向本品,待定,,受访者关注乘坐舒适，主要用于周末短途；同时对后排地台隆起仍有疑问，决策中会对比奥迪A6L；宝马5系；雷克萨斯RX。,先围绕周末短途场景切入，再把乘坐舒适转化为可感知体验；对后排地台隆起需结合竞品对比和真实用车成本解释。,公开资料方向拟定/模拟问卷样本,基于车型定位、价格段、能源形式、公开车主口碑和公开用户画像报告拟定；仅用于产品Demo，不代表真实调研结果。,奥迪A6L公开车主口碑｜懂车帝,https://www.dongchedi.com/auto/series/score/99-x-S0-P107-x-x-x
S071-13,上汽奥迪,奥迪A7L,奥迪A7L,41.87-66.62万,50-60万,传统燃料；常规混合动力,轿车,中大型,5座,北京市,2026-06-17,36-40岁,女,中基层管理者,80-100万,商务/个人用车,3人,否,否,家中已有燃油车,增购,家中已有燃油车,40-70万,对比评估,1-2个月,企业/业务需求,车主评价；朋友/同事,换新能源；商务接待,商务接待；家庭出行；城市通勤,小红书/抖音内容；朋友/同事推荐,是,豪华感/质感；保值率；品牌体面感,在意品牌形象和商务/社交场景认可度,后备厢空间；后排地台隆起,宝马5系；雷克萨斯RX,倾向本品,待定,,受访者关注豪华感/质感，主要用于商务接待；同时对后备厢空间仍有疑问，决策中会对比宝马5系；雷克萨斯RX。,先围绕商务接待场景切入，再把豪华感/质感转化为可感知体验；对后备厢空间需结合竞品对比和真实用车成本解释。,公开资料方向拟定/模拟问卷样本,基于车型定位、价格段、能源形式、公开车主口碑和公开用户画像报告拟定；仅用于产品Demo，不代表真实调研结果。,奥迪A6L公开车主口碑｜懂车帝,https://www.dongchedi.com/auto/series/score/99-x-S0-P107-x-x-x
S071-14,上汽奥迪,奥迪A7L,奥迪A7L,41.87-66.62万,50-60万,传统燃料；常规混合动力,轿车,中大型,5座,山东省,2026-06-15,36-40岁,女,私营业主/个体经营者,80-100万,商务/个人用车,2人,否,是,BBA/传统豪华车,换购,BBA/传统豪华车,40-70万,价格谈判,2个月以上,本人,销售顾问；车主评价；KOL/博主,家庭品质升级；换新能源；空间升级,家庭出行；周末短途；城市通勤,懂车帝/汽车之家口碑；品牌直营店/4S店；小红书/抖音内容,是,售后服务；安全性；空间舒适；价格权益,希望兼顾家人乘坐和周末出行；希望同预算下配置和权益更划算,车机智能化不足；车机/智能化是否落后,雷克萨斯RX；极氪009,倾向本品,待定,,受访者关注售后服务，主要用于家庭出行；同时对车机智能化不足仍有疑问，决策中会对比雷克萨斯RX；极氪009。,先围绕家庭出行场景切入，再把售后服务转化为可感知体验；对车机智能化不足需结合竞品对比和真实用车成本解释。,公开资料方向拟定/模拟问卷样本,基于车型定位、价格段、能源形式、公开车主口碑和公开用户画像报告拟定；仅用于产品Demo，不代表真实调研结果。,奥迪A6L公开车主口碑｜懂车帝,https://www.dongchedi.com/auto/series/score/99-x-S0-P107-x-x-x
S071-15,上汽奥迪,奥迪A7L,奥迪A7L,41.87-66.62万,50-60万,传统燃料；常规混合动力,轿车,中大型,5座,四川省,2026-07-18,36-40岁,女,公务员/事业单位,80-100万,已婚二孩及以上,2人,是,否,家中已有燃油车,增购,家中已有燃油车,40-70万,初步了解,1-2个月,本人,车主评价；子女；KOL/博主,品牌升级；家庭兼商务；家庭出行升级,周末短途；商务接待,品牌直营店/4S店；车主群/社群讨论；KOL评测,否,豪华感/质感；后排空间；商务形象,希望在预算内获得更稳定的综合体验,保值率；底盘舒适性,极氪009；奔驰E级；奥迪A6L,转向竞品,否,竞品智驾更强,受访者关注豪华感/质感，主要用于周末短途；同时对保值率仍有疑问，决策中会对比极氪009；奔驰E级；奥迪A6L。,先围绕周末短途场景切入，再把豪华感/质感转化为可感知体验；对保值率需结合竞品对比和真实用车成本解释。,公开资料方向拟定/模拟问卷样本,基于车型定位、价格段、能源形式、公开车主口碑和公开用户画像报告拟定；仅用于产品Demo，不代表真实调研结果。,奥迪A6L公开车主口碑｜懂车帝,https://www.dongchedi.com/auto/series/score/99-x-S0-P107-x-x-x
S071-16,上汽奥迪,奥迪A7L,奥迪A7L,41.87-66.62万,50-60万,传统燃料；常规混合动力,轿车,中大型,5座,湖北省,2026-08-13,36-40岁,男,中基层管理者,30-50万,已婚一孩,2人,是,否,家中已有新能源车,增购,家中已有新能源车,40-70万,对比评估,2个月以上,本人,车主评价；父母；KOL/博主,家庭出行升级；空间升级,城市通勤；周末短途,懂车帝/汽车之家口碑；品牌直营店/4S店,否,商务形象；保值率；空间舒适；价格权益,希望兼顾家人乘坐和周末出行；希望同预算下配置和权益更划算,保值率；后排空间是否够用,奔驰E级；奥迪A6L,倾向本品,待定,,受访者关注商务形象，主要用于城市通勤；同时对保值率仍有疑问，决策中会对比奔驰E级；奥迪A6L。,先围绕城市通勤场景切入，再把商务形象转化为可感知体验；对保值率需结合竞品对比和真实用车成本解释。,公开资料方向拟定/模拟问卷样本,基于车型定位、价格段、能源形式、公开车主口碑和公开用户画像报告拟定；仅用于产品Demo，不代表真实调研结果。,奥迪A6L公开车主口碑｜懂车帝,https://www.dongchedi.com/auto/series/score/99-x-S0-P107-x-x-x
S071-17,上汽奥迪,奥迪A7L,奥迪A7L,41.87-66.62万,50-60万,传统燃料；常规混合动力,轿车,中大型,5座,湖南省,2026-08-27,36-40岁,女,中基层管理者,30-50万,商务/个人用车,2人,否,否,家中已有燃油车,增购,家中已有燃油车,40-70万,已购/用车复盘,2周-1个月,本人,销售顾问；朋友/同事,通勤代步；家庭出行升级,周末短途；城市通勤；商务接待,小红书/抖音内容；懂车帝/汽车之家口碑,是,可靠性；外观设计；商务形象,希望在预算内获得更稳定的综合体验,保养维修费用；售后维修成本,奥迪A6L；宝马5系,已购,是,,受访者关注可靠性，主要用于周末短途；同时对保养维修费用仍有疑问，决策中会对比奥迪A6L；宝马5系。,先围绕周末短途场景切入，再把可靠性转化为可感知体验；对保养维修费用需结合竞品对比和真实用车成本解释。,公开资料方向拟定/模拟问卷样本,基于车型定位、价格段、能源形式、公开车主口碑和公开用户画像报告拟定；仅用于产品Demo，不代表真实调研结果。,奥迪A6L公开车主口碑｜懂车帝,https://www.dongchedi.com/auto/series/score/99-x-S0-P107-x-x-x
S071-18,上汽奥迪,奥迪A7L,奥迪A7L,41.87-66.62万,50-60万,传统燃料；常规混合动力,轿车,中大型,5座,安徽省,2026-06-07,31-35岁,男,私营业主/个体经营者,50-80万,商务/个人用车,3人,否,否,BBA/传统豪华车,换购,BBA/传统豪华车,40-70万,流失/转向竞品,2个月以上,本人,KOL/博主；车主评价,换新能源；家庭兼商务；商务接待,商务接待；家庭出行；周末短途,小红书/抖音内容；懂车帝/汽车之家口碑；KOL评测,否,外观设计；售后服务；安全性；价格权益,希望同预算下配置和权益更划算,底盘舒适性；竞品是否更强,宝马5系；雷克萨斯RX；极氪009,倾向本品,待定,,受访者关注外观设计，主要用于商务接待；同时对底盘舒适性仍有疑问，决策中会对比宝马5系；雷克萨斯RX；极氪009。,先围绕商务接待场景切入，再把外观设计转化为可感知体验；对底盘舒适性需结合竞品对比和真实用车成本解释。,公开资料方向拟定/模拟问卷样本,基于车型定位、价格段、能源形式、公开车主口碑和公开用户画像报告拟定；仅用于产品Demo，不代表真实调研结果。,奥迪A6L公开车主口碑｜懂车帝,https://www.dongchedi.com/auto/series/score/99-x-S0-P107-x-x-x
S071-19,上汽奥迪,奥迪A7L,奥迪A7L,41.87-66.62万,50-60万,传统燃料；常规混合动力,轿车,中大型,5座,浙江省,2026-08-24,31-35岁,男,公务员/事业单位,50-80万,已婚一孩,5人及以上,是,否,无车,首购,无车,40-70万,已购/用车复盘,1-2个月,本人+配偶,配偶；父母；子女,家庭出行升级；商务接待；家庭兼商务,城市通勤；周末短途；家庭出行,小红书/抖音内容；朋友/同事推荐,是,可靠性；乘坐舒适；外观设计；空间舒适,希望兼顾家人乘坐和周末出行,后备厢空间；竞品是否更强,雷克萨斯RX；极氪009,继续比较,待定,,受访者关注可靠性，主要用于城市通勤；同时对后备厢空间仍有疑问，决策中会对比雷克萨斯RX；极氪009。,先围绕城市通勤场景切入，再把可靠性转化为可感知体验；对后备厢空间需结合竞品对比和真实用车成本解释。,公开资料方向拟定/模拟问卷样本,基于车型定位、价格段、能源形式、公开车主口碑和公开用户画像报告拟定；仅用于产品Demo，不代表真实调研结果。,奥迪A6L公开车主口碑｜懂车帝,https://www.dongchedi.com/auto/series/score/99-x-S0-P107-x-x-x
S071-20,上汽奥迪,奥迪A7L,奥迪A7L,41.87-66.62万,50-60万,传统燃料；常规混合动力,轿车,中大型,5座,江苏省,2026-07-05,41-45岁,男,企业高管/企业主,50-80万,已婚一孩,4人,是,是,无车,首购,无车,40-70万,已试驾,2个月以上,本人+配偶,子女；配偶；车主评价,家庭兼商务；商务接待；家庭出行升级,城市通勤；周末短途；商务接待,KOL评测；品牌直营店/4S店；小红书/抖音内容,是,通勤舒适；价格权益；品牌认知,在意品牌形象和商务/社交场景认可度；希望同预算下配置和权益更划算,竞品是否更强；权益透明度；后排地台隆起,极氪009；奔驰E级,倾向本品,待定,,受访者关注通勤舒适，主要用于城市通勤；同时对竞品是否更强仍有疑问，决策中会对比极氪009；奔驰E级。,先围绕城市通勤场景切入，再把通勤舒适转化为可感知体验；对竞品是否更强需结合竞品对比和真实用车成本解释。,公开资料方向拟定/模拟问卷样本,基于车型定位、价格段、能源形式、公开车主口碑和公开用户画像报告拟定；仅用于产品Demo，不代表真实调研结果。,奥迪A6L公开车主口碑｜懂车帝,https://www.dongchedi.com/auto/series/score/99-x-S0-P107-x-x-x
S072-01,路虎(进口),发现,发现,65.88-83.78万,70-80万,传统燃料；常规混合动力,SUV,中大型,7座,陕西省,2026-08-09,41-45岁,男,企业高管/企业主,80-100万,已婚一孩,5人及以上,是,否,BBA/传统豪华车,换购,BBA/传统豪华车,60-90万,已下订,1-2个月,本人+配偶,父母；配偶,家庭出行升级；商务接待；换新能源,周末短途；城市通勤；长途自驾,懂车帝/汽车之家口碑；小红书/抖音内容；品牌直营店/4S店,否,价格权益；空间舒适；安全性；第三排/多人乘坐,希望兼顾家人乘坐和周末出行；希望同预算下配置和权益更划算,价格是否值得；权益透明度；停车便利性,路虎卫士；奥迪Q7,价格合适会买,待定,,受访者关注价格权益，主要用于周末短途；同时对价格是否值得仍有疑问，决策中会对比路虎卫士；奥迪Q7。,先围绕周末短途场景切入，再把价格权益转化为可感知体验；对价格是否值得需结合竞品对比和真实用车成本解释。,公开资料方向拟定/模拟问卷样本,基于车型定位、价格段、能源形式、公开车主口碑和公开用户画像报告拟定；仅用于产品Demo，不代表真实调研结果。,2024增换购用户需求洞察｜汽车之家研究院,https://www.autohome.com.cn/news/202409/1300865.html
S072-02,路虎(进口),发现,发现,65.88-83.78万,70-80万,传统燃料；常规混合动力,SUV,中大型,7座,江苏省,2026-08-15,36-40岁,男,私营业主/个体经营者,80-100万,三代同堂,1人,是,是,家中已有新能源车,增购,家中已有新能源车,60-90万,已购/用车复盘,2个月以上,家庭共同决策,KOL/博主；配偶；父母,商务接待；品牌升级,接送孩子；家庭出行,车主群/社群讨论；朋友/同事推荐；品牌直营店/4S店,否,售后服务；空间舒适；安全性,希望兼顾家人乘坐和周末出行,车机/智能化是否落后；竞品是否更强；权益透明度,奥迪Q7；奔驰GLE(进口),倾向本品,待定,,受访者关注售后服务，主要用于接送孩子；同时对车机/智能化是否落后仍有疑问，决策中会对比奥迪Q7；奔驰GLE(进口)。,先围绕接送孩子场景切入，再把售后服务转化为可感知体验；对车机/智能化是否落后需结合竞品对比和真实用车成本解释。,公开资料方向拟定/模拟问卷样本,基于车型定位、价格段、能源形式、公开车主口碑和公开用户画像报告拟定；仅用于产品Demo，不代表真实调研结果。,2024增换购用户需求洞察｜汽车之家研究院,https://www.autohome.com.cn/news/202409/1300865.html
S072-03,路虎(进口),发现,发现,65.88-83.78万,70-80万,传统燃料；常规混合动力,SUV,中大型,7座,北京市,2026-07-01,36-40岁,男,私营业主/个体经营者,100万以上,已婚一孩,5人及以上,是,否,BBA/传统豪华车,换购,BBA/传统豪华车,60-90万,已下订,2个月以上,父母参与,父母；车主评价,家庭品质升级；家庭出行升级；换新能源,城市通勤；多成员家庭出行,车主群/社群讨论；懂车帝/汽车之家口碑,是,安全性；空间舒适；第三排/多人乘坐；保值率,希望兼顾家人乘坐和周末出行,保养维修费用；高端服务体验；保值率,奔驰GLE(进口)；途锐；奥迪A7,已购,是,,受访者关注安全性，主要用于城市通勤；同时对保养维修费用仍有疑问，决策中会对比奔驰GLE(进口)；途锐；奥迪A7。,先围绕城市通勤场景切入，再把安全性转化为可感知体验；对保养维修费用需结合竞品对比和真实用车成本解释。,公开资料方向拟定/模拟问卷样本,基于车型定位、价格段、能源形式、公开车主口碑和公开用户画像报告拟定；仅用于产品Demo，不代表真实调研结果。,2024增换购用户需求洞察｜汽车之家研究院,https://www.autohome.com.cn/news/202409/1300865.html
S072-04,路虎(进口),发现,发现,65.88-83.78万,70-80万,传统燃料；常规混合动力,SUV,中大型,7座,河南省,2026-06-28,41-45岁,女,企业高管/企业主,100万以上,已婚二孩及以上,4人,是,否,BBA/传统豪华车,换购,BBA/传统豪华车,60-90万,对比评估,1-2个月,父母参与,子女；车主评价,商务接待；空间升级,家庭出行；接送孩子；多成员家庭出行,车主群/社群讨论；朋友/同事推荐,是,价格权益；品牌认知；驾驶质感,在意品牌形象和商务/社交场景认可度；希望同预算下配置和权益更划算,车机/智能化是否落后；保值率,途锐；奥迪A7,继续比较,待定,,受访者关注价格权益，主要用于家庭出行；同时对车机/智能化是否落后仍有疑问，决策中会对比途锐；奥迪A7。,先围绕家庭出行场景切入，再把价格权益转化为可感知体验；对车机/智能化是否落后需结合竞品对比和真实用车成本解释。,公开资料方向拟定/模拟问卷样本,基于车型定位、价格段、能源形式、公开车主口碑和公开用户画像报告拟定；仅用于产品Demo，不代表真实调研结果。,2024增换购用户需求洞察｜汽车之家研究院,https://www.autohome.com.cn/news/202409/1300865.html
S072-05,路虎(进口),发现,发现,65.88-83.78万,70-80万,传统燃料；常规混合动力,SUV,中大型,7座,北京市,2026-07-13,36-40岁,不便透露,私营业主/个体经营者,50-80万,已婚二孩及以上,3人,是,否,家中已有燃油车,增购,家中已有燃油车,60-90万,已购/用车复盘,2个月以上,父母参与,KOL/博主；子女,品牌升级；家庭品质升级；通勤代步,长途自驾；城市通勤；多成员家庭出行,小红书/抖音内容；朋友/同事推荐,否,价格权益；安全性；空间舒适,希望兼顾家人乘坐和周末出行；希望同预算下配置和权益更划算,竞品是否更强；售后维修成本；价格是否值得,奥迪A7；路虎卫士,价格合适会买,待定,,受访者关注价格权益，主要用于长途自驾；同时对竞品是否更强仍有疑问，决策中会对比奥迪A7；路虎卫士。,先围绕长途自驾场景切入，再把价格权益转化为可感知体验；对竞品是否更强需结合竞品对比和真实用车成本解释。,公开资料方向拟定/模拟问卷样本,基于车型定位、价格段、能源形式、公开车主口碑和公开用户画像报告拟定；仅用于产品Demo，不代表真实调研结果。,2024增换购用户需求洞察｜汽车之家研究院,https://www.autohome.com.cn/news/202409/1300865.html
S072-06,路虎(进口),发现,发现,65.88-83.78万,70-80万,传统燃料；常规混合动力,SUV,中大型,7座,陕西省,2026-07-08,36-40岁,女,中基层管理者,100万以上,已婚二孩及以上,2人,是,是,家中已有新能源车,增购,家中已有新能源车,60-90万,已下订,1-2个月,家庭共同决策,子女；KOL/博主；配偶,通勤代步；品牌升级,接送孩子；周末短途；多成员家庭出行,KOL评测；朋友/同事推荐,是,品牌认知；第三排/多人乘坐；豪华感/质感,在意品牌形象和商务/社交场景认可度,价格是否值得；第三排舒适性,路虎卫士；奥迪Q7；奔驰GLE(进口),倾向本品,待定,,受访者关注品牌认知，主要用于接送孩子；同时对价格是否值得仍有疑问，决策中会对比路虎卫士；奥迪Q7；奔驰GLE(进口)。,先围绕接送孩子场景切入，再把品牌认知转化为可感知体验；对价格是否值得需结合竞品对比和真实用车成本解释。,公开资料方向拟定/模拟问卷样本,基于车型定位、价格段、能源形式、公开车主口碑和公开用户画像报告拟定；仅用于产品Demo，不代表真实调研结果。,2024增换购用户需求洞察｜汽车之家研究院,https://www.autohome.com.cn/news/202409/1300865.html
S072-07,路虎(进口),发现,发现,65.88-83.78万,70-80万,传统燃料；常规混合动力,SUV,中大型,7座,广东省,2026-08-21,46岁以上,男,企业高管/企业主,100万以上,已婚一孩,3人,是,是,BBA/传统豪华车,换购,BBA/传统豪华车,60-90万,已试驾,2个月以上,本人+配偶,子女；KOL/博主,商务接待；家庭品质升级；家庭出行升级,接送孩子；长途自驾,懂车帝/汽车之家口碑；车主群/社群讨论,是,品牌认知；豪华感/质感；安全性,在意品牌形象和商务/社交场景认可度,车身尺寸是否好开；保值率,奥迪Q7；奔驰GLE(进口),价格合适会买,待定,,受访者关注品牌认知，主要用于接送孩子；同时对车身尺寸是否好开仍有疑问，决策中会对比奥迪Q7；奔驰GLE(进口)。,先围绕接送孩子场景切入，再把品牌认知转化为可感知体验；对车身尺寸是否好开需结合竞品对比和真实用车成本解释。,公开资料方向拟定/模拟问卷样本,基于车型定位、价格段、能源形式、公开车主口碑和公开用户画像报告拟定；仅用于产品Demo，不代表真实调研结果。,2024增换购用户需求洞察｜汽车之家研究院,https://www.autohome.com.cn/news/202409/1300865.html
S072-08,路虎(进口),发现,发现,65.88-83.78万,70-80万,传统燃料；常规混合动力,SUV,中大型,7座,江苏省,2026-08-17,36-40岁,男,企业高管/企业主,100万以上,已婚二孩及以上,1人,是,否,BBA/传统豪华车,换购,BBA/传统豪华车,60-90万,已试驾,1-2个月,家庭共同决策,KOL/博主；父母；子女,商务接待；品牌升级；通勤代步,接送孩子；家庭出行；周末短途,车主群/社群讨论；懂车帝/汽车之家口碑,否,第三排/多人乘坐；乘坐舒适；保值率；空间舒适,希望兼顾家人乘坐和周末出行,售后维修成本；保养维修费用；保值率,奔驰GLE(进口)；途锐,转向竞品,否,品牌认可度更高,受访者关注第三排/多人乘坐，主要用于接送孩子；同时对售后维修成本仍有疑问，决策中会对比奔驰GLE(进口)；途锐。,先围绕接送孩子场景切入，再把第三排/多人乘坐转化为可感知体验；对售后维修成本需结合竞品对比和真实用车成本解释。,公开资料方向拟定/模拟问卷样本,基于车型定位、价格段、能源形式、公开车主口碑和公开用户画像报告拟定；仅用于产品Demo，不代表真实调研结果。,2024增换购用户需求洞察｜汽车之家研究院,https://www.autohome.com.cn/news/202409/1300865.html
S073-01,沃尔沃(进口),沃尔沃XC90,沃尔沃XC90,63.89-78.19万,70-80万,常规混合动力,SUV,中大型,5座；6座；7座,湖南省,2026-08-15,46岁以上,男,企业高管/企业主,50-80万,三代同堂,3人,是,是,BBA/传统豪华车,换购,BBA/传统豪华车,60-80万,初步了解,1-2个月,家庭共同决策,配偶；KOL/博主,换新能源；商务接待,长途自驾；接送孩子；城市通勤,品牌直营店/4S店；懂车帝/汽车之家口碑；KOL评测,是,品牌认知；售后服务；保值率,在意品牌形象和商务/社交场景认可度,停车便利性；价格是否值得,奥迪Q7；奥迪A7,倾向本品,待定,,受访者关注品牌认知，主要用于长途自驾；同时对停车便利性仍有疑问，决策中会对比奥迪Q7；奥迪A7。,先围绕长途自驾场景切入，再把品牌认知转化为可感知体验；对停车便利性需结合竞品对比和真实用车成本解释。,公开资料方向拟定/模拟问卷样本,基于车型定位、价格段、能源形式、公开车主口碑和公开用户画像报告拟定；仅用于产品Demo，不代表真实调研结果。,2024增换购用户需求洞察｜汽车之家研究院,https://www.autohome.com.cn/news/202409/1300865.html
S073-02,沃尔沃(进口),沃尔沃XC90,沃尔沃XC90,63.89-78.19万,70-80万,常规混合动力,SUV,中大型,5座；6座；7座,河南省,2026-06-02,41-45岁,男,私营业主/个体经营者,80-100万,已婚无孩,5人及以上,否,是,家中已有新能源车,增购,家中已有新能源车,60-80万,已试驾,1-2个月,本人+配偶,KOL/博主；朋友/同事；配偶,换新能源；通勤代步；品牌升级,周末短途；家庭出行；城市通勤,小红书/抖音内容；朋友/同事推荐,否,价格权益；驾驶质感；第三排/多人乘坐；售后服务,希望同预算下配置和权益更划算,高端服务体验；第三排舒适性；价格是否值得,奥迪A7；发现,价格合适会买,待定,,受访者关注价格权益，主要用于周末短途；同时对高端服务体验仍有疑问，决策中会对比奥迪A7；发现。,先围绕周末短途场景切入，再把价格权益转化为可感知体验；对高端服务体验需结合竞品对比和真实用车成本解释。,公开资料方向拟定/模拟问卷样本,基于车型定位、价格段、能源形式、公开车主口碑和公开用户画像报告拟定；仅用于产品Demo，不代表真实调研结果。,2024增换购用户需求洞察｜汽车之家研究院,https://www.autohome.com.cn/news/202409/1300865.html
S073-03,沃尔沃(进口),沃尔沃XC90,沃尔沃XC90,63.89-78.19万,70-80万,常规混合动力,SUV,中大型,5座；6座；7座,重庆市,2026-07-04,41-45岁,不便透露,企业高管/企业主,50-80万,三代同堂,3人,是,是,家中已有燃油车,增购,家中已有燃油车,60-80万,对比评估,2个月以上,家庭共同决策,配偶；子女；父母,通勤代步；品牌升级；家庭出行升级,多成员家庭出行；城市通勤,懂车帝/汽车之家口碑；KOL评测；品牌直营店/4S店,是,安全性；可靠性；售后服务；空间舒适,希望兼顾家人乘坐和周末出行,竞品是否更强；价格是否值得,发现；宝马X5；途锐,倾向本品,待定,,受访者关注安全性，主要用于多成员家庭出行；同时对竞品是否更强仍有疑问，决策中会对比发现；宝马X5；途锐。,先围绕多成员家庭出行场景切入，再把安全性转化为可感知体验；对竞品是否更强需结合竞品对比和真实用车成本解释。,公开资料方向拟定/模拟问卷样本,基于车型定位、价格段、能源形式、公开车主口碑和公开用户画像报告拟定；仅用于产品Demo，不代表真实调研结果。,2024增换购用户需求洞察｜汽车之家研究院,https://www.autohome.com.cn/news/202409/1300865.html
S073-04,沃尔沃(进口),沃尔沃XC90,沃尔沃XC90,63.89-78.19万,70-80万,常规混合动力,SUV,中大型,5座；6座；7座,北京市,2026-08-26,46岁以上,女,企业高管/企业主,50-80万,已婚一孩,3人,是,否,BBA/传统豪华车,换购,BBA/传统豪华车,60-80万,已购/用车复盘,2个月以上,家庭共同决策,车主评价；父母；KOL/博主,家庭出行升级；家庭品质升级；换新能源,家庭出行；城市通勤；多成员家庭出行,车主群/社群讨论；品牌直营店/4S店,否,空间舒适；售后服务；驾驶质感,希望兼顾家人乘坐和周末出行,权益透明度；停车便利性,宝马X5；途锐,继续比较,待定,,受访者关注空间舒适，主要用于家庭出行；同时对权益透明度仍有疑问，决策中会对比宝马X5；途锐。,先围绕家庭出行场景切入，再把空间舒适转化为可感知体验；对权益透明度需结合竞品对比和真实用车成本解释。,公开资料方向拟定/模拟问卷样本,基于车型定位、价格段、能源形式、公开车主口碑和公开用户画像报告拟定；仅用于产品Demo，不代表真实调研结果。,2024增换购用户需求洞察｜汽车之家研究院,https://www.autohome.com.cn/news/202409/1300865.html
S073-05,沃尔沃(进口),沃尔沃XC90,沃尔沃XC90,63.89-78.19万,70-80万,常规混合动力,SUV,中大型,5座；6座；7座,山东省,2026-08-23,36-40岁,女,企业高管/企业主,100万以上,三代同堂,4人,是,是,家中已有燃油车,增购,家中已有燃油车,60-80万,已购/用车复盘,2周-1个月,本人+配偶,子女；KOL/博主,商务接待；通勤代步；家庭出行升级,长途自驾；多成员家庭出行；周末短途,车主群/社群讨论；品牌直营店/4S店,是,豪华感/质感；乘坐舒适；安全性,希望在预算内获得更稳定的综合体验,停车便利性；保值率；车身尺寸是否好开,途锐；奥迪Q7,转向竞品,否,竞品价格更低,受访者关注豪华感/质感，主要用于长途自驾；同时对停车便利性仍有疑问，决策中会对比途锐；奥迪Q7。,先围绕长途自驾场景切入，再把豪华感/质感转化为可感知体验；对停车便利性需结合竞品对比和真实用车成本解释。,公开资料方向拟定/模拟问卷样本,基于车型定位、价格段、能源形式、公开车主口碑和公开用户画像报告拟定；仅用于产品Demo，不代表真实调研结果。,2024增换购用户需求洞察｜汽车之家研究院,https://www.autohome.com.cn/news/202409/1300865.html
S073-06,沃尔沃(进口),沃尔沃XC90,沃尔沃XC90,63.89-78.19万,70-80万,常规混合动力,SUV,中大型,5座；6座；7座,北京市,2026-07-10,41-45岁,不便透露,企业高管/企业主,50-80万,三代同堂,3人,是,是,BBA/传统豪华车,换购,BBA/传统豪华车,60-80万,已试驾,2周-1个月,本人+配偶,车主评价；KOL/博主,品牌升级；家庭品质升级,多成员家庭出行；周末短途；城市通勤,车主群/社群讨论；朋友/同事推荐,否,可靠性；空间舒适；第三排/多人乘坐,希望兼顾家人乘坐和周末出行,第三排舒适性；车身尺寸是否好开,奥迪Q7；奥迪A7；发现,已下订,是,,受访者关注可靠性，主要用于多成员家庭出行；同时对第三排舒适性仍有疑问，决策中会对比奥迪Q7；奥迪A7；发现。,先围绕多成员家庭出行场景切入，再把可靠性转化为可感知体验；对第三排舒适性需结合竞品对比和真实用车成本解释。,公开资料方向拟定/模拟问卷样本,基于车型定位、价格段、能源形式、公开车主口碑和公开用户画像报告拟定；仅用于产品Demo，不代表真实调研结果。,2024增换购用户需求洞察｜汽车之家研究院,https://www.autohome.com.cn/news/202409/1300865.html
S073-07,沃尔沃(进口),沃尔沃XC90,沃尔沃XC90,63.89-78.19万,70-80万,常规混合动力,SUV,中大型,5座；6座；7座,湖北省,2026-06-22,36-40岁,男,企业高管/企业主,100万以上,已婚无孩,3人,否,否,无车,首购,无车,60-80万,已购/用车复盘,1-2个月,家庭共同决策,朋友/同事；配偶；KOL/博主,换新能源；商务接待,家庭出行；城市通勤；长途自驾,品牌直营店/4S店；懂车帝/汽车之家口碑；车主群/社群讨论,否,家庭适配；豪华感/质感；可靠性,希望兼顾家人乘坐和周末出行,权益透明度；价格是否值得,奥迪A7；发现,价格合适会买,待定,,受访者关注家庭适配，主要用于家庭出行；同时对权益透明度仍有疑问，决策中会对比奥迪A7；发现。,先围绕家庭出行场景切入，再把家庭适配转化为可感知体验；对权益透明度需结合竞品对比和真实用车成本解释。,公开资料方向拟定/模拟问卷样本,基于车型定位、价格段、能源形式、公开车主口碑和公开用户画像报告拟定；仅用于产品Demo，不代表真实调研结果。,2024增换购用户需求洞察｜汽车之家研究院,https://www.autohome.com.cn/news/202409/1300865.html
S073-08,沃尔沃(进口),沃尔沃XC90,沃尔沃XC90,63.89-78.19万,70-80万,常规混合动力,SUV,中大型,5座；6座；7座,安徽省,2026-08-06,41-45岁,男,私营业主/个体经营者,100万以上,已婚无孩,3人,否,是,家中已有新能源车,增购,家中已有新能源车,60-80万,已试驾,2周-1个月,本人+配偶,配偶；KOL/博主,家庭出行升级；通勤代步；换新能源,长途自驾；多成员家庭出行,车主群/社群讨论；KOL评测；朋友/同事推荐,是,安全性；价格权益；可靠性；乘坐舒适,希望同预算下配置和权益更划算,高端服务体验；车身尺寸是否好开；停车便利性,发现；宝马X5,倾向本品,待定,,受访者关注安全性，主要用于长途自驾；同时对高端服务体验仍有疑问，决策中会对比发现；宝马X5。,先围绕长途自驾场景切入，再把安全性转化为可感知体验；对高端服务体验需结合竞品对比和真实用车成本解释。,公开资料方向拟定/模拟问卷样本,基于车型定位、价格段、能源形式、公开车主口碑和公开用户画像报告拟定；仅用于产品Demo，不代表真实调研结果。,2024增换购用户需求洞察｜汽车之家研究院,https://www.autohome.com.cn/news/202409/1300865.html
S074-01,保时捷,Macan,Macan,57.80-85.80万,70-80万,传统燃料,SUV,中型,5座,山东省,2026-06-11,36-40岁,女,企业高管/企业主,50-80万,已婚一孩,3人,是,否,BBA/传统豪华车,换购,BBA/传统豪华车,50-90万,已试驾,1-2个月,本人,父母；子女；车主评价,换新能源；家庭品质升级；品牌升级,城市通勤；周末短途,懂车帝/汽车之家口碑；朋友/同事推荐,是,可靠性；品牌认知；空间舒适；乘坐舒适,希望兼顾家人乘坐和周末出行；在意品牌形象和商务/社交场景认可度,油耗是否偏高；保养维修费用,揽胜星脉；途锐,价格合适会买,待定,,受访者关注可靠性，主要用于城市通勤；同时对油耗是否偏高仍有疑问，决策中会对比揽胜星脉；途锐。,先围绕城市通勤场景切入，再把可靠性转化为可感知体验；对油耗是否偏高需结合竞品对比和真实用车成本解释。,公开资料方向拟定/模拟问卷样本,基于车型定位、价格段、能源形式、公开车主口碑和公开用户画像报告拟定；仅用于产品Demo，不代表真实调研结果。,2024增换购用户需求洞察｜汽车之家研究院,https://www.autohome.com.cn/news/202409/1300865.html
S074-02,保时捷,Macan,Macan,57.80-85.80万,70-80万,传统燃料,SUV,中型,5座,江苏省,2026-08-26,41-45岁,男,企业高管/企业主,100万以上,已婚二孩及以上,1人,是,是,BBA/传统豪华车,换购,BBA/传统豪华车,50-90万,已试驾,2周-1个月,本人+配偶,配偶；子女,通勤代步；商务接待；品牌升级,周末短途；家庭出行,车主群/社群讨论；品牌直营店/4S店,是,可靠性；空间舒适；品牌认知,希望兼顾家人乘坐和周末出行；在意品牌形象和商务/社交场景认可度,竞品是否更强；价格是否值得；保值率,途锐；奥迪A7,继续比较,待定,,受访者关注可靠性，主要用于周末短途；同时对竞品是否更强仍有疑问，决策中会对比途锐；奥迪A7。,先围绕周末短途场景切入，再把可靠性转化为可感知体验；对竞品是否更强需结合竞品对比和真实用车成本解释。,公开资料方向拟定/模拟问卷样本,基于车型定位、价格段、能源形式、公开车主口碑和公开用户画像报告拟定；仅用于产品Demo，不代表真实调研结果。,2024增换购用户需求洞察｜汽车之家研究院,https://www.autohome.com.cn/news/202409/1300865.html
S074-03,保时捷,Macan,Macan,57.80-85.80万,70-80万,传统燃料,SUV,中型,5座,安徽省,2026-07-16,36-40岁,男,企业高管/企业主,50-80万,已婚无孩,2人,否,否,家中已有燃油车,增购,家中已有燃油车,50-90万,已试驾,2个月以上,家庭共同决策,朋友/同事；车主评价；配偶,家庭品质升级；通勤代步,家庭出行；周末短途,懂车帝/汽车之家口碑；朋友/同事推荐,是,空间舒适；品牌认知；安全性,希望兼顾家人乘坐和周末出行；在意品牌形象和商务/社交场景认可度,权益透明度；车机/智能化是否落后；竞品是否更强,奥迪A7；奥迪Q7；发现,倾向本品,待定,,受访者关注空间舒适，主要用于家庭出行；同时对权益透明度仍有疑问，决策中会对比奥迪A7；奥迪Q7；发现。,先围绕家庭出行场景切入，再把空间舒适转化为可感知体验；对权益透明度需结合竞品对比和真实用车成本解释。,公开资料方向拟定/模拟问卷样本,基于车型定位、价格段、能源形式、公开车主口碑和公开用户画像报告拟定；仅用于产品Demo，不代表真实调研结果。,2024增换购用户需求洞察｜汽车之家研究院,https://www.autohome.com.cn/news/202409/1300865.html
S074-04,保时捷,Macan,Macan,57.80-85.80万,70-80万,传统燃料,SUV,中型,5座,山东省,2026-08-19,41-45岁,不便透露,私营业主/个体经营者,100万以上,三代同堂,4人,是,是,BBA/传统豪华车,换购,BBA/传统豪华车,50-90万,已下订,1-2个月,企业/业务需求,配偶；父母,商务接待；家庭出行升级,家庭出行；城市通勤；周末短途,朋友/同事推荐；车主群/社群讨论,是,品牌认知；售后服务；豪华感/质感；空间舒适,希望兼顾家人乘坐和周末出行；在意品牌形象和商务/社交场景认可度,竞品是否更强；价格是否值得；油耗是否偏高,奥迪Q7；发现,倾向本品,待定,,受访者关注品牌认知，主要用于家庭出行；同时对竞品是否更强仍有疑问，决策中会对比奥迪Q7；发现。,先围绕家庭出行场景切入，再把品牌认知转化为可感知体验；对竞品是否更强需结合竞品对比和真实用车成本解释。,公开资料方向拟定/模拟问卷样本,基于车型定位、价格段、能源形式、公开车主口碑和公开用户画像报告拟定；仅用于产品Demo，不代表真实调研结果。,2024增换购用户需求洞察｜汽车之家研究院,https://www.autohome.com.cn/news/202409/1300865.html
S074-05,保时捷,Macan,Macan,57.80-85.80万,70-80万,传统燃料,SUV,中型,5座,山东省,2026-06-04,46岁以上,女,企业高管/企业主,50-80万,三代同堂,5人及以上,是,是,BBA/传统豪华车,换购,BBA/传统豪华车,50-90万,已试驾,1-2个月,本人+配偶,父母；配偶；子女,空间升级；家庭品质升级；品牌升级,家庭出行；城市通勤；周末短途,懂车帝/汽车之家口碑；车主群/社群讨论,否,安全性；驾驶质感；乘坐舒适,希望在预算内获得更稳定的综合体验,竞品是否更强；售后维修成本；保值率,发现；揽胜星脉,倾向本品,待定,,受访者关注安全性，主要用于家庭出行；同时对竞品是否更强仍有疑问，决策中会对比发现；揽胜星脉。,先围绕家庭出行场景切入，再把安全性转化为可感知体验；对竞品是否更强需结合竞品对比和真实用车成本解释。,公开资料方向拟定/模拟问卷样本,基于车型定位、价格段、能源形式、公开车主口碑和公开用户画像报告拟定；仅用于产品Demo，不代表真实调研结果。,2024增换购用户需求洞察｜汽车之家研究院,https://www.autohome.com.cn/news/202409/1300865.html
S074-06,保时捷,Macan,Macan,57.80-85.80万,70-80万,传统燃料,SUV,中型,5座,浙江省,2026-07-10,41-45岁,男,企业高管/企业主,100万以上,已婚二孩及以上,3人,是,否,BBA/传统豪华车,换购,BBA/传统豪华车,50-90万,对比评估,2个月以上,家庭共同决策,配偶；子女,空间升级；品牌升级,家庭出行；周末短途,小红书/抖音内容；懂车帝/汽车之家口碑；车主群/社群讨论,否,价格权益；安全性；保值率,希望同预算下配置和权益更划算,售后维修成本；保养维修费用,揽胜星脉；途锐；奥迪A7,倾向本品,待定,,受访者关注价格权益，主要用于家庭出行；同时对售后维修成本仍有疑问，决策中会对比揽胜星脉；途锐；奥迪A7。,先围绕家庭出行场景切入，再把价格权益转化为可感知体验；对售后维修成本需结合竞品对比和真实用车成本解释。,公开资料方向拟定/模拟问卷样本,基于车型定位、价格段、能源形式、公开车主口碑和公开用户画像报告拟定；仅用于产品Demo，不代表真实调研结果。,2024增换购用户需求洞察｜汽车之家研究院,https://www.autohome.com.cn/news/202409/1300865.html
S074-07,保时捷,Macan,Macan,57.80-85.80万,70-80万,传统燃料,SUV,中型,5座,北京市,2026-06-05,36-40岁,女,企业高管/企业主,80-100万,已婚一孩,2人,是,否,BBA/传统豪华车,换购,BBA/传统豪华车,50-90万,对比评估,2个月以上,企业/业务需求,父母；车主评价,家庭出行升级；品牌升级,家庭出行；城市通勤；周末短途,懂车帝/汽车之家口碑；KOL评测,是,可靠性；安全性；售后服务；品牌认知,在意品牌形象和商务/社交场景认可度,高端服务体验；车机/智能化是否落后,途锐；奥迪A7,倾向本品,待定,,受访者关注可靠性，主要用于家庭出行；同时对高端服务体验仍有疑问，决策中会对比途锐；奥迪A7。,先围绕家庭出行场景切入，再把可靠性转化为可感知体验；对高端服务体验需结合竞品对比和真实用车成本解释。,公开资料方向拟定/模拟问卷样本,基于车型定位、价格段、能源形式、公开车主口碑和公开用户画像报告拟定；仅用于产品Demo，不代表真实调研结果。,2024增换购用户需求洞察｜汽车之家研究院,https://www.autohome.com.cn/news/202409/1300865.html
S074-08,保时捷,Macan,Macan,57.80-85.80万,70-80万,传统燃料,SUV,中型,5座,重庆市,2026-08-08,46岁以上,男,私营业主/个体经营者,100万以上,已婚二孩及以上,2人,是,否,BBA/传统豪华车,换购,BBA/传统豪华车,50-90万,对比评估,2个月以上,本人+配偶,父母；子女；配偶,品牌升级；通勤代步；换新能源,家庭出行；周末短途；城市通勤,KOL评测；车主群/社群讨论,是,保值率；空间舒适；安全性；乘坐舒适,希望兼顾家人乘坐和周末出行,车机/智能化是否落后；价格是否值得；竞品是否更强,奥迪A7；奥迪Q7,已购,是,,受访者关注保值率，主要用于家庭出行；同时对车机/智能化是否落后仍有疑问，决策中会对比奥迪A7；奥迪Q7。,先围绕家庭出行场景切入，再把保值率转化为可感知体验；对车机/智能化是否落后需结合竞品对比和真实用车成本解释。,公开资料方向拟定/模拟问卷样本,基于车型定位、价格段、能源形式、公开车主口碑和公开用户画像报告拟定；仅用于产品Demo，不代表真实调研结果。,2024增换购用户需求洞察｜汽车之家研究院,https://www.autohome.com.cn/news/202409/1300865.html
S075-01,路虎(进口),揽胜星脉,揽胜星脉,56.80-78.80万,60-70万,传统燃料；常规混合动力,SUV,中型,5座,安徽省,2026-07-05,36-40岁,男,私营业主/个体经营者,100万以上,三代同堂,4人,是,是,家中已有燃油车,增购,家中已有燃油车,50-80万,已购/用车复盘,1-2个月,本人,父母；KOL/博主,商务接待；家庭出行升级；换新能源,周末短途；家庭出行；城市通勤,KOL评测；朋友/同事推荐；品牌直营店/4S店,否,售后服务；品牌认知；安全性,在意品牌形象和商务/社交场景认可度,油耗是否偏高；权益透明度；价格是否值得,Macan；途锐,倾向本品,待定,,受访者关注售后服务，主要用于周末短途；同时对油耗是否偏高仍有疑问，决策中会对比Macan；途锐。,先围绕周末短途场景切入，再把售后服务转化为可感知体验；对油耗是否偏高需结合竞品对比和真实用车成本解释。,公开资料方向拟定/模拟问卷样本,基于车型定位、价格段、能源形式、公开车主口碑和公开用户画像报告拟定；仅用于产品Demo，不代表真实调研结果。,2024增换购用户需求洞察｜汽车之家研究院,https://www.autohome.com.cn/news/202409/1300865.html
S075-02,路虎(进口),揽胜星脉,揽胜星脉,56.80-78.80万,60-70万,传统燃料；常规混合动力,SUV,中型,5座,广东省,2026-08-19,36-40岁,女,私营业主/个体经营者,100万以上,三代同堂,5人及以上,是,是,家中已有新能源车,增购,家中已有新能源车,50-80万,价格谈判,2周-1个月,本人+配偶,配偶；KOL/博主；父母,通勤代步；家庭出行升级,家庭出行；周末短途,车主群/社群讨论；品牌直营店/4S店；KOL评测,否,安全性；乘坐舒适；价格权益,希望同预算下配置和权益更划算,竞品是否更强；油耗是否偏高；保值率,途锐；奥迪A7,已下订,是,,受访者关注安全性，主要用于家庭出行；同时对竞品是否更强仍有疑问，决策中会对比途锐；奥迪A7。,先围绕家庭出行场景切入，再把安全性转化为可感知体验；对竞品是否更强需结合竞品对比和真实用车成本解释。,公开资料方向拟定/模拟问卷样本,基于车型定位、价格段、能源形式、公开车主口碑和公开用户画像报告拟定；仅用于产品Demo，不代表真实调研结果。,2024增换购用户需求洞察｜汽车之家研究院,https://www.autohome.com.cn/news/202409/1300865.html
S075-03,路虎(进口),揽胜星脉,揽胜星脉,56.80-78.80万,60-70万,传统燃料；常规混合动力,SUV,中型,5座,陕西省,2026-06-20,41-45岁,不便透露,企业高管/企业主,50-80万,已婚二孩及以上,3人,是,否,BBA/传统豪华车,换购,BBA/传统豪华车,50-80万,对比评估,1-2个月,家庭共同决策,配偶；子女；KOL/博主,家庭品质升级；通勤代步；空间升级,周末短途；家庭出行,小红书/抖音内容；懂车帝/汽车之家口碑,否,安全性；售后服务；空间舒适；可靠性,希望兼顾家人乘坐和周末出行,保养维修费用；权益透明度,奥迪A7；奥迪Q7；宝马X5,倾向本品,待定,,受访者关注安全性，主要用于周末短途；同时对保养维修费用仍有疑问，决策中会对比奥迪A7；奥迪Q7；宝马X5。,先围绕周末短途场景切入，再把安全性转化为可感知体验；对保养维修费用需结合竞品对比和真实用车成本解释。,公开资料方向拟定/模拟问卷样本,基于车型定位、价格段、能源形式、公开车主口碑和公开用户画像报告拟定；仅用于产品Demo，不代表真实调研结果。,2024增换购用户需求洞察｜汽车之家研究院,https://www.autohome.com.cn/news/202409/1300865.html
S075-04,路虎(进口),揽胜星脉,揽胜星脉,56.80-78.80万,60-70万,传统燃料；常规混合动力,SUV,中型,5座,山东省,2026-08-09,36-40岁,男,私营业主/个体经营者,80-100万,已婚一孩,2人,是,否,BBA/传统豪华车,换购,BBA/传统豪华车,50-80万,价格谈判,1-2个月,企业/业务需求,父母；车主评价；配偶,换新能源；空间升级,城市通勤；家庭出行；周末短途,朋友/同事推荐；懂车帝/汽车之家口碑；品牌直营店/4S店,是,品牌认知；价格权益；乘坐舒适；豪华感/质感,在意品牌形象和商务/社交场景认可度；希望同预算下配置和权益更划算,保值率；权益透明度,奥迪Q7；宝马X5,倾向本品,待定,,受访者关注品牌认知，主要用于城市通勤；同时对保值率仍有疑问，决策中会对比奥迪Q7；宝马X5。,先围绕城市通勤场景切入，再把品牌认知转化为可感知体验；对保值率需结合竞品对比和真实用车成本解释。,公开资料方向拟定/模拟问卷样本,基于车型定位、价格段、能源形式、公开车主口碑和公开用户画像报告拟定；仅用于产品Demo，不代表真实调研结果。,2024增换购用户需求洞察｜汽车之家研究院,https://www.autohome.com.cn/news/202409/1300865.html
S075-05,路虎(进口),揽胜星脉,揽胜星脉,56.80-78.80万,60-70万,传统燃料；常规混合动力,SUV,中型,5座,湖南省,2026-08-03,41-45岁,男,企业高管/企业主,80-100万,已婚二孩及以上,3人,是,是,BBA/传统豪华车,换购,BBA/传统豪华车,50-80万,对比评估,1-2个月,家庭共同决策,KOL/博主；配偶,空间升级；家庭出行升级,周末短途；家庭出行；城市通勤,懂车帝/汽车之家口碑；品牌直营店/4S店,是,保值率；乘坐舒适；豪华感/质感；驾驶质感,希望在预算内获得更稳定的综合体验,保养维修费用；车机/智能化是否落后,宝马X5；Macan,继续比较,待定,,受访者关注保值率，主要用于周末短途；同时对保养维修费用仍有疑问，决策中会对比宝马X5；Macan。,先围绕周末短途场景切入，再把保值率转化为可感知体验；对保养维修费用需结合竞品对比和真实用车成本解释。,公开资料方向拟定/模拟问卷样本,基于车型定位、价格段、能源形式、公开车主口碑和公开用户画像报告拟定；仅用于产品Demo，不代表真实调研结果。,2024增换购用户需求洞察｜汽车之家研究院,https://www.autohome.com.cn/news/202409/1300865.html
S075-06,路虎(进口),揽胜星脉,揽胜星脉,56.80-78.80万,60-70万,传统燃料；常规混合动力,SUV,中型,5座,重庆市,2026-08-22,41-45岁,男,企业高管/企业主,100万以上,已婚二孩及以上,3人,是,是,BBA/传统豪华车,换购,BBA/传统豪华车,50-80万,已购/用车复盘,1-2个月,家庭共同决策,配偶；子女,空间升级；换新能源；家庭品质升级,家庭出行；周末短途,车主群/社群讨论；KOL评测；懂车帝/汽车之家口碑,否,品牌认知；可靠性；安全性,在意品牌形象和商务/社交场景认可度,车机/智能化是否落后；保养维修费用；竞品是否更强,Macan；途锐；奥迪A7,倾向本品,待定,,受访者关注品牌认知，主要用于家庭出行；同时对车机/智能化是否落后仍有疑问，决策中会对比Macan；途锐；奥迪A7。,先围绕家庭出行场景切入，再把品牌认知转化为可感知体验；对车机/智能化是否落后需结合竞品对比和真实用车成本解释。,公开资料方向拟定/模拟问卷样本,基于车型定位、价格段、能源形式、公开车主口碑和公开用户画像报告拟定；仅用于产品Demo，不代表真实调研结果。,2024增换购用户需求洞察｜汽车之家研究院,https://www.autohome.com.cn/news/202409/1300865.html
S075-07,路虎(进口),揽胜星脉,揽胜星脉,56.80-78.80万,60-70万,传统燃料；常规混合动力,SUV,中型,5座,陕西省,2026-08-14,41-45岁,男,私营业主/个体经营者,80-100万,三代同堂,3人,是,是,BBA/传统豪华车,换购,BBA/传统豪华车,50-80万,已试驾,1-2个月,本人+配偶,父母；子女；KOL/博主,家庭出行升级；通勤代步；换新能源,家庭出行；城市通勤；周末短途,车主群/社群讨论；朋友/同事推荐；KOL评测,是,保值率；品牌认知；售后服务；豪华感/质感,在意品牌形象和商务/社交场景认可度,售后维修成本；权益透明度,途锐；奥迪A7,倾向本品,待定,,受访者关注保值率，主要用于家庭出行；同时对售后维修成本仍有疑问，决策中会对比途锐；奥迪A7。,先围绕家庭出行场景切入，再把保值率转化为可感知体验；对售后维修成本需结合竞品对比和真实用车成本解释。,公开资料方向拟定/模拟问卷样本,基于车型定位、价格段、能源形式、公开车主口碑和公开用户画像报告拟定；仅用于产品Demo，不代表真实调研结果。,2024增换购用户需求洞察｜汽车之家研究院,https://www.autohome.com.cn/news/202409/1300865.html
S075-08,路虎(进口),揽胜星脉,揽胜星脉,56.80-78.80万,60-70万,传统燃料；常规混合动力,SUV,中型,5座,陕西省,2026-08-18,46岁以上,男,私营业主/个体经营者,100万以上,三代同堂,1人,是,是,无车,首购,无车,50-80万,已购/用车复盘,2个月以上,本人,KOL/博主；子女,空间升级；家庭出行升级,周末短途；城市通勤；家庭出行,车主群/社群讨论；朋友/同事推荐；KOL评测,否,可靠性；品牌认知；豪华感/质感；驾驶质感,在意品牌形象和商务/社交场景认可度,售后维修成本；高端服务体验,奥迪A7；奥迪Q7,继续比较,待定,,受访者关注可靠性，主要用于周末短途；同时对售后维修成本仍有疑问，决策中会对比奥迪A7；奥迪Q7。,先围绕周末短途场景切入，再把可靠性转化为可感知体验；对售后维修成本需结合竞品对比和真实用车成本解释。,公开资料方向拟定/模拟问卷样本,基于车型定位、价格段、能源形式、公开车主口碑和公开用户画像报告拟定；仅用于产品Demo，不代表真实调研结果。,2024增换购用户需求洞察｜汽车之家研究院,https://www.autohome.com.cn/news/202409/1300865.html
S076-01,奥迪(进口),奥迪A8,奥迪A8,79.98-207.68万,100万以上,传统燃料,轿车,大型,5座；4座,湖南省,2026-07-01,41-45岁,男,金融/地产从业者,80-100万,已婚一孩,3人,是,否,BBA/传统豪华车,换购,BBA/传统豪华车,70-210万,初步了解,1-2个月,本人+配偶,配偶；父母,家庭出行升级；品牌升级,家庭出行；城市通勤,小红书/抖音内容；懂车帝/汽车之家口碑；朋友/同事推荐,是,价格权益；豪华感/质感；售后服务；外观设计,希望同预算下配置和权益更划算,保养维修费用；高端服务体验,迈巴赫S级；Panamera,倾向本品,待定,,受访者关注价格权益，主要用于家庭出行；同时对保养维修费用仍有疑问，决策中会对比迈巴赫S级；Panamera。,先围绕家庭出行场景切入，再把价格权益转化为可感知体验；对保养维修费用需结合竞品对比和真实用车成本解释。,公开资料方向拟定/模拟问卷样本,基于车型定位、价格段、能源形式、公开车主口碑和公开用户画像报告拟定；仅用于产品Demo，不代表真实调研结果。,奥迪A6L公开车主口碑｜懂车帝,https://www.dongchedi.com/auto/series/score/99-x-S0-P107-x-x-x
S076-02,奥迪(进口),奥迪A8,奥迪A8,79.98-207.68万,100万以上,传统燃料,轿车,大型,5座；4座,广东省,2026-08-15,41-45岁,女,金融/地产从业者,50-80万,已婚二孩及以上,5人及以上,是,否,BBA/传统豪华车,换购,BBA/传统豪华车,70-210万,初步了解,2周-1个月,企业/业务需求,子女；父母,家庭品质升级；家庭出行升级；换新能源,家庭出行；城市通勤；商务接待,KOL评测；小红书/抖音内容,是,乘坐舒适；可靠性；静谧性,希望在预算内获得更稳定的综合体验,保值率；车机/智能化是否落后,Panamera；雷克萨斯LS,价格合适会买,待定,,受访者关注乘坐舒适，主要用于家庭出行；同时对保值率仍有疑问，决策中会对比Panamera；雷克萨斯LS。,先围绕家庭出行场景切入，再把乘坐舒适转化为可感知体验；对保值率需结合竞品对比和真实用车成本解释。,公开资料方向拟定/模拟问卷样本,基于车型定位、价格段、能源形式、公开车主口碑和公开用户画像报告拟定；仅用于产品Demo，不代表真实调研结果。,奥迪A6L公开车主口碑｜懂车帝,https://www.dongchedi.com/auto/series/score/99-x-S0-P107-x-x-x
S076-03,奥迪(进口),奥迪A8,奥迪A8,79.98-207.68万,100万以上,传统燃料,轿车,大型,5座；4座,安徽省,2026-06-02,36-40岁,男,中基层管理者,80-100万,已婚一孩,4人,是,否,无车,首购,无车,70-210万,流失/转向竞品,1-2个月,本人+配偶,父母；子女,商务接待；空间升级；换新能源,家庭出行；商务接待；周末短途,车主群/社群讨论；懂车帝/汽车之家口碑；朋友/同事推荐,是,通勤舒适；乘坐舒适；空间舒适；静谧性,希望兼顾家人乘坐和周末出行,后排地台隆起；保值率；高端服务体验,雷克萨斯LS；尊界S800；宝马7系,倾向本品,待定,,受访者关注通勤舒适，主要用于家庭出行；同时对后排地台隆起仍有疑问，决策中会对比雷克萨斯LS；尊界S800；宝马7系。,先围绕家庭出行场景切入，再把通勤舒适转化为可感知体验；对后排地台隆起需结合竞品对比和真实用车成本解释。,公开资料方向拟定/模拟问卷样本,基于车型定位、价格段、能源形式、公开车主口碑和公开用户画像报告拟定；仅用于产品Demo，不代表真实调研结果。,奥迪A6L公开车主口碑｜懂车帝,https://www.dongchedi.com/auto/series/score/99-x-S0-P107-x-x-x
S076-04,奥迪(进口),奥迪A8,奥迪A8,79.98-207.68万,100万以上,传统燃料,轿车,大型,5座；4座,上海市,2026-06-18,36-40岁,不便透露,金融/地产从业者,50-80万,已婚无孩,2人,否,否,BBA/传统豪华车,换购,BBA/传统豪华车,70-210万,已试驾,2个月以上,企业/业务需求,KOL/博主；车主评价；配偶,家庭品质升级；换新能源；家庭出行升级,商务接待；周末短途；家庭出行,小红书/抖音内容；车主群/社群讨论；KOL评测,是,空间舒适；驾驶质感；品牌体面感；品牌认知,希望兼顾家人乘坐和周末出行；在意品牌形象和商务/社交场景认可度,保值率；保养维修费用；保养维修成本,尊界S800；宝马7系,已下订,是,,受访者关注空间舒适，主要用于商务接待；同时对保值率仍有疑问，决策中会对比尊界S800；宝马7系。,先围绕商务接待场景切入，再把空间舒适转化为可感知体验；对保值率需结合竞品对比和真实用车成本解释。,公开资料方向拟定/模拟问卷样本,基于车型定位、价格段、能源形式、公开车主口碑和公开用户画像报告拟定；仅用于产品Demo，不代表真实调研结果。,奥迪A6L公开车主口碑｜懂车帝,https://www.dongchedi.com/auto/series/score/99-x-S0-P107-x-x-x
S076-05,奥迪(进口),奥迪A8,奥迪A8,79.98-207.68万,100万以上,传统燃料,轿车,大型,5座；4座,陕西省,2026-08-20,36-40岁,男,中基层管理者,50-80万,已婚二孩及以上,3人,是,否,BBA/传统豪华车,换购,BBA/传统豪华车,70-210万,已购/用车复盘,2周-1个月,本人+配偶,配偶；车主评价；子女,品牌升级；商务接待,家庭出行；周末短途,小红书/抖音内容；车主群/社群讨论；朋友/同事推荐,是,优惠力度；可靠性；品牌认知,在意品牌形象和商务/社交场景认可度,竞品是否更强；车机/智能化是否落后；油耗是否偏高,宝马7系；迈巴赫S级,已下订,是,,受访者关注优惠力度，主要用于家庭出行；同时对竞品是否更强仍有疑问，决策中会对比宝马7系；迈巴赫S级。,先围绕家庭出行场景切入，再把优惠力度转化为可感知体验；对竞品是否更强需结合竞品对比和真实用车成本解释。,公开资料方向拟定/模拟问卷样本,基于车型定位、价格段、能源形式、公开车主口碑和公开用户画像报告拟定；仅用于产品Demo，不代表真实调研结果。,奥迪A6L公开车主口碑｜懂车帝,https://www.dongchedi.com/auto/series/score/99-x-S0-P107-x-x-x
S076-06,奥迪(进口),奥迪A8,奥迪A8,79.98-207.68万,100万以上,传统燃料,轿车,大型,5座；4座,湖北省,2026-07-08,36-40岁,男,中基层管理者,100万以上,已婚一孩,3人,是,否,家中已有新能源车,增购,家中已有新能源车,70-210万,已试驾,1-2个月,本人+配偶,车主评价；配偶；KOL/博主,通勤代步；家庭品质升级；换新能源,商务接待；家庭出行；城市通勤,KOL评测；品牌直营店/4S店,是,商务形象；价格权益；优惠力度,希望同预算下配置和权益更划算,售后维修成本；后备厢空间,迈巴赫S级；Panamera；雷克萨斯LS,继续比较,待定,,受访者关注商务形象，主要用于商务接待；同时对售后维修成本仍有疑问，决策中会对比迈巴赫S级；Panamera；雷克萨斯LS。,先围绕商务接待场景切入，再把商务形象转化为可感知体验；对售后维修成本需结合竞品对比和真实用车成本解释。,公开资料方向拟定/模拟问卷样本,基于车型定位、价格段、能源形式、公开车主口碑和公开用户画像报告拟定；仅用于产品Demo，不代表真实调研结果。,奥迪A6L公开车主口碑｜懂车帝,https://www.dongchedi.com/auto/series/score/99-x-S0-P107-x-x-x
S076-07,奥迪(进口),奥迪A8,奥迪A8,79.98-207.68万,100万以上,传统燃料,轿车,大型,5座；4座,福建省,2026-06-24,36-40岁,女,企业高管/企业主,50-80万,商务/个人用车,4人,否,否,BBA/传统豪华车,换购,BBA/传统豪华车,70-210万,流失/转向竞品,1-2个月,本人,销售顾问；朋友/同事；KOL/博主,空间升级；家庭兼商务；家庭品质升级,家庭出行；周末短途,KOL评测；品牌直营店/4S店；懂车帝/汽车之家口碑,是,乘坐舒适；静谧性；商务形象,希望在预算内获得更稳定的综合体验,车机智能化不足；价格是否值得,Panamera；雷克萨斯LS,倾向本品,待定,,受访者关注乘坐舒适，主要用于家庭出行；同时对车机智能化不足仍有疑问，决策中会对比Panamera；雷克萨斯LS。,先围绕家庭出行场景切入，再把乘坐舒适转化为可感知体验；对车机智能化不足需结合竞品对比和真实用车成本解释。,公开资料方向拟定/模拟问卷样本,基于车型定位、价格段、能源形式、公开车主口碑和公开用户画像报告拟定；仅用于产品Demo，不代表真实调研结果。,奥迪A6L公开车主口碑｜懂车帝,https://www.dongchedi.com/auto/series/score/99-x-S0-P107-x-x-x
S076-08,奥迪(进口),奥迪A8,奥迪A8,79.98-207.68万,100万以上,传统燃料,轿车,大型,5座；4座,广东省,2026-06-23,31-35岁,女,私营业主/个体经营者,30-50万,已婚一孩,3人,是,否,无车,首购,无车,70-210万,已购/用车复盘,2个月以上,本人,KOL/博主；配偶,家庭兼商务；商务接待,商务接待；城市通勤；家庭出行,KOL评测；朋友/同事推荐,是,静谧性；商务形象；安全性,希望在预算内获得更稳定的综合体验,价格是否值得；油耗是否偏高,雷克萨斯LS；尊界S800,已下订,是,,受访者关注静谧性，主要用于商务接待；同时对价格是否值得仍有疑问，决策中会对比雷克萨斯LS；尊界S800。,先围绕商务接待场景切入，再把静谧性转化为可感知体验；对价格是否值得需结合竞品对比和真实用车成本解释。,公开资料方向拟定/模拟问卷样本,基于车型定位、价格段、能源形式、公开车主口碑和公开用户画像报告拟定；仅用于产品Demo，不代表真实调研结果。,奥迪A6L公开车主口碑｜懂车帝,https://www.dongchedi.com/auto/series/score/99-x-S0-P107-x-x-x
S076-09,奥迪(进口),奥迪A8,奥迪A8,79.98-207.68万,100万以上,传统燃料,轿车,大型,5座；4座,四川省,2026-06-08,36-40岁,男,中基层管理者,100万以上,已婚二孩及以上,3人,是,否,无车,首购,无车,70-210万,已下订,1-2个月,本人+配偶,父母；车主评价,空间升级；通勤代步,城市通勤；商务接待,KOL评测；朋友/同事推荐,是,后排空间；乘坐舒适；可靠性；价格权益,希望同预算下配置和权益更划算,后备厢空间；车机智能化不足,尊界S800；宝马7系；迈巴赫S级,继续比较,待定,,受访者关注后排空间，主要用于城市通勤；同时对后备厢空间仍有疑问，决策中会对比尊界S800；宝马7系；迈巴赫S级。,先围绕城市通勤场景切入，再把后排空间转化为可感知体验；对后备厢空间需结合竞品对比和真实用车成本解释。,公开资料方向拟定/模拟问卷样本,基于车型定位、价格段、能源形式、公开车主口碑和公开用户画像报告拟定；仅用于产品Demo，不代表真实调研结果。,奥迪A6L公开车主口碑｜懂车帝,https://www.dongchedi.com/auto/series/score/99-x-S0-P107-x-x-x
S076-10,奥迪(进口),奥迪A8,奥迪A8,79.98-207.68万,100万以上,传统燃料,轿车,大型,5座；4座,北京市,2026-08-02,46岁以上,女,企业高管/企业主,30-50万,已婚二孩及以上,5人及以上,是,是,BBA/传统豪华车,换购,BBA/传统豪华车,70-210万,已购/用车复盘,1-2个月,本人,KOL/博主；子女；父母,空间升级；换新能源；品牌升级,城市通勤；商务接待,小红书/抖音内容；车主群/社群讨论,否,商务形象；品牌认知；售后服务；乘坐舒适,在意品牌形象和商务/社交场景认可度,保值率；保养维修成本,宝马7系；迈巴赫S级,继续比较,待定,,受访者关注商务形象，主要用于城市通勤；同时对保值率仍有疑问，决策中会对比宝马7系；迈巴赫S级。,先围绕城市通勤场景切入，再把商务形象转化为可感知体验；对保值率需结合竞品对比和真实用车成本解释。,公开资料方向拟定/模拟问卷样本,基于车型定位、价格段、能源形式、公开车主口碑和公开用户画像报告拟定；仅用于产品Demo，不代表真实调研结果。,奥迪A6L公开车主口碑｜懂车帝,https://www.dongchedi.com/auto/series/score/99-x-S0-P107-x-x-x
S076-11,奥迪(进口),奥迪A8,奥迪A8,79.98-207.68万,100万以上,传统燃料,轿车,大型,5座；4座,四川省,2026-07-21,31-35岁,男,中基层管理者,30-50万,已婚二孩及以上,4人,是,否,BBA/传统豪华车,换购,BBA/传统豪华车,70-210万,已试驾,1-2个月,本人,KOL/博主；父母,空间升级；换新能源,周末短途；城市通勤；商务接待,小红书/抖音内容；懂车帝/汽车之家口碑,是,空间舒适；通勤舒适；优惠力度；保值率,希望兼顾家人乘坐和周末出行,后备厢空间；配置性价比；油耗是否偏高,迈巴赫S级；Panamera,已下订,是,,受访者关注空间舒适，主要用于周末短途；同时对后备厢空间仍有疑问，决策中会对比迈巴赫S级；Panamera。,先围绕周末短途场景切入，再把空间舒适转化为可感知体验；对后备厢空间需结合竞品对比和真实用车成本解释。,公开资料方向拟定/模拟问卷样本,基于车型定位、价格段、能源形式、公开车主口碑和公开用户画像报告拟定；仅用于产品Demo，不代表真实调研结果。,奥迪A6L公开车主口碑｜懂车帝,https://www.dongchedi.com/auto/series/score/99-x-S0-P107-x-x-x
S076-12,奥迪(进口),奥迪A8,奥迪A8,79.98-207.68万,100万以上,传统燃料,轿车,大型,5座；4座,福建省,2026-06-17,31-35岁,男,中基层管理者,30-50万,已婚二孩及以上,3人,是,是,BBA/传统豪华车,换购,BBA/传统豪华车,70-210万,已试驾,2周-1个月,本人+配偶,父母；子女,品牌升级；商务接待,家庭出行；商务接待；周末短途,车主群/社群讨论；小红书/抖音内容,是,价格权益；驾驶质感；乘坐舒适；通勤舒适,希望同预算下配置和权益更划算,高端服务体验；权益透明度,Panamera；雷克萨斯LS；尊界S800,已下订,是,,受访者关注价格权益，主要用于家庭出行；同时对高端服务体验仍有疑问，决策中会对比Panamera；雷克萨斯LS；尊界S800。,先围绕家庭出行场景切入，再把价格权益转化为可感知体验；对高端服务体验需结合竞品对比和真实用车成本解释。,公开资料方向拟定/模拟问卷样本,基于车型定位、价格段、能源形式、公开车主口碑和公开用户画像报告拟定；仅用于产品Demo，不代表真实调研结果。,奥迪A6L公开车主口碑｜懂车帝,https://www.dongchedi.com/auto/series/score/99-x-S0-P107-x-x-x
S076-13,奥迪(进口),奥迪A8,奥迪A8,79.98-207.68万,100万以上,传统燃料,轿车,大型,5座；4座,浙江省,2026-06-21,31-35岁,男,企业高管/企业主,50-80万,商务/个人用车,3人,否,是,家中已有燃油车,增购,家中已有燃油车,70-210万,流失/转向竞品,2个月以上,本人+配偶,朋友/同事；KOL/博主；销售顾问,商务接待；家庭出行升级；家庭兼商务,家庭出行；周末短途,车主群/社群讨论；朋友/同事推荐,是,通勤舒适；豪华感/质感；静谧性,希望在预算内获得更稳定的综合体验,后排地台隆起；底盘舒适性,雷克萨斯LS；尊界S800,倾向本品,待定,,受访者关注通勤舒适，主要用于家庭出行；同时对后排地台隆起仍有疑问，决策中会对比雷克萨斯LS；尊界S800。,先围绕家庭出行场景切入，再把通勤舒适转化为可感知体验；对后排地台隆起需结合竞品对比和真实用车成本解释。,公开资料方向拟定/模拟问卷样本,基于车型定位、价格段、能源形式、公开车主口碑和公开用户画像报告拟定；仅用于产品Demo，不代表真实调研结果。,奥迪A6L公开车主口碑｜懂车帝,https://www.dongchedi.com/auto/series/score/99-x-S0-P107-x-x-x
S076-14,奥迪(进口),奥迪A8,奥迪A8,79.98-207.68万,100万以上,传统燃料,轿车,大型,5座；4座,陕西省,2026-06-23,36-40岁,男,私营业主/个体经营者,100万以上,商务/个人用车,4人,否,是,BBA/传统豪华车,换购,BBA/传统豪华车,70-210万,对比评估,2个月以上,本人,销售顾问；KOL/博主；朋友/同事,商务接待；家庭品质升级,城市通勤；周末短途,懂车帝/汽车之家口碑；小红书/抖音内容；KOL评测,是,售后服务；通勤舒适；乘坐舒适；优惠力度,希望在预算内获得更稳定的综合体验,后备厢空间；价格是否值得,尊界S800；宝马7系,倾向本品,待定,,受访者关注售后服务，主要用于城市通勤；同时对后备厢空间仍有疑问，决策中会对比尊界S800；宝马7系。,先围绕城市通勤场景切入，再把售后服务转化为可感知体验；对后备厢空间需结合竞品对比和真实用车成本解释。,公开资料方向拟定/模拟问卷样本,基于车型定位、价格段、能源形式、公开车主口碑和公开用户画像报告拟定；仅用于产品Demo，不代表真实调研结果。,奥迪A6L公开车主口碑｜懂车帝,https://www.dongchedi.com/auto/series/score/99-x-S0-P107-x-x-x
S076-15,奥迪(进口),奥迪A8,奥迪A8,79.98-207.68万,100万以上,传统燃料,轿车,大型,5座；4座,广东省,2026-07-18,36-40岁,不便透露,中基层管理者,100万以上,已婚一孩,3人,是,是,家中已有燃油车,增购,家中已有燃油车,70-210万,流失/转向竞品,1-2个月,本人,配偶；KOL/博主；子女,商务接待；通勤代步；家庭兼商务,周末短途；城市通勤；家庭出行,懂车帝/汽车之家口碑；小红书/抖音内容；KOL评测,否,空间舒适；安全性；通勤舒适；驾驶质感,希望兼顾家人乘坐和周末出行,底盘舒适性；保养维修费用；保养维修成本,宝马7系；迈巴赫S级；Panamera,已下订,是,,受访者关注空间舒适，主要用于周末短途；同时对底盘舒适性仍有疑问，决策中会对比宝马7系；迈巴赫S级；Panamera。,先围绕周末短途场景切入，再把空间舒适转化为可感知体验；对底盘舒适性需结合竞品对比和真实用车成本解释。,公开资料方向拟定/模拟问卷样本,基于车型定位、价格段、能源形式、公开车主口碑和公开用户画像报告拟定；仅用于产品Demo，不代表真实调研结果。,奥迪A6L公开车主口碑｜懂车帝,https://www.dongchedi.com/auto/series/score/99-x-S0-P107-x-x-x
S076-16,奥迪(进口),奥迪A8,奥迪A8,79.98-207.68万,100万以上,传统燃料,轿车,大型,5座；4座,北京市,2026-08-21,36-40岁,不便透露,中基层管理者,100万以上,已婚一孩,5人及以上,是,否,BBA/传统豪华车,换购,BBA/传统豪华车,70-210万,已购/用车复盘,2个月以上,本人+配偶,KOL/博主；父母,家庭出行升级；空间升级,家庭出行；商务接待,车主群/社群讨论；品牌直营店/4S店,是,优惠力度；驾驶质感；静谧性,希望在预算内获得更稳定的综合体验,后排地台隆起；竞品是否更强,迈巴赫S级；Panamera,已下订,是,,受访者关注优惠力度，主要用于家庭出行；同时对后排地台隆起仍有疑问，决策中会对比迈巴赫S级；Panamera。,先围绕家庭出行场景切入，再把优惠力度转化为可感知体验；对后排地台隆起需结合竞品对比和真实用车成本解释。,公开资料方向拟定/模拟问卷样本,基于车型定位、价格段、能源形式、公开车主口碑和公开用户画像报告拟定；仅用于产品Demo，不代表真实调研结果。,奥迪A6L公开车主口碑｜懂车帝,https://www.dongchedi.com/auto/series/score/99-x-S0-P107-x-x-x
S076-17,奥迪(进口),奥迪A8,奥迪A8,79.98-207.68万,100万以上,传统燃料,轿车,大型,5座；4座,安徽省,2026-07-08,31-35岁,女,中基层管理者,50-80万,已婚一孩,3人,是,否,家中已有燃油车,增购,家中已有燃油车,70-210万,价格谈判,1-2个月,本人+配偶,KOL/博主；子女,空间升级；换新能源,城市通勤；家庭出行；周末短途,小红书/抖音内容；KOL评测；朋友/同事推荐,否,优惠力度；价格权益；品牌体面感,在意品牌形象和商务/社交场景认可度；希望同预算下配置和权益更划算,保养维修成本；高端服务体验,Panamera；雷克萨斯LS,继续比较,待定,,受访者关注优惠力度，主要用于城市通勤；同时对保养维修成本仍有疑问，决策中会对比Panamera；雷克萨斯LS。,先围绕城市通勤场景切入，再把优惠力度转化为可感知体验；对保养维修成本需结合竞品对比和真实用车成本解释。,公开资料方向拟定/模拟问卷样本,基于车型定位、价格段、能源形式、公开车主口碑和公开用户画像报告拟定；仅用于产品Demo，不代表真实调研结果。,奥迪A6L公开车主口碑｜懂车帝,https://www.dongchedi.com/auto/series/score/99-x-S0-P107-x-x-x
S076-18,奥迪(进口),奥迪A8,奥迪A8,79.98-207.68万,100万以上,传统燃料,轿车,大型,5座；4座,重庆市,2026-08-20,46岁以上,不便透露,私营业主/个体经营者,80-100万,已婚一孩,1人,是,否,家中已有新能源车,增购,家中已有新能源车,70-210万,对比评估,1-2个月,本人,KOL/博主；车主评价；子女,家庭品质升级；换新能源,城市通勤；家庭出行；商务接待,车主群/社群讨论；小红书/抖音内容；品牌直营店/4S店,是,品牌认知；静谧性；可靠性；售后服务,在意品牌形象和商务/社交场景认可度,后备厢空间；保养维修成本,雷克萨斯LS；尊界S800；宝马7系,已下订,是,,受访者关注品牌认知，主要用于城市通勤；同时对后备厢空间仍有疑问，决策中会对比雷克萨斯LS；尊界S800；宝马7系。,先围绕城市通勤场景切入，再把品牌认知转化为可感知体验；对后备厢空间需结合竞品对比和真实用车成本解释。,公开资料方向拟定/模拟问卷样本,基于车型定位、价格段、能源形式、公开车主口碑和公开用户画像报告拟定；仅用于产品Demo，不代表真实调研结果。,奥迪A6L公开车主口碑｜懂车帝,https://www.dongchedi.com/auto/series/score/99-x-S0-P107-x-x-x
S076-19,奥迪(进口),奥迪A8,奥迪A8,79.98-207.68万,100万以上,传统燃料,轿车,大型,5座；4座,广东省,2026-07-27,36-40岁,女,私营业主/个体经营者,50-80万,已婚二孩及以上,4人,是,否,BBA/传统豪华车,换购,BBA/传统豪华车,70-210万,已下订,1-2个月,本人+配偶,父母；子女,商务接待；通勤代步,城市通勤；家庭出行；商务接待,品牌直营店/4S店；懂车帝/汽车之家口碑,否,品牌认知；可靠性；品牌体面感；空间舒适,希望兼顾家人乘坐和周末出行；在意品牌形象和商务/社交场景认可度,保养维修成本；底盘舒适性,尊界S800；宝马7系,倾向本品,待定,,受访者关注品牌认知，主要用于城市通勤；同时对保养维修成本仍有疑问，决策中会对比尊界S800；宝马7系。,先围绕城市通勤场景切入，再把品牌认知转化为可感知体验；对保养维修成本需结合竞品对比和真实用车成本解释。,公开资料方向拟定/模拟问卷样本,基于车型定位、价格段、能源形式、公开车主口碑和公开用户画像报告拟定；仅用于产品Demo，不代表真实调研结果。,奥迪A6L公开车主口碑｜懂车帝,https://www.dongchedi.com/auto/series/score/99-x-S0-P107-x-x-x
S076-20,奥迪(进口),奥迪A8,奥迪A8,79.98-207.68万,100万以上,传统燃料,轿车,大型,5座；4座,陕西省,2026-06-05,41-45岁,女,中基层管理者,50-80万,已婚一孩,2人,是,是,家中已有新能源车,增购,家中已有新能源车,70-210万,对比评估,1-2个月,本人,父母；配偶,家庭兼商务；空间升级；家庭品质升级,家庭出行；周末短途；城市通勤,懂车帝/汽车之家口碑；小红书/抖音内容；品牌直营店/4S店,是,通勤舒适；空间舒适；商务形象；保值率,希望兼顾家人乘坐和周末出行,保养维修成本；高端服务体验,宝马7系；迈巴赫S级,价格合适会买,待定,,受访者关注通勤舒适，主要用于家庭出行；同时对保养维修成本仍有疑问，决策中会对比宝马7系；迈巴赫S级。,先围绕家庭出行场景切入，再把通勤舒适转化为可感知体验；对保养维修成本需结合竞品对比和真实用车成本解释。,公开资料方向拟定/模拟问卷样本,基于车型定位、价格段、能源形式、公开车主口碑和公开用户画像报告拟定；仅用于产品Demo，不代表真实调研结果。,奥迪A6L公开车主口碑｜懂车帝,https://www.dongchedi.com/auto/series/score/99-x-S0-P107-x-x-x
S077-01,MAEXTRO尊界,尊界S800,尊界S800,70.80-138.80万,100万以上,纯电动；增程式插混,轿车,大型,4座；5座,四川省,2026-07-13,31-35岁,不便透露,私营业主/个体经营者,80-100万,已婚一孩,3人,是,否,无车,首购,无车,70-140万,流失/转向竞品,1-2个月,本人,子女；配偶；父母,智能化体验；换新能源,周末短途；商务接待,KOL评测；懂车帝/汽车之家口碑；朋友/同事推荐,是,通勤舒适；家庭适配；驾驶质感；外观设计,希望兼顾家人乘坐和周末出行,售后网络是否成熟；智能化是否稳定,仰望U7；雷克萨斯LS,价格合适会买,待定,,受访者关注通勤舒适，主要用于周末短途；同时对售后网络是否成熟仍有疑问，决策中会对比仰望U7；雷克萨斯LS。,先围绕周末短途场景切入，再把通勤舒适转化为可感知体验；对售后网络是否成熟需结合竞品对比和真实用车成本解释。,公开资料方向拟定/模拟问卷样本,基于车型定位、价格段、能源形式、公开车主口碑和公开用户画像报告拟定；仅用于产品Demo，不代表真实调研结果。,2024增换购用户需求洞察｜汽车之家研究院,https://www.autohome.com.cn/news/202409/1300865.html
S077-02,MAEXTRO尊界,尊界S800,尊界S800,70.80-138.80万,100万以上,纯电动；增程式插混,轿车,大型,4座；5座,河南省,2026-06-07,41-45岁,男,企业高管/企业主,100万以上,已婚无孩,2人,否,是,无车,首购,无车,70-140万,对比评估,2个月以上,本人+配偶,朋友/同事；车主评价；KOL/博主,低成本出行；家庭品质升级,城市通勤；家庭出行,懂车帝/汽车之家口碑；小红书/抖音内容；车主群/社群讨论,否,乘坐舒适；补能便利；安全性；通勤舒适,希望在预算内获得更稳定的综合体验,竞品是否更强；售后维修成本；后排空间是否够用,雷克萨斯LS；宝马7系,转向竞品,否,竞品智驾更强,受访者关注乘坐舒适，主要用于城市通勤；同时对竞品是否更强仍有疑问，决策中会对比雷克萨斯LS；宝马7系。,先围绕城市通勤场景切入，再把乘坐舒适转化为可感知体验；对竞品是否更强需结合竞品对比和真实用车成本解释。,公开资料方向拟定/模拟问卷样本,基于车型定位、价格段、能源形式、公开车主口碑和公开用户画像报告拟定；仅用于产品Demo，不代表真实调研结果。,2024增换购用户需求洞察｜汽车之家研究院,https://www.autohome.com.cn/news/202409/1300865.html
S077-03,MAEXTRO尊界,尊界S800,尊界S800,70.80-138.80万,100万以上,纯电动；增程式插混,轿车,大型,4座；5座,陕西省,2026-06-18,41-45岁,女,企业高管/企业主,100万以上,已婚无孩,2人,否,否,家中已有燃油车,增购,家中已有燃油车,70-140万,已购/用车复盘,2个月以上,本人+配偶,朋友/同事；KOL/博主,低成本出行；空间升级,家庭出行；充电便利场景,车主群/社群讨论；懂车帝/汽车之家口碑,是,低使用成本；空间舒适；保值率,希望兼顾家人乘坐和周末出行,竞品是否更强；智能化是否稳定；售后维修成本,宝马7系；奥迪A8；奔驰S级,倾向本品,待定,,受访者关注低使用成本，主要用于家庭出行；同时对竞品是否更强仍有疑问，决策中会对比宝马7系；奥迪A8；奔驰S级。,先围绕家庭出行场景切入，再把低使用成本转化为可感知体验；对竞品是否更强需结合竞品对比和真实用车成本解释。,公开资料方向拟定/模拟问卷样本,基于车型定位、价格段、能源形式、公开车主口碑和公开用户画像报告拟定；仅用于产品Demo，不代表真实调研结果。,2024增换购用户需求洞察｜汽车之家研究院,https://www.autohome.com.cn/news/202409/1300865.html
S077-04,MAEXTRO尊界,尊界S800,尊界S800,70.80-138.80万,100万以上,纯电动；增程式插混,轿车,大型,4座；5座,上海市,2026-08-10,41-45岁,女,企业高管/企业主,50-80万,已婚一孩,2人,是,否,家中已有新能源车,增购,家中已有新能源车,70-140万,已下订,2周-1个月,本人,KOL/博主；子女；配偶,通勤代步；家庭出行升级；减少里程焦虑,老人小孩乘坐；家庭出行；城市通勤,懂车帝/汽车之家口碑；小红书/抖音内容；KOL评测,是,智能座舱；安全性；售后服务；乘坐舒适,希望在预算内获得更稳定的综合体验,权益透明度；用车能耗/续航,奥迪A8；奔驰S级,继续比较,待定,,受访者关注智能座舱，主要用于老人小孩乘坐；同时对权益透明度仍有疑问，决策中会对比奥迪A8；奔驰S级。,先围绕老人小孩乘坐场景切入，再把智能座舱转化为可感知体验；对权益透明度需结合竞品对比和真实用车成本解释。,公开资料方向拟定/模拟问卷样本,基于车型定位、价格段、能源形式、公开车主口碑和公开用户画像报告拟定；仅用于产品Demo，不代表真实调研结果。,2024增换购用户需求洞察｜汽车之家研究院,https://www.autohome.com.cn/news/202409/1300865.html
S077-05,MAEXTRO尊界,尊界S800,尊界S800,70.80-138.80万,100万以上,纯电动；增程式插混,轿车,大型,4座；5座,山东省,2026-08-04,36-40岁,不便透露,中基层管理者,100万以上,商务/个人用车,2人,否,否,BBA/传统豪华车,换购,BBA/传统豪华车,70-140万,已试驾,2周-1个月,本人,销售顾问；朋友/同事,长途/自驾；家庭出行升级；家庭品质升级,老人小孩乘坐；充电便利场景,小红书/抖音内容；朋友/同事推荐；品牌直营店/4S店,否,豪华感/质感；家庭适配；补能便利,希望兼顾家人乘坐和周末出行,后备厢空间；底盘舒适性；续航达成率,奔驰S级；仰望U7,转向竞品,否,家人更认可竞品,受访者关注豪华感/质感，主要用于老人小孩乘坐；同时对后备厢空间仍有疑问，决策中会对比奔驰S级；仰望U7。,先围绕老人小孩乘坐场景切入，再把豪华感/质感转化为可感知体验；对后备厢空间需结合竞品对比和真实用车成本解释。,公开资料方向拟定/模拟问卷样本,基于车型定位、价格段、能源形式、公开车主口碑和公开用户画像报告拟定；仅用于产品Demo，不代表真实调研结果。,2024增换购用户需求洞察｜汽车之家研究院,https://www.autohome.com.cn/news/202409/1300865.html
S077-06,MAEXTRO尊界,尊界S800,尊界S800,70.80-138.80万,100万以上,纯电动；增程式插混,轿车,大型,4座；5座,陕西省,2026-08-11,41-45岁,男,私营业主/个体经营者,100万以上,已婚一孩,2人,是,否,BBA/传统豪华车,换购,BBA/传统豪华车,70-140万,对比评估,2个月以上,本人+配偶,子女；配偶；车主评价,家庭出行升级；商务接待；长途/自驾,周末短途；长途自驾,懂车帝/汽车之家口碑；朋友/同事推荐,否,空间舒适；智能驾驶；通勤舒适,希望兼顾家人乘坐和周末出行；希望降低通勤和长途驾驶压力,价格权益是否稳定；续航达成率；保值率,仰望U7；雷克萨斯LS；宝马7系,倾向本品,待定,,受访者关注空间舒适，主要用于周末短途；同时对价格权益是否稳定仍有疑问，决策中会对比仰望U7；雷克萨斯LS；宝马7系。,先围绕周末短途场景切入，再把空间舒适转化为可感知体验；对价格权益是否稳定需结合竞品对比和真实用车成本解释。,公开资料方向拟定/模拟问卷样本,基于车型定位、价格段、能源形式、公开车主口碑和公开用户画像报告拟定；仅用于产品Demo，不代表真实调研结果。,2024增换购用户需求洞察｜汽车之家研究院,https://www.autohome.com.cn/news/202409/1300865.html
S077-07,MAEXTRO尊界,尊界S800,尊界S800,70.80-138.80万,100万以上,纯电动；增程式插混,轿车,大型,4座；5座,湖南省,2026-06-16,36-40岁,男,企业高管/企业主,100万以上,已婚二孩及以上,3人,是,否,家中已有燃油车,增购,家中已有燃油车,70-140万,对比评估,2个月以上,本人,配偶；子女；车主评价,空间升级；低成本出行,长途自驾；商务接待,品牌直营店/4S店；KOL评测,否,空间舒适；售后服务；智能驾驶,希望兼顾家人乘坐和周末出行；希望降低通勤和长途驾驶压力,售后维修成本；智能化是否稳定,雷克萨斯LS；宝马7系,价格合适会买,待定,,受访者关注空间舒适，主要用于长途自驾；同时对售后维修成本仍有疑问，决策中会对比雷克萨斯LS；宝马7系。,先围绕长途自驾场景切入，再把空间舒适转化为可感知体验；对售后维修成本需结合竞品对比和真实用车成本解释。,公开资料方向拟定/模拟问卷样本,基于车型定位、价格段、能源形式、公开车主口碑和公开用户画像报告拟定；仅用于产品Demo，不代表真实调研结果。,2024增换购用户需求洞察｜汽车之家研究院,https://www.autohome.com.cn/news/202409/1300865.html
S077-08,MAEXTRO尊界,尊界S800,尊界S800,70.80-138.80万,100万以上,纯电动；增程式插混,轿车,大型,4座；5座,湖北省,2026-07-20,41-45岁,男,私营业主/个体经营者,50-80万,已婚一孩,4人,是,是,BBA/传统豪华车,换购,BBA/传统豪华车,70-140万,已试驾,2个月以上,本人,配偶；KOL/博主,长途/自驾；低成本出行,周末短途；商务接待,品牌直营店/4S店；KOL评测；懂车帝/汽车之家口碑,是,豪华感/质感；智能座舱；外观设计；安全性,希望在预算内获得更稳定的综合体验,售后网络是否成熟；保值率；底盘舒适性,宝马7系；奥迪A8,价格合适会买,待定,,受访者关注豪华感/质感，主要用于周末短途；同时对售后网络是否成熟仍有疑问，决策中会对比宝马7系；奥迪A8。,先围绕周末短途场景切入，再把豪华感/质感转化为可感知体验；对售后网络是否成熟需结合竞品对比和真实用车成本解释。,公开资料方向拟定/模拟问卷样本,基于车型定位、价格段、能源形式、公开车主口碑和公开用户画像报告拟定；仅用于产品Demo，不代表真实调研结果。,2024增换购用户需求洞察｜汽车之家研究院,https://www.autohome.com.cn/news/202409/1300865.html
S078-01,奥迪(进口),奥迪A7,奥迪A7,58.98-78.88万,60-70万,传统燃料；常规混合动力,SUV,中大型,4座,上海市,2026-07-22,36-40岁,男,中基层管理者,50-80万,已婚二孩及以上,4人,是,否,BBA/传统豪华车,换购,BBA/传统豪华车,50-80万,价格谈判,2个月以上,本人,父母；配偶；车主评价,家庭兼商务；空间升级,家庭出行；城市通勤,小红书/抖音内容；品牌直营店/4S店；懂车帝/汽车之家口碑,是,可靠性；品牌体面感；后排空间；静谧性,在意品牌形象和商务/社交场景认可度,保值率；车机/智能化是否落后,途锐；奥迪Q7,已下订,是,,受访者关注可靠性，主要用于家庭出行；同时对保值率仍有疑问，决策中会对比途锐；奥迪Q7。,先围绕家庭出行场景切入，再把可靠性转化为可感知体验；对保值率需结合竞品对比和真实用车成本解释。,公开资料方向拟定/模拟问卷样本,基于车型定位、价格段、能源形式、公开车主口碑和公开用户画像报告拟定；仅用于产品Demo，不代表真实调研结果。,奥迪A6L公开车主口碑｜懂车帝,https://www.dongchedi.com/auto/series/score/99-x-S0-P107-x-x-x
S078-02,奥迪(进口),奥迪A7,奥迪A7,58.98-78.88万,60-70万,传统燃料；常规混合动力,SUV,中大型,4座,上海市,2026-07-24,41-45岁,男,中基层管理者,50-80万,已婚一孩,1人,是,否,BBA/传统豪华车,换购,BBA/传统豪华车,50-80万,已试驾,2个月以上,企业/业务需求,车主评价；子女,家庭品质升级；品牌升级,家庭出行；城市通勤；周末短途,车主群/社群讨论；懂车帝/汽车之家口碑,是,驾驶质感；售后服务；豪华感/质感；品牌体面感,在意品牌形象和商务/社交场景认可度,配置性价比；车机智能化不足,奥迪Q7；宝马X5,继续比较,待定,,受访者关注驾驶质感，主要用于家庭出行；同时对配置性价比仍有疑问，决策中会对比奥迪Q7；宝马X5。,先围绕家庭出行场景切入，再把驾驶质感转化为可感知体验；对配置性价比需结合竞品对比和真实用车成本解释。,公开资料方向拟定/模拟问卷样本,基于车型定位、价格段、能源形式、公开车主口碑和公开用户画像报告拟定；仅用于产品Demo，不代表真实调研结果。,奥迪A6L公开车主口碑｜懂车帝,https://www.dongchedi.com/auto/series/score/99-x-S0-P107-x-x-x
S078-03,奥迪(进口),奥迪A7,奥迪A7,58.98-78.88万,60-70万,传统燃料；常规混合动力,SUV,中大型,4座,四川省,2026-07-25,46岁以上,女,中基层管理者,50-80万,已婚二孩及以上,4人,是,否,无车,首购,无车,50-80万,价格谈判,2周-1个月,本人,KOL/博主；车主评价；配偶,商务接待；空间升级；品牌升级,家庭出行；城市通勤；周末短途,车主群/社群讨论；懂车帝/汽车之家口碑,是,安全性；乘坐舒适；价格权益,希望同预算下配置和权益更划算,油耗是否偏高；售后维修成本,宝马X5；沃尔沃XC90；发现,已下订,是,,受访者关注安全性，主要用于家庭出行；同时对油耗是否偏高仍有疑问，决策中会对比宝马X5；沃尔沃XC90；发现。,先围绕家庭出行场景切入，再把安全性转化为可感知体验；对油耗是否偏高需结合竞品对比和真实用车成本解释。,公开资料方向拟定/模拟问卷样本,基于车型定位、价格段、能源形式、公开车主口碑和公开用户画像报告拟定；仅用于产品Demo，不代表真实调研结果。,奥迪A6L公开车主口碑｜懂车帝,https://www.dongchedi.com/auto/series/score/99-x-S0-P107-x-x-x
S078-04,奥迪(进口),奥迪A7,奥迪A7,58.98-78.88万,60-70万,传统燃料；常规混合动力,SUV,中大型,4座,安徽省,2026-08-15,46岁以上,女,公务员/事业单位,80-100万,商务/个人用车,2人,否,否,BBA/传统豪华车,换购,BBA/传统豪华车,50-80万,初步了解,2个月以上,企业/业务需求,KOL/博主；朋友/同事；销售顾问,换新能源；商务接待,家庭出行；城市通勤；周末短途,小红书/抖音内容；懂车帝/汽车之家口碑；车主群/社群讨论,是,保值率；售后服务；豪华感/质感,希望在预算内获得更稳定的综合体验,油耗是否偏高；车机智能化不足；保值率,沃尔沃XC90；发现,继续比较,待定,,受访者关注保值率，主要用于家庭出行；同时对油耗是否偏高仍有疑问，决策中会对比沃尔沃XC90；发现。,先围绕家庭出行场景切入，再把保值率转化为可感知体验；对油耗是否偏高需结合竞品对比和真实用车成本解释。,公开资料方向拟定/模拟问卷样本,基于车型定位、价格段、能源形式、公开车主口碑和公开用户画像报告拟定；仅用于产品Demo，不代表真实调研结果。,奥迪A6L公开车主口碑｜懂车帝,https://www.dongchedi.com/auto/series/score/99-x-S0-P107-x-x-x
S078-05,奥迪(进口),奥迪A7,奥迪A7,58.98-78.88万,60-70万,传统燃料；常规混合动力,SUV,中大型,4座,福建省,2026-06-25,41-45岁,男,私营业主/个体经营者,50-80万,已婚无孩,1人,否,是,BBA/传统豪华车,换购,BBA/传统豪华车,50-80万,已试驾,1-2个月,企业/业务需求,配偶；KOL/博主,品牌升级；商务接待,家庭出行；城市通勤；周末短途,朋友/同事推荐；KOL评测；小红书/抖音内容,否,乘坐舒适；静谧性；优惠力度；商务形象,希望在预算内获得更稳定的综合体验,保值率；油耗是否偏高,发现；途锐,价格合适会买,待定,,受访者关注乘坐舒适，主要用于家庭出行；同时对保值率仍有疑问，决策中会对比发现；途锐。,先围绕家庭出行场景切入，再把乘坐舒适转化为可感知体验；对保值率需结合竞品对比和真实用车成本解释。,公开资料方向拟定/模拟问卷样本,基于车型定位、价格段、能源形式、公开车主口碑和公开用户画像报告拟定；仅用于产品Demo，不代表真实调研结果。,奥迪A6L公开车主口碑｜懂车帝,https://www.dongchedi.com/auto/series/score/99-x-S0-P107-x-x-x
S078-06,奥迪(进口),奥迪A7,奥迪A7,58.98-78.88万,60-70万,传统燃料；常规混合动力,SUV,中大型,4座,浙江省,2026-06-21,36-40岁,男,企业高管/企业主,50-80万,已婚一孩,3人,是,否,家中已有新能源车,增购,家中已有新能源车,50-80万,已购/用车复盘,1-2个月,本人+配偶,车主评价；父母；KOL/博主,通勤代步；商务接待；家庭品质升级,家庭出行；周末短途,小红书/抖音内容；懂车帝/汽车之家口碑,是,空间舒适；保值率；品牌体面感,希望兼顾家人乘坐和周末出行；在意品牌形象和商务/社交场景认可度,权益透明度；油耗是否偏高,途锐；奥迪Q7；宝马X5,倾向本品,待定,,受访者关注空间舒适，主要用于家庭出行；同时对权益透明度仍有疑问，决策中会对比途锐；奥迪Q7；宝马X5。,先围绕家庭出行场景切入，再把空间舒适转化为可感知体验；对权益透明度需结合竞品对比和真实用车成本解释。,公开资料方向拟定/模拟问卷样本,基于车型定位、价格段、能源形式、公开车主口碑和公开用户画像报告拟定；仅用于产品Demo，不代表真实调研结果。,奥迪A6L公开车主口碑｜懂车帝,https://www.dongchedi.com/auto/series/score/99-x-S0-P107-x-x-x
S078-07,奥迪(进口),奥迪A7,奥迪A7,58.98-78.88万,60-70万,传统燃料；常规混合动力,SUV,中大型,4座,安徽省,2026-07-17,31-35岁,男,私营业主/个体经营者,50-80万,已婚一孩,3人,是,否,BBA/传统豪华车,换购,BBA/传统豪华车,50-80万,对比评估,1-2个月,企业/业务需求,子女；KOL/博主,家庭出行升级；品牌升级,周末短途；城市通勤,品牌直营店/4S店；KOL评测,否,商务形象；价格权益；售后服务；优惠力度,希望同预算下配置和权益更划算,售后维修成本；车机智能化不足；后排地台隆起,奥迪Q7；宝马X5,倾向本品,待定,,受访者关注商务形象，主要用于周末短途；同时对售后维修成本仍有疑问，决策中会对比奥迪Q7；宝马X5。,先围绕周末短途场景切入，再把商务形象转化为可感知体验；对售后维修成本需结合竞品对比和真实用车成本解释。,公开资料方向拟定/模拟问卷样本,基于车型定位、价格段、能源形式、公开车主口碑和公开用户画像报告拟定；仅用于产品Demo，不代表真实调研结果。,奥迪A6L公开车主口碑｜懂车帝,https://www.dongchedi.com/auto/series/score/99-x-S0-P107-x-x-x
S078-08,奥迪(进口),奥迪A7,奥迪A7,58.98-78.88万,60-70万,传统燃料；常规混合动力,SUV,中大型,4座,山东省,2026-06-08,41-45岁,男,企业高管/企业主,80-100万,已婚一孩,2人,是,否,BBA/传统豪华车,换购,BBA/传统豪华车,50-80万,已购/用车复盘,1-2个月,本人+配偶,KOL/博主；配偶,换新能源；家庭品质升级；空间升级,城市通勤；家庭出行；周末短途,小红书/抖音内容；朋友/同事推荐；KOL评测,是,售后服务；保值率；后排空间,希望在预算内获得更稳定的综合体验,售后维修成本；竞品是否更强,宝马X5；沃尔沃XC90,价格合适会买,待定,,受访者关注售后服务，主要用于城市通勤；同时对售后维修成本仍有疑问，决策中会对比宝马X5；沃尔沃XC90。,先围绕城市通勤场景切入，再把售后服务转化为可感知体验；对售后维修成本需结合竞品对比和真实用车成本解释。,公开资料方向拟定/模拟问卷样本,基于车型定位、价格段、能源形式、公开车主口碑和公开用户画像报告拟定；仅用于产品Demo，不代表真实调研结果。,奥迪A6L公开车主口碑｜懂车帝,https://www.dongchedi.com/auto/series/score/99-x-S0-P107-x-x-x
S078-09,奥迪(进口),奥迪A7,奥迪A7,58.98-78.88万,60-70万,传统燃料；常规混合动力,SUV,中大型,4座,福建省,2026-07-19,36-40岁,男,企业高管/企业主,80-100万,已婚二孩及以上,3人,是,否,无车,首购,无车,50-80万,已试驾,2个月以上,本人,车主评价；KOL/博主；父母,空间升级；品牌升级；换新能源,家庭出行；周末短途；城市通勤,小红书/抖音内容；车主群/社群讨论,否,售后服务；品牌认知；价格权益,在意品牌形象和商务/社交场景认可度；希望同预算下配置和权益更划算,保养维修成本；竞品是否更强；后排地台隆起,沃尔沃XC90；发现；途锐,倾向本品,待定,,受访者关注售后服务，主要用于家庭出行；同时对保养维修成本仍有疑问，决策中会对比沃尔沃XC90；发现；途锐。,先围绕家庭出行场景切入，再把售后服务转化为可感知体验；对保养维修成本需结合竞品对比和真实用车成本解释。,公开资料方向拟定/模拟问卷样本,基于车型定位、价格段、能源形式、公开车主口碑和公开用户画像报告拟定；仅用于产品Demo，不代表真实调研结果。,奥迪A6L公开车主口碑｜懂车帝,https://www.dongchedi.com/auto/series/score/99-x-S0-P107-x-x-x
S078-10,奥迪(进口),奥迪A7,奥迪A7,58.98-78.88万,60-70万,传统燃料；常规混合动力,SUV,中大型,4座,广东省,2026-07-19,31-35岁,男,公务员/事业单位,80-100万,已婚一孩,2人,是,是,BBA/传统豪华车,换购,BBA/传统豪华车,50-80万,已试驾,1-2个月,本人+配偶,KOL/博主；配偶；子女,空间升级；商务接待；品牌升级,周末短途；城市通勤,小红书/抖音内容；品牌直营店/4S店；懂车帝/汽车之家口碑,是,品牌体面感；品牌认知；静谧性；售后服务,在意品牌形象和商务/社交场景认可度,价格是否值得；油耗是否偏高,发现；途锐,继续比较,待定,,受访者关注品牌体面感，主要用于周末短途；同时对价格是否值得仍有疑问，决策中会对比发现；途锐。,先围绕周末短途场景切入，再把品牌体面感转化为可感知体验；对价格是否值得需结合竞品对比和真实用车成本解释。,公开资料方向拟定/模拟问卷样本,基于车型定位、价格段、能源形式、公开车主口碑和公开用户画像报告拟定；仅用于产品Demo，不代表真实调研结果。,奥迪A6L公开车主口碑｜懂车帝,https://www.dongchedi.com/auto/series/score/99-x-S0-P107-x-x-x
S078-11,奥迪(进口),奥迪A7,奥迪A7,58.98-78.88万,60-70万,传统燃料；常规混合动力,SUV,中大型,4座,福建省,2026-06-02,41-45岁,女,中基层管理者,100万以上,已婚二孩及以上,5人及以上,是,是,BBA/传统豪华车,换购,BBA/传统豪华车,50-80万,已购/用车复盘,2个月以上,企业/业务需求,车主评价；KOL/博主,家庭出行升级；品牌升级,城市通勤；周末短途,朋友/同事推荐；小红书/抖音内容,是,商务形象；可靠性；后排空间；乘坐舒适,希望在预算内获得更稳定的综合体验,权益透明度；后排地台隆起；保养维修成本,途锐；奥迪Q7,倾向本品,待定,,受访者关注商务形象，主要用于城市通勤；同时对权益透明度仍有疑问，决策中会对比途锐；奥迪Q7。,先围绕城市通勤场景切入，再把商务形象转化为可感知体验；对权益透明度需结合竞品对比和真实用车成本解释。,公开资料方向拟定/模拟问卷样本,基于车型定位、价格段、能源形式、公开车主口碑和公开用户画像报告拟定；仅用于产品Demo，不代表真实调研结果。,奥迪A6L公开车主口碑｜懂车帝,https://www.dongchedi.com/auto/series/score/99-x-S0-P107-x-x-x
S078-12,奥迪(进口),奥迪A7,奥迪A7,58.98-78.88万,60-70万,传统燃料；常规混合动力,SUV,中大型,4座,湖北省,2026-08-07,31-35岁,男,公务员/事业单位,30-50万,商务/个人用车,3人,否,否,家中已有新能源车,增购,家中已有新能源车,50-80万,价格谈判,1-2个月,本人,KOL/博主；销售顾问；朋友/同事,品牌升级；换新能源,城市通勤；周末短途,小红书/抖音内容；KOL评测,是,安全性；可靠性；乘坐舒适,希望在预算内获得更稳定的综合体验,保值率；售后维修成本,奥迪Q7；宝马X5；沃尔沃XC90,价格合适会买,待定,,受访者关注安全性，主要用于城市通勤；同时对保值率仍有疑问，决策中会对比奥迪Q7；宝马X5；沃尔沃XC90。,先围绕城市通勤场景切入，再把安全性转化为可感知体验；对保值率需结合竞品对比和真实用车成本解释。,公开资料方向拟定/模拟问卷样本,基于车型定位、价格段、能源形式、公开车主口碑和公开用户画像报告拟定；仅用于产品Demo，不代表真实调研结果。,奥迪A6L公开车主口碑｜懂车帝,https://www.dongchedi.com/auto/series/score/99-x-S0-P107-x-x-x
S078-13,奥迪(进口),奥迪A7,奥迪A7,58.98-78.88万,60-70万,传统燃料；常规混合动力,SUV,中大型,4座,陕西省,2026-08-02,41-45岁,男,企业高管/企业主,50-80万,商务/个人用车,1人,否,是,家中已有燃油车,增购,家中已有燃油车,50-80万,已试驾,2个月以上,本人,KOL/博主；车主评价；销售顾问,家庭兼商务；商务接待,家庭出行；周末短途,朋友/同事推荐；车主群/社群讨论；KOL评测,否,保值率；豪华感/质感；优惠力度,希望在预算内获得更稳定的综合体验,车机智能化不足；竞品是否更强,宝马X5；沃尔沃XC90,价格合适会买,待定,,受访者关注保值率，主要用于家庭出行；同时对车机智能化不足仍有疑问，决策中会对比宝马X5；沃尔沃XC90。,先围绕家庭出行场景切入，再把保值率转化为可感知体验；对车机智能化不足需结合竞品对比和真实用车成本解释。,公开资料方向拟定/模拟问卷样本,基于车型定位、价格段、能源形式、公开车主口碑和公开用户画像报告拟定；仅用于产品Demo，不代表真实调研结果。,奥迪A6L公开车主口碑｜懂车帝,https://www.dongchedi.com/auto/series/score/99-x-S0-P107-x-x-x
S078-14,奥迪(进口),奥迪A7,奥迪A7,58.98-78.88万,60-70万,传统燃料；常规混合动力,SUV,中大型,4座,陕西省,2026-06-28,31-35岁,女,企业高管/企业主,80-100万,商务/个人用车,2人,否,否,家中已有新能源车,增购,家中已有新能源车,50-80万,已试驾,2个月以上,本人+配偶,销售顾问；车主评价,家庭出行升级；商务接待,家庭出行；周末短途,KOL评测；懂车帝/汽车之家口碑；品牌直营店/4S店,是,豪华感/质感；品牌认知；价格权益,在意品牌形象和商务/社交场景认可度；希望同预算下配置和权益更划算,后排地台隆起；油耗是否偏高；保养维修成本,沃尔沃XC90；发现,转向竞品,否,竞品智驾更强,受访者关注豪华感/质感，主要用于家庭出行；同时对后排地台隆起仍有疑问，决策中会对比沃尔沃XC90；发现。,先围绕家庭出行场景切入，再把豪华感/质感转化为可感知体验；对后排地台隆起需结合竞品对比和真实用车成本解释。,公开资料方向拟定/模拟问卷样本,基于车型定位、价格段、能源形式、公开车主口碑和公开用户画像报告拟定；仅用于产品Demo，不代表真实调研结果。,奥迪A6L公开车主口碑｜懂车帝,https://www.dongchedi.com/auto/series/score/99-x-S0-P107-x-x-x
S078-15,奥迪(进口),奥迪A7,奥迪A7,58.98-78.88万,60-70万,传统燃料；常规混合动力,SUV,中大型,4座,福建省,2026-07-25,41-45岁,男,私营业主/个体经营者,80-100万,已婚一孩,3人,是,否,BBA/传统豪华车,换购,BBA/传统豪华车,50-80万,已购/用车复盘,1-2个月,本人,KOL/博主；父母,家庭出行升级；家庭兼商务；换新能源,家庭出行；城市通勤,车主群/社群讨论；懂车帝/汽车之家口碑,是,空间舒适；价格权益；优惠力度,希望兼顾家人乘坐和周末出行；希望同预算下配置和权益更划算,保养维修费用；保养维修成本,发现；途锐；奥迪Q7,继续比较,待定,,受访者关注空间舒适，主要用于家庭出行；同时对保养维修费用仍有疑问，决策中会对比发现；途锐；奥迪Q7。,先围绕家庭出行场景切入，再把空间舒适转化为可感知体验；对保养维修费用需结合竞品对比和真实用车成本解释。,公开资料方向拟定/模拟问卷样本,基于车型定位、价格段、能源形式、公开车主口碑和公开用户画像报告拟定；仅用于产品Demo，不代表真实调研结果。,奥迪A6L公开车主口碑｜懂车帝,https://www.dongchedi.com/auto/series/score/99-x-S0-P107-x-x-x
S078-16,奥迪(进口),奥迪A7,奥迪A7,58.98-78.88万,60-70万,传统燃料；常规混合动力,SUV,中大型,4座,福建省,2026-06-05,31-35岁,不便透露,中基层管理者,50-80万,已婚一孩,5人及以上,是,是,BBA/传统豪华车,换购,BBA/传统豪华车,50-80万,已购/用车复盘,2个月以上,企业/业务需求,车主评价；父母；KOL/博主,家庭品质升级；换新能源,家庭出行；城市通勤；周末短途,懂车帝/汽车之家口碑；车主群/社群讨论,是,静谧性；后排空间；空间舒适,希望兼顾家人乘坐和周末出行,竞品是否更强；价格是否值得；保养维修成本,途锐；奥迪Q7,价格合适会买,待定,,受访者关注静谧性，主要用于家庭出行；同时对竞品是否更强仍有疑问，决策中会对比途锐；奥迪Q7。,先围绕家庭出行场景切入，再把静谧性转化为可感知体验；对竞品是否更强需结合竞品对比和真实用车成本解释。,公开资料方向拟定/模拟问卷样本,基于车型定位、价格段、能源形式、公开车主口碑和公开用户画像报告拟定；仅用于产品Demo，不代表真实调研结果。,奥迪A6L公开车主口碑｜懂车帝,https://www.dongchedi.com/auto/series/score/99-x-S0-P107-x-x-x
S078-17,奥迪(进口),奥迪A7,奥迪A7,58.98-78.88万,60-70万,传统燃料；常规混合动力,SUV,中大型,4座,陕西省,2026-06-21,36-40岁,男,企业高管/企业主,80-100万,商务/个人用车,3人,否,否,无车,首购,无车,50-80万,已试驾,1-2个月,企业/业务需求,车主评价；朋友/同事；KOL/博主,通勤代步；家庭出行升级,城市通勤；家庭出行,懂车帝/汽车之家口碑；车主群/社群讨论；品牌直营店/4S店,是,优惠力度；空间舒适；品牌体面感,希望兼顾家人乘坐和周末出行；在意品牌形象和商务/社交场景认可度,车机智能化不足；后排地台隆起；高端服务体验,奥迪Q7；宝马X5,转向竞品,否,竞品价格更低,受访者关注优惠力度，主要用于城市通勤；同时对车机智能化不足仍有疑问，决策中会对比奥迪Q7；宝马X5。,先围绕城市通勤场景切入，再把优惠力度转化为可感知体验；对车机智能化不足需结合竞品对比和真实用车成本解释。,公开资料方向拟定/模拟问卷样本,基于车型定位、价格段、能源形式、公开车主口碑和公开用户画像报告拟定；仅用于产品Demo，不代表真实调研结果。,奥迪A6L公开车主口碑｜懂车帝,https://www.dongchedi.com/auto/series/score/99-x-S0-P107-x-x-x
S078-18,奥迪(进口),奥迪A7,奥迪A7,58.98-78.88万,60-70万,传统燃料；常规混合动力,SUV,中大型,4座,安徽省,2026-06-18,36-40岁,女,中基层管理者,80-100万,已婚一孩,4人,是,否,家中已有新能源车,增购,家中已有新能源车,50-80万,已试驾,1-2个月,本人,子女；KOL/博主,通勤代步；品牌升级；空间升级,周末短途；家庭出行,朋友/同事推荐；品牌直营店/4S店,否,品牌认知；驾驶质感；静谧性,在意品牌形象和商务/社交场景认可度,车机/智能化是否落后；后排地台隆起；权益透明度,宝马X5；沃尔沃XC90；发现,倾向本品,待定,,受访者关注品牌认知，主要用于周末短途；同时对车机/智能化是否落后仍有疑问，决策中会对比宝马X5；沃尔沃XC90；发现。,先围绕周末短途场景切入，再把品牌认知转化为可感知体验；对车机/智能化是否落后需结合竞品对比和真实用车成本解释。,公开资料方向拟定/模拟问卷样本,基于车型定位、价格段、能源形式、公开车主口碑和公开用户画像报告拟定；仅用于产品Demo，不代表真实调研结果。,奥迪A6L公开车主口碑｜懂车帝,https://www.dongchedi.com/auto/series/score/99-x-S0-P107-x-x-x
S078-19,奥迪(进口),奥迪A7,奥迪A7,58.98-78.88万,60-70万,传统燃料；常规混合动力,SUV,中大型,4座,安徽省,2026-08-20,41-45岁,男,私营业主/个体经营者,80-100万,商务/个人用车,4人,否,否,BBA/传统豪华车,换购,BBA/传统豪华车,50-80万,已购/用车复盘,2个月以上,本人,朋友/同事；车主评价,品牌升级；商务接待；换新能源,城市通勤；周末短途,朋友/同事推荐；懂车帝/汽车之家口碑,否,可靠性；优惠力度；安全性；价格权益,希望同预算下配置和权益更划算,保值率；售后维修成本,沃尔沃XC90；发现,价格合适会买,待定,,受访者关注可靠性，主要用于城市通勤；同时对保值率仍有疑问，决策中会对比沃尔沃XC90；发现。,先围绕城市通勤场景切入，再把可靠性转化为可感知体验；对保值率需结合竞品对比和真实用车成本解释。,公开资料方向拟定/模拟问卷样本,基于车型定位、价格段、能源形式、公开车主口碑和公开用户画像报告拟定；仅用于产品Demo，不代表真实调研结果。,奥迪A6L公开车主口碑｜懂车帝,https://www.dongchedi.com/auto/series/score/99-x-S0-P107-x-x-x
S078-20,奥迪(进口),奥迪A7,奥迪A7,58.98-78.88万,60-70万,传统燃料；常规混合动力,SUV,中大型,4座,上海市,2026-06-20,31-35岁,女,企业高管/企业主,100万以上,已婚一孩,3人,是,否,无车,首购,无车,50-80万,价格谈判,2周-1个月,本人,父母；配偶；车主评价,家庭兼商务；空间升级；换新能源,周末短途；家庭出行,KOL评测；懂车帝/汽车之家口碑,否,商务形象；售后服务；豪华感/质感,希望在预算内获得更稳定的综合体验,车机智能化不足；配置性价比；车机/智能化是否落后,发现；途锐,已购,是,,受访者关注商务形象，主要用于周末短途；同时对车机智能化不足仍有疑问，决策中会对比发现；途锐。,先围绕周末短途场景切入，再把商务形象转化为可感知体验；对车机智能化不足需结合竞品对比和真实用车成本解释。,公开资料方向拟定/模拟问卷样本,基于车型定位、价格段、能源形式、公开车主口碑和公开用户画像报告拟定；仅用于产品Demo，不代表真实调研结果。,奥迪A6L公开车主口碑｜懂车帝,https://www.dongchedi.com/auto/series/score/99-x-S0-P107-x-x-x
S079-01,雷克萨斯,雷克萨斯GX,雷克萨斯GX,77.80-89.98万,80-100万,常规混合动力,SUV,中大型,5座；6座,北京市,2026-07-04,41-45岁,男,中基层管理者,50-80万,已婚一孩,4人,是,否,BBA/传统豪华车,换购,BBA/传统豪华车,70-90万,初步了解,1-2个月,父母参与,子女；父母；KOL/博主,品牌升级；商务接待,城市通勤；长途自驾,朋友/同事推荐；KOL评测；小红书/抖音内容,是,乘坐舒适；可靠性；驾驶质感；品牌认知,在意品牌形象和商务/社交场景认可度,第三排舒适性；停车便利性,路虎卫士；奥迪Q8,倾向本品,待定,,受访者关注乘坐舒适，主要用于城市通勤；同时对第三排舒适性仍有疑问，决策中会对比路虎卫士；奥迪Q8。,先围绕城市通勤场景切入，再把乘坐舒适转化为可感知体验；对第三排舒适性需结合竞品对比和真实用车成本解释。,公开资料方向拟定/模拟问卷样本,基于车型定位、价格段、能源形式、公开车主口碑和公开用户画像报告拟定；仅用于产品Demo，不代表真实调研结果。,2024增换购用户需求洞察｜汽车之家研究院,https://www.autohome.com.cn/news/202409/1300865.html
S079-02,雷克萨斯,雷克萨斯GX,雷克萨斯GX,77.80-89.98万,80-100万,常规混合动力,SUV,中大型,5座；6座,安徽省,2026-07-04,41-45岁,女,企业高管/企业主,50-80万,三代同堂,2人,是,是,BBA/传统豪华车,换购,BBA/传统豪华车,70-90万,已购/用车复盘,2个月以上,家庭共同决策,父母；配偶,换新能源；通勤代步,长途自驾；接送孩子,懂车帝/汽车之家口碑；朋友/同事推荐,是,品牌认知；价格权益；安全性；豪华感/质感,在意品牌形象和商务/社交场景认可度；希望同预算下配置和权益更划算,价格是否值得；停车便利性；权益透明度,奥迪Q8；奔驰GLE(进口),倾向本品,待定,,受访者关注品牌认知，主要用于长途自驾；同时对价格是否值得仍有疑问，决策中会对比奥迪Q8；奔驰GLE(进口)。,先围绕长途自驾场景切入，再把品牌认知转化为可感知体验；对价格是否值得需结合竞品对比和真实用车成本解释。,公开资料方向拟定/模拟问卷样本,基于车型定位、价格段、能源形式、公开车主口碑和公开用户画像报告拟定；仅用于产品Demo，不代表真实调研结果。,2024增换购用户需求洞察｜汽车之家研究院,https://www.autohome.com.cn/news/202409/1300865.html
S079-03,雷克萨斯,雷克萨斯GX,雷克萨斯GX,77.80-89.98万,80-100万,常规混合动力,SUV,中大型,5座；6座,山东省,2026-07-23,31-35岁,女,金融/地产从业者,50-80万,三代同堂,4人,是,是,BBA/传统豪华车,换购,BBA/传统豪华车,70-90万,已购/用车复盘,1-2个月,本人+配偶,配偶；父母；子女,空间升级；商务接待,多成员家庭出行；长途自驾,小红书/抖音内容；懂车帝/汽车之家口碑；朋友/同事推荐,是,售后服务；可靠性；价格权益；空间舒适,希望兼顾家人乘坐和周末出行；希望同预算下配置和权益更划算,油耗是否偏高；车身尺寸是否好开；价格是否值得,奔驰GLE(进口)；发现；奥迪Q7,已下订,是,,受访者关注售后服务，主要用于多成员家庭出行；同时对油耗是否偏高仍有疑问，决策中会对比奔驰GLE(进口)；发现；奥迪Q7。,先围绕多成员家庭出行场景切入，再把售后服务转化为可感知体验；对油耗是否偏高需结合竞品对比和真实用车成本解释。,公开资料方向拟定/模拟问卷样本,基于车型定位、价格段、能源形式、公开车主口碑和公开用户画像报告拟定；仅用于产品Demo，不代表真实调研结果。,2024增换购用户需求洞察｜汽车之家研究院,https://www.autohome.com.cn/news/202409/1300865.html
S079-04,雷克萨斯,雷克萨斯GX,雷克萨斯GX,77.80-89.98万,80-100万,常规混合动力,SUV,中大型,5座；6座,北京市,2026-08-08,41-45岁,男,私营业主/个体经营者,50-80万,已婚二孩及以上,2人,是,否,家中已有新能源车,增购,家中已有新能源车,70-90万,已下订,2周-1个月,父母参与,配偶；父母,空间升级；家庭出行升级,城市通勤；周末短途；多成员家庭出行,车主群/社群讨论；品牌直营店/4S店,否,品牌认知；可靠性；家庭适配；乘坐舒适,希望兼顾家人乘坐和周末出行；在意品牌形象和商务/社交场景认可度,竞品是否更强；保养维修费用；油耗是否偏高,发现；奥迪Q7,已购,是,,受访者关注品牌认知，主要用于城市通勤；同时对竞品是否更强仍有疑问，决策中会对比发现；奥迪Q7。,先围绕城市通勤场景切入，再把品牌认知转化为可感知体验；对竞品是否更强需结合竞品对比和真实用车成本解释。,公开资料方向拟定/模拟问卷样本,基于车型定位、价格段、能源形式、公开车主口碑和公开用户画像报告拟定；仅用于产品Demo，不代表真实调研结果。,2024增换购用户需求洞察｜汽车之家研究院,https://www.autohome.com.cn/news/202409/1300865.html
S079-05,雷克萨斯,雷克萨斯GX,雷克萨斯GX,77.80-89.98万,80-100万,常规混合动力,SUV,中大型,5座；6座,山东省,2026-07-18,36-40岁,男,企业高管/企业主,100万以上,已婚一孩,2人,是,是,BBA/传统豪华车,换购,BBA/传统豪华车,70-90万,初步了解,2个月以上,本人+配偶,KOL/博主；配偶,家庭品质升级；换新能源,多成员家庭出行；周末短途,懂车帝/汽车之家口碑；车主群/社群讨论,否,空间舒适；品牌认知；安全性,希望兼顾家人乘坐和周末出行；在意品牌形象和商务/社交场景认可度,售后维修成本；车身尺寸是否好开,奥迪Q7；路虎卫士,继续比较,待定,,受访者关注空间舒适，主要用于多成员家庭出行；同时对售后维修成本仍有疑问，决策中会对比奥迪Q7；路虎卫士。,先围绕多成员家庭出行场景切入，再把空间舒适转化为可感知体验；对售后维修成本需结合竞品对比和真实用车成本解释。,公开资料方向拟定/模拟问卷样本,基于车型定位、价格段、能源形式、公开车主口碑和公开用户画像报告拟定；仅用于产品Demo，不代表真实调研结果。,2024增换购用户需求洞察｜汽车之家研究院,https://www.autohome.com.cn/news/202409/1300865.html
S079-06,雷克萨斯,雷克萨斯GX,雷克萨斯GX,77.80-89.98万,80-100万,常规混合动力,SUV,中大型,5座；6座,江苏省,2026-06-03,31-35岁,女,企业高管/企业主,80-100万,已婚一孩,3人,是,否,家中已有新能源车,增购,家中已有新能源车,70-90万,已试驾,2个月以上,父母参与,配偶；父母,通勤代步；空间升级；家庭出行升级,城市通勤；长途自驾,小红书/抖音内容；车主群/社群讨论；朋友/同事推荐,是,价格权益；售后服务；保值率；豪华感/质感,希望同预算下配置和权益更划算,权益透明度；保值率；车机/智能化是否落后,路虎卫士；奥迪Q8；奔驰GLE(进口),倾向本品,待定,,受访者关注价格权益，主要用于城市通勤；同时对权益透明度仍有疑问，决策中会对比路虎卫士；奥迪Q8；奔驰GLE(进口)。,先围绕城市通勤场景切入，再把价格权益转化为可感知体验；对权益透明度需结合竞品对比和真实用车成本解释。,公开资料方向拟定/模拟问卷样本,基于车型定位、价格段、能源形式、公开车主口碑和公开用户画像报告拟定；仅用于产品Demo，不代表真实调研结果。,2024增换购用户需求洞察｜汽车之家研究院,https://www.autohome.com.cn/news/202409/1300865.html
S079-07,雷克萨斯,雷克萨斯GX,雷克萨斯GX,77.80-89.98万,80-100万,常规混合动力,SUV,中大型,5座；6座,山东省,2026-08-28,31-35岁,女,私营业主/个体经营者,100万以上,已婚一孩,4人,是,否,BBA/传统豪华车,换购,BBA/传统豪华车,70-90万,对比评估,1-2个月,本人+配偶,子女；配偶；KOL/博主,商务接待；品牌升级,接送孩子；多成员家庭出行,品牌直营店/4S店；懂车帝/汽车之家口碑,是,品牌认知；价格权益；保值率,在意品牌形象和商务/社交场景认可度；希望同预算下配置和权益更划算,价格是否值得；权益透明度；保养维修费用,奥迪Q8；奔驰GLE(进口),倾向本品,待定,,受访者关注品牌认知，主要用于接送孩子；同时对价格是否值得仍有疑问，决策中会对比奥迪Q8；奔驰GLE(进口)。,先围绕接送孩子场景切入，再把品牌认知转化为可感知体验；对价格是否值得需结合竞品对比和真实用车成本解释。,公开资料方向拟定/模拟问卷样本,基于车型定位、价格段、能源形式、公开车主口碑和公开用户画像报告拟定；仅用于产品Demo，不代表真实调研结果。,2024增换购用户需求洞察｜汽车之家研究院,https://www.autohome.com.cn/news/202409/1300865.html
S079-08,雷克萨斯,雷克萨斯GX,雷克萨斯GX,77.80-89.98万,80-100万,常规混合动力,SUV,中大型,5座；6座,北京市,2026-06-16,41-45岁,男,私营业主/个体经营者,100万以上,三代同堂,3人,是,是,BBA/传统豪华车,换购,BBA/传统豪华车,70-90万,流失/转向竞品,1-2个月,本人+配偶,子女；KOL/博主,品牌升级；商务接待,周末短途；城市通勤,小红书/抖音内容；KOL评测；懂车帝/汽车之家口碑,是,安全性；驾驶质感；第三排/多人乘坐,希望在预算内获得更稳定的综合体验,车身尺寸是否好开；价格是否值得,奔驰GLE(进口)；发现,已购,是,,受访者关注安全性，主要用于周末短途；同时对车身尺寸是否好开仍有疑问，决策中会对比奔驰GLE(进口)；发现。,先围绕周末短途场景切入，再把安全性转化为可感知体验；对车身尺寸是否好开需结合竞品对比和真实用车成本解释。,公开资料方向拟定/模拟问卷样本,基于车型定位、价格段、能源形式、公开车主口碑和公开用户画像报告拟定；仅用于产品Demo，不代表真实调研结果。,2024增换购用户需求洞察｜汽车之家研究院,https://www.autohome.com.cn/news/202409/1300865.html
S080-01,奔驰(进口),奔驰S级,奔驰S级,89.88-128.83万,100万以上,常规混合动力,轿车,大型,5座,浙江省,2026-07-21,46岁以上,不便透露,私营业主/个体经营者,100万以上,商务/个人用车,5人及以上,否,否,BBA/传统豪华车,换购,BBA/传统豪华车,80-130万,流失/转向竞品,2个月以上,本人,朋友/同事；车主评价；销售顾问,通勤代步；家庭出行升级；商务接待,周末短途；城市通勤；家庭出行,懂车帝/汽车之家口碑；朋友/同事推荐；KOL评测,是,品牌认知；空间舒适；驾驶质感；乘坐舒适,希望兼顾家人乘坐和周末出行；在意品牌形象和商务/社交场景认可度,高端服务体验；价格是否值得；保养维修费用,雷克萨斯LS；宝马7系,继续比较,待定,,受访者关注品牌认知，主要用于周末短途；同时对高端服务体验仍有疑问，决策中会对比雷克萨斯LS；宝马7系。,先围绕周末短途场景切入，再把品牌认知转化为可感知体验；对高端服务体验需结合竞品对比和真实用车成本解释。,公开资料方向拟定/模拟问卷样本,基于车型定位、价格段、能源形式、公开车主口碑和公开用户画像报告拟定；仅用于产品Demo，不代表真实调研结果。,2024增换购用户需求洞察｜汽车之家研究院,https://www.autohome.com.cn/news/202409/1300865.html
S080-02,奔驰(进口),奔驰S级,奔驰S级,89.88-128.83万,100万以上,常规混合动力,轿车,大型,5座,重庆市,2026-06-20,31-35岁,男,金融/地产从业者,50-80万,已婚一孩,4人,是,否,BBA/传统豪华车,换购,BBA/传统豪华车,80-130万,对比评估,2个月以上,本人,子女；车主评价,家庭品质升级；品牌升级,周末短途；商务接待；城市通勤,懂车帝/汽车之家口碑；朋友/同事推荐,是,乘坐舒适；价格权益；空间舒适,希望兼顾家人乘坐和周末出行；希望同预算下配置和权益更划算,价格是否值得；保养维修费用；底盘舒适性,宝马7系；尊界S800,倾向本品,待定,,受访者关注乘坐舒适，主要用于周末短途；同时对价格是否值得仍有疑问，决策中会对比宝马7系；尊界S800。,先围绕周末短途场景切入，再把乘坐舒适转化为可感知体验；对价格是否值得需结合竞品对比和真实用车成本解释。,公开资料方向拟定/模拟问卷样本,基于车型定位、价格段、能源形式、公开车主口碑和公开用户画像报告拟定；仅用于产品Demo，不代表真实调研结果。,2024增换购用户需求洞察｜汽车之家研究院,https://www.autohome.com.cn/news/202409/1300865.html
S080-03,奔驰(进口),奔驰S级,奔驰S级,89.88-128.83万,100万以上,常规混合动力,轿车,大型,5座,河南省,2026-07-28,36-40岁,女,企业高管/企业主,100万以上,已婚一孩,4人,是,否,BBA/传统豪华车,换购,BBA/传统豪华车,80-130万,对比评估,2周-1个月,本人,车主评价；KOL/博主,家庭出行升级；商务接待；空间升级,商务接待；城市通勤,小红书/抖音内容；品牌直营店/4S店,否,豪华感/质感；售后服务；价格权益；安全性,希望同预算下配置和权益更划算,油耗是否偏高；竞品是否更强；底盘舒适性,尊界S800；奥迪A8；Panamera,已购,是,,受访者关注豪华感/质感，主要用于商务接待；同时对油耗是否偏高仍有疑问，决策中会对比尊界S800；奥迪A8；Panamera。,先围绕商务接待场景切入，再把豪华感/质感转化为可感知体验；对油耗是否偏高需结合竞品对比和真实用车成本解释。,公开资料方向拟定/模拟问卷样本,基于车型定位、价格段、能源形式、公开车主口碑和公开用户画像报告拟定；仅用于产品Demo，不代表真实调研结果。,2024增换购用户需求洞察｜汽车之家研究院,https://www.autohome.com.cn/news/202409/1300865.html
S080-04,奔驰(进口),奔驰S级,奔驰S级,89.88-128.83万,100万以上,常规混合动力,轿车,大型,5座,上海市,2026-06-19,46岁以上,女,私营业主/个体经营者,100万以上,已婚无孩,5人及以上,否,是,家中已有新能源车,增购,家中已有新能源车,80-130万,已购/用车复盘,2个月以上,本人+配偶,车主评价；朋友/同事,换新能源；品牌升级,周末短途；城市通勤；家庭出行,朋友/同事推荐；KOL评测,是,驾驶质感；豪华感/质感；保值率；价格权益,希望同预算下配置和权益更划算,车机/智能化是否落后；竞品是否更强,奥迪A8；Panamera,转向竞品,否,竞品价格更低,受访者关注驾驶质感，主要用于周末短途；同时对车机/智能化是否落后仍有疑问，决策中会对比奥迪A8；Panamera。,先围绕周末短途场景切入，再把驾驶质感转化为可感知体验；对车机/智能化是否落后需结合竞品对比和真实用车成本解释。,公开资料方向拟定/模拟问卷样本,基于车型定位、价格段、能源形式、公开车主口碑和公开用户画像报告拟定；仅用于产品Demo，不代表真实调研结果。,2024增换购用户需求洞察｜汽车之家研究院,https://www.autohome.com.cn/news/202409/1300865.html
S080-05,奔驰(进口),奔驰S级,奔驰S级,89.88-128.83万,100万以上,常规混合动力,轿车,大型,5座,浙江省,2026-06-04,46岁以上,男,私营业主/个体经营者,100万以上,已婚一孩,3人,是,否,家中已有燃油车,增购,家中已有燃油车,80-130万,已试驾,2个月以上,企业/业务需求,配偶；车主评价,品牌升级；空间升级,商务接待；家庭出行；城市通勤,懂车帝/汽车之家口碑；品牌直营店/4S店；车主群/社群讨论,是,保值率；品牌认知；豪华感/质感,在意品牌形象和商务/社交场景认可度,保值率；价格是否值得；保养维修费用,Panamera；雷克萨斯LS,倾向本品,待定,,受访者关注保值率，主要用于商务接待；同时对保值率仍有疑问，决策中会对比Panamera；雷克萨斯LS。,先围绕商务接待场景切入，再把保值率转化为可感知体验；对保值率需结合竞品对比和真实用车成本解释。,公开资料方向拟定/模拟问卷样本,基于车型定位、价格段、能源形式、公开车主口碑和公开用户画像报告拟定；仅用于产品Demo，不代表真实调研结果。,2024增换购用户需求洞察｜汽车之家研究院,https://www.autohome.com.cn/news/202409/1300865.html
S080-06,奔驰(进口),奔驰S级,奔驰S级,89.88-128.83万,100万以上,常规混合动力,轿车,大型,5座,山东省,2026-08-12,31-35岁,女,中基层管理者,100万以上,已婚一孩,4人,是,否,家中已有新能源车,增购,家中已有新能源车,80-130万,对比评估,2周-1个月,本人,KOL/博主；车主评价；子女,通勤代步；家庭品质升级；品牌升级,家庭出行；商务接待,KOL评测；车主群/社群讨论；懂车帝/汽车之家口碑,是,乘坐舒适；安全性；可靠性,希望在预算内获得更稳定的综合体验,油耗是否偏高；售后维修成本；价格是否值得,雷克萨斯LS；宝马7系；尊界S800,已下订,是,,受访者关注乘坐舒适，主要用于家庭出行；同时对油耗是否偏高仍有疑问，决策中会对比雷克萨斯LS；宝马7系；尊界S800。,先围绕家庭出行场景切入，再把乘坐舒适转化为可感知体验；对油耗是否偏高需结合竞品对比和真实用车成本解释。,公开资料方向拟定/模拟问卷样本,基于车型定位、价格段、能源形式、公开车主口碑和公开用户画像报告拟定；仅用于产品Demo，不代表真实调研结果。,2024增换购用户需求洞察｜汽车之家研究院,https://www.autohome.com.cn/news/202409/1300865.html
S080-07,奔驰(进口),奔驰S级,奔驰S级,89.88-128.83万,100万以上,常规混合动力,轿车,大型,5座,江苏省,2026-08-04,36-40岁,女,企业高管/企业主,80-100万,已婚无孩,3人,否,否,家中已有燃油车,增购,家中已有燃油车,80-130万,已试驾,2个月以上,本人,朋友/同事；KOL/博主；车主评价,家庭品质升级；品牌升级,商务接待；周末短途,朋友/同事推荐；品牌直营店/4S店,是,安全性；驾驶质感；售后服务；通勤舒适,希望在预算内获得更稳定的综合体验,售后维修成本；高端服务体验；后排空间是否够用,宝马7系；尊界S800,已购,是,,受访者关注安全性，主要用于商务接待；同时对售后维修成本仍有疑问，决策中会对比宝马7系；尊界S800。,先围绕商务接待场景切入，再把安全性转化为可感知体验；对售后维修成本需结合竞品对比和真实用车成本解释。,公开资料方向拟定/模拟问卷样本,基于车型定位、价格段、能源形式、公开车主口碑和公开用户画像报告拟定；仅用于产品Demo，不代表真实调研结果。,2024增换购用户需求洞察｜汽车之家研究院,https://www.autohome.com.cn/news/202409/1300865.html
S080-08,奔驰(进口),奔驰S级,奔驰S级,89.88-128.83万,100万以上,常规混合动力,轿车,大型,5座,安徽省,2026-07-04,41-45岁,男,企业高管/企业主,80-100万,已婚二孩及以上,3人,是,否,家中已有新能源车,增购,家中已有新能源车,80-130万,已下订,2个月以上,本人+配偶,车主评价；KOL/博主,空间升级；品牌升级；换新能源,周末短途；城市通勤；家庭出行,朋友/同事推荐；KOL评测,是,豪华感/质感；售后服务；可靠性,希望在预算内获得更稳定的综合体验,售后维修成本；竞品是否更强；权益透明度,尊界S800；奥迪A8,价格合适会买,待定,,受访者关注豪华感/质感，主要用于周末短途；同时对售后维修成本仍有疑问，决策中会对比尊界S800；奥迪A8。,先围绕周末短途场景切入，再把豪华感/质感转化为可感知体验；对售后维修成本需结合竞品对比和真实用车成本解释。,公开资料方向拟定/模拟问卷样本,基于车型定位、价格段、能源形式、公开车主口碑和公开用户画像报告拟定；仅用于产品Demo，不代表真实调研结果。,2024增换购用户需求洞察｜汽车之家研究院,https://www.autohome.com.cn/news/202409/1300865.html
S081-01,宝马(进口),宝马7系,宝马7系,80.80-121.80万,100万以上,常规混合动力,轿车,大型,5座,江苏省,2026-06-21,41-45岁,不便透露,私营业主/个体经营者,80-100万,商务/个人用车,5人及以上,否,否,家中已有燃油车,增购,家中已有燃油车,80-130万,已购/用车复盘,2个月以上,本人+配偶,销售顾问；车主评价；朋友/同事,空间升级；家庭出行升级；通勤代步,周末短途；城市通勤；商务接待,懂车帝/汽车之家口碑；车主群/社群讨论,否,可靠性；豪华感/质感；外观设计,希望在预算内获得更稳定的综合体验,保养维修成本；内饰科技感；保值率,奔驰S级；奥迪A8,倾向本品,待定,,受访者关注可靠性，主要用于周末短途；同时对保养维修成本仍有疑问，决策中会对比奔驰S级；奥迪A8。,先围绕周末短途场景切入，再把可靠性转化为可感知体验；对保养维修成本需结合竞品对比和真实用车成本解释。,公开资料方向拟定/模拟问卷样本,基于车型定位、价格段、能源形式、公开车主口碑和公开用户画像报告拟定；仅用于产品Demo，不代表真实调研结果。,宝马X3/5系公开车主口碑｜懂车帝,https://www.dongchedi.com/auto/series/score/2812-x-S0-4-create_time-x-1
S081-02,宝马(进口),宝马7系,宝马7系,80.80-121.80万,100万以上,常规混合动力,轿车,大型,5座,重庆市,2026-06-16,31-35岁,男,中基层管理者,30-50万,已婚一孩,2人,是,否,BBA/传统豪华车,换购,BBA/传统豪华车,80-130万,已购/用车复盘,1-2个月,本人+配偶,配偶；子女,商务与家用兼顾；家庭品质升级,商务接待；城市通勤,懂车帝/汽车之家口碑；KOL评测,是,空间舒适；乘坐舒适；豪华感/质感；保值率,希望兼顾家人乘坐和周末出行,保养维修费用；后排空间是否够用,奥迪A8；雷克萨斯LS,倾向本品,待定,,受访者关注空间舒适，主要用于商务接待；同时对保养维修费用仍有疑问，决策中会对比奥迪A8；雷克萨斯LS。,先围绕商务接待场景切入，再把空间舒适转化为可感知体验；对保养维修费用需结合竞品对比和真实用车成本解释。,公开资料方向拟定/模拟问卷样本,基于车型定位、价格段、能源形式、公开车主口碑和公开用户画像报告拟定；仅用于产品Demo，不代表真实调研结果。,宝马X3/5系公开车主口碑｜懂车帝,https://www.dongchedi.com/auto/series/score/2812-x-S0-4-create_time-x-1
S081-03,宝马(进口),宝马7系,宝马7系,80.80-121.80万,100万以上,常规混合动力,轿车,大型,5座,湖北省,2026-07-01,36-40岁,女,企业高管/企业主,30-50万,商务/个人用车,2人,否,是,家中已有燃油车,增购,家中已有燃油车,80-130万,已试驾,1-2个月,本人+配偶,KOL/博主；朋友/同事；销售顾问,商务与家用兼顾；空间升级,商务接待；城市通勤；家庭出行,车主群/社群讨论；小红书/抖音内容,是,售后服务；安全性；通勤舒适；保值率,希望在预算内获得更稳定的综合体验,保养维修费用；油耗是否偏高；权益透明度,雷克萨斯LS；尊界S800；迈巴赫S级,价格合适会买,待定,,受访者关注售后服务，主要用于商务接待；同时对保养维修费用仍有疑问，决策中会对比雷克萨斯LS；尊界S800；迈巴赫S级。,先围绕商务接待场景切入，再把售后服务转化为可感知体验；对保养维修费用需结合竞品对比和真实用车成本解释。,公开资料方向拟定/模拟问卷样本,基于车型定位、价格段、能源形式、公开车主口碑和公开用户画像报告拟定；仅用于产品Demo，不代表真实调研结果。,宝马X3/5系公开车主口碑｜懂车帝,https://www.dongchedi.com/auto/series/score/2812-x-S0-4-create_time-x-1
S081-04,宝马(进口),宝马7系,宝马7系,80.80-121.80万,100万以上,常规混合动力,轿车,大型,5座,河南省,2026-07-07,46岁以上,男,中基层管理者,100万以上,已婚二孩及以上,3人,是,是,家中已有新能源车,增购,家中已有新能源车,80-130万,对比评估,2周-1个月,本人,子女；KOL/博主,驾驶乐趣；商务接待；家庭品质升级,家庭出行；周末短途,懂车帝/汽车之家口碑；品牌直营店/4S店；朋友/同事推荐,是,价格权益；豪华感/质感；保值率,希望同预算下配置和权益更划算,价格是否值得；高端服务体验,尊界S800；迈巴赫S级,已购,是,,受访者关注价格权益，主要用于家庭出行；同时对价格是否值得仍有疑问，决策中会对比尊界S800；迈巴赫S级。,先围绕家庭出行场景切入，再把价格权益转化为可感知体验；对价格是否值得需结合竞品对比和真实用车成本解释。,公开资料方向拟定/模拟问卷样本,基于车型定位、价格段、能源形式、公开车主口碑和公开用户画像报告拟定；仅用于产品Demo，不代表真实调研结果。,宝马X3/5系公开车主口碑｜懂车帝,https://www.dongchedi.com/auto/series/score/2812-x-S0-4-create_time-x-1
S081-05,宝马(进口),宝马7系,宝马7系,80.80-121.80万,100万以上,常规混合动力,轿车,大型,5座,浙江省,2026-06-11,41-45岁,女,企业高管/企业主,30-50万,商务/个人用车,2人,否,是,家中已有燃油车,增购,家中已有燃油车,80-130万,价格谈判,2周-1个月,本人,车主评价；销售顾问；朋友/同事,商务与家用兼顾；家庭出行升级；品牌升级,商务接待；周末短途；家庭出行,懂车帝/汽车之家口碑；车主群/社群讨论,否,空间舒适；价格权益；操控体验；保值率,希望兼顾家人乘坐和周末出行；希望同预算下配置和权益更划算,油耗是否偏高；保值率；底盘舒适性,迈巴赫S级；奔驰S级,已购,是,,受访者关注空间舒适，主要用于商务接待；同时对油耗是否偏高仍有疑问，决策中会对比迈巴赫S级；奔驰S级。,先围绕商务接待场景切入，再把空间舒适转化为可感知体验；对油耗是否偏高需结合竞品对比和真实用车成本解释。,公开资料方向拟定/模拟问卷样本,基于车型定位、价格段、能源形式、公开车主口碑和公开用户画像报告拟定；仅用于产品Demo，不代表真实调研结果。,宝马X3/5系公开车主口碑｜懂车帝,https://www.dongchedi.com/auto/series/score/2812-x-S0-4-create_time-x-1
S081-06,宝马(进口),宝马7系,宝马7系,80.80-121.80万,100万以上,常规混合动力,轿车,大型,5座,上海市,2026-06-26,36-40岁,男,中基层管理者,50-80万,已婚二孩及以上,4人,是,否,无车,首购,无车,80-130万,已购/用车复盘,2个月以上,本人,KOL/博主；车主评价,商务接待；通勤代步；空间升级,家庭出行；周末短途,品牌直营店/4S店；小红书/抖音内容,是,安全性；驾驶质感；可靠性,希望在预算内获得更稳定的综合体验,后排空间是否够用；售后维修成本,奔驰S级；奥迪A8；雷克萨斯LS,继续比较,待定,,受访者关注安全性，主要用于家庭出行；同时对后排空间是否够用仍有疑问，决策中会对比奔驰S级；奥迪A8；雷克萨斯LS。,先围绕家庭出行场景切入，再把安全性转化为可感知体验；对后排空间是否够用需结合竞品对比和真实用车成本解释。,公开资料方向拟定/模拟问卷样本,基于车型定位、价格段、能源形式、公开车主口碑和公开用户画像报告拟定；仅用于产品Demo，不代表真实调研结果。,宝马X3/5系公开车主口碑｜懂车帝,https://www.dongchedi.com/auto/series/score/2812-x-S0-4-create_time-x-1
S081-07,宝马(进口),宝马7系,宝马7系,80.80-121.80万,100万以上,常规混合动力,轿车,大型,5座,北京市,2026-06-06,36-40岁,女,中基层管理者,50-80万,商务/个人用车,4人,否,否,家中已有燃油车,增购,家中已有燃油车,80-130万,对比评估,1-2个月,本人+配偶,销售顾问；车主评价,驾驶乐趣；通勤代步；空间升级,周末短途；商务接待；家庭出行,懂车帝/汽车之家口碑；KOL评测；车主群/社群讨论,否,售后服务；可靠性；品牌认知；豪华感/质感,在意品牌形象和商务/社交场景认可度,保值率；配置性价比；底盘舒适性,奥迪A8；雷克萨斯LS,价格合适会买,待定,,受访者关注售后服务，主要用于周末短途；同时对保值率仍有疑问，决策中会对比奥迪A8；雷克萨斯LS。,先围绕周末短途场景切入，再把售后服务转化为可感知体验；对保值率需结合竞品对比和真实用车成本解释。,公开资料方向拟定/模拟问卷样本,基于车型定位、价格段、能源形式、公开车主口碑和公开用户画像报告拟定；仅用于产品Demo，不代表真实调研结果。,宝马X3/5系公开车主口碑｜懂车帝,https://www.dongchedi.com/auto/series/score/2812-x-S0-4-create_time-x-1
S081-08,宝马(进口),宝马7系,宝马7系,80.80-121.80万,100万以上,常规混合动力,轿车,大型,5座,安徽省,2026-06-23,46岁以上,男,中基层管理者,80-100万,商务/个人用车,4人,否,否,BBA/传统豪华车,换购,BBA/传统豪华车,80-130万,对比评估,2个月以上,本人+配偶,KOL/博主；销售顾问；朋友/同事,空间升级；家庭品质升级,商务接待；城市通勤,小红书/抖音内容；朋友/同事推荐,是,驾驶质感；通勤舒适；品牌认知；安全性,在意品牌形象和商务/社交场景认可度,后备厢空间；后排空间是否够用；保养维修费用,雷克萨斯LS；尊界S800,倾向本品,待定,,受访者关注驾驶质感，主要用于商务接待；同时对后备厢空间仍有疑问，决策中会对比雷克萨斯LS；尊界S800。,先围绕商务接待场景切入，再把驾驶质感转化为可感知体验；对后备厢空间需结合竞品对比和真实用车成本解释。,公开资料方向拟定/模拟问卷样本,基于车型定位、价格段、能源形式、公开车主口碑和公开用户画像报告拟定；仅用于产品Demo，不代表真实调研结果。,宝马X3/5系公开车主口碑｜懂车帝,https://www.dongchedi.com/auto/series/score/2812-x-S0-4-create_time-x-1
S081-09,宝马(进口),宝马7系,宝马7系,80.80-121.80万,100万以上,常规混合动力,轿车,大型,5座,河南省,2026-08-23,36-40岁,男,中基层管理者,30-50万,已婚二孩及以上,4人,是,否,家中已有燃油车,增购,家中已有燃油车,80-130万,已试驾,2个月以上,本人+配偶,KOL/博主；配偶,通勤代步；品牌升级；空间升级,周末短途；城市通勤；家庭出行,懂车帝/汽车之家口碑；朋友/同事推荐,否,保值率；豪华感/质感；可靠性,希望在预算内获得更稳定的综合体验,售后维修成本；竞品是否更强；油耗是否偏高,尊界S800；迈巴赫S级；奔驰S级,倾向本品,待定,,受访者关注保值率，主要用于周末短途；同时对售后维修成本仍有疑问，决策中会对比尊界S800；迈巴赫S级；奔驰S级。,先围绕周末短途场景切入，再把保值率转化为可感知体验；对售后维修成本需结合竞品对比和真实用车成本解释。,公开资料方向拟定/模拟问卷样本,基于车型定位、价格段、能源形式、公开车主口碑和公开用户画像报告拟定；仅用于产品Demo，不代表真实调研结果。,宝马X3/5系公开车主口碑｜懂车帝,https://www.dongchedi.com/auto/series/score/2812-x-S0-4-create_time-x-1
S081-10,宝马(进口),宝马7系,宝马7系,80.80-121.80万,100万以上,常规混合动力,轿车,大型,5座,北京市,2026-07-14,41-45岁,男,互联网/科技从业者,80-100万,已婚一孩,3人,是,否,家中已有新能源车,增购,家中已有新能源车,80-130万,已试驾,1-2个月,本人,父母；子女,家庭品质升级；驾驶乐趣；品牌升级,城市通勤；商务接待；家庭出行,小红书/抖音内容；朋友/同事推荐；品牌直营店/4S店,是,售后服务；通勤舒适；保值率；豪华感/质感,希望在预算内获得更稳定的综合体验,竞品是否更强；后排空间；保值率,迈巴赫S级；奔驰S级,倾向本品,待定,,受访者关注售后服务，主要用于城市通勤；同时对竞品是否更强仍有疑问，决策中会对比迈巴赫S级；奔驰S级。,先围绕城市通勤场景切入，再把售后服务转化为可感知体验；对竞品是否更强需结合竞品对比和真实用车成本解释。,公开资料方向拟定/模拟问卷样本,基于车型定位、价格段、能源形式、公开车主口碑和公开用户画像报告拟定；仅用于产品Demo，不代表真实调研结果。,宝马X3/5系公开车主口碑｜懂车帝,https://www.dongchedi.com/auto/series/score/2812-x-S0-4-create_time-x-1
S081-11,宝马(进口),宝马7系,宝马7系,80.80-121.80万,100万以上,常规混合动力,轿车,大型,5座,江苏省,2026-08-11,36-40岁,男,企业高管/企业主,80-100万,商务/个人用车,3人,否,否,BBA/传统豪华车,换购,BBA/传统豪华车,80-130万,价格谈判,2个月以上,本人+配偶,朋友/同事；车主评价,换新能源；家庭出行升级；品牌升级,城市通勤；周末短途,朋友/同事推荐；KOL评测；车主群/社群讨论,是,乘坐舒适；安全性；通勤舒适,希望在预算内获得更稳定的综合体验,保养维修成本；竞品是否更强；内饰科技感,奔驰S级；奥迪A8,转向竞品,否,竞品智驾更强,受访者关注乘坐舒适，主要用于城市通勤；同时对保养维修成本仍有疑问，决策中会对比奔驰S级；奥迪A8。,先围绕城市通勤场景切入，再把乘坐舒适转化为可感知体验；对保养维修成本需结合竞品对比和真实用车成本解释。,公开资料方向拟定/模拟问卷样本,基于车型定位、价格段、能源形式、公开车主口碑和公开用户画像报告拟定；仅用于产品Demo，不代表真实调研结果。,宝马X3/5系公开车主口碑｜懂车帝,https://www.dongchedi.com/auto/series/score/2812-x-S0-4-create_time-x-1
S081-12,宝马(进口),宝马7系,宝马7系,80.80-121.80万,100万以上,常规混合动力,轿车,大型,5座,江苏省,2026-07-22,36-40岁,男,企业高管/企业主,50-80万,已婚无孩,3人,否,是,BBA/传统豪华车,换购,BBA/传统豪华车,80-130万,对比评估,1-2个月,本人+配偶,配偶；朋友/同事；车主评价,家庭出行升级；换新能源；家庭品质升级,家庭出行；周末短途；城市通勤,朋友/同事推荐；车主群/社群讨论；品牌直营店/4S店,否,可靠性；驾驶质感；操控体验；安全性,希望在预算内获得更稳定的综合体验,竞品是否更强；车机/智能化是否落后；高端服务体验,奥迪A8；雷克萨斯LS；尊界S800,转向竞品,否,家人更认可竞品,受访者关注可靠性，主要用于家庭出行；同时对竞品是否更强仍有疑问，决策中会对比奥迪A8；雷克萨斯LS；尊界S800。,先围绕家庭出行场景切入，再把可靠性转化为可感知体验；对竞品是否更强需结合竞品对比和真实用车成本解释。,公开资料方向拟定/模拟问卷样本,基于车型定位、价格段、能源形式、公开车主口碑和公开用户画像报告拟定；仅用于产品Demo，不代表真实调研结果。,宝马X3/5系公开车主口碑｜懂车帝,https://www.dongchedi.com/auto/series/score/2812-x-S0-4-create_time-x-1
S081-13,宝马(进口),宝马7系,宝马7系,80.80-121.80万,100万以上,常规混合动力,轿车,大型,5座,广东省,2026-06-03,36-40岁,不便透露,中基层管理者,50-80万,已婚无孩,2人,否,是,BBA/传统豪华车,换购,BBA/传统豪华车,80-130万,对比评估,1-2个月,本人+配偶,配偶；KOL/博主,商务接待；商务与家用兼顾；家庭出行升级,商务接待；城市通勤,KOL评测；小红书/抖音内容,是,空间舒适；通勤舒适；操控体验,希望兼顾家人乘坐和周末出行,保养维修费用；高端服务体验,雷克萨斯LS；尊界S800,倾向本品,待定,,受访者关注空间舒适，主要用于商务接待；同时对保养维修费用仍有疑问，决策中会对比雷克萨斯LS；尊界S800。,先围绕商务接待场景切入，再把空间舒适转化为可感知体验；对保养维修费用需结合竞品对比和真实用车成本解释。,公开资料方向拟定/模拟问卷样本,基于车型定位、价格段、能源形式、公开车主口碑和公开用户画像报告拟定；仅用于产品Demo，不代表真实调研结果。,宝马X3/5系公开车主口碑｜懂车帝,https://www.dongchedi.com/auto/series/score/2812-x-S0-4-create_time-x-1
S081-14,宝马(进口),宝马7系,宝马7系,80.80-121.80万,100万以上,常规混合动力,轿车,大型,5座,上海市,2026-08-16,36-40岁,女,中基层管理者,50-80万,已婚无孩,1人,否,否,无车,首购,无车,80-130万,初步了解,1-2个月,企业/业务需求,KOL/博主；车主评价；朋友/同事,商务接待；通勤代步,家庭出行；周末短途,品牌直营店/4S店；懂车帝/汽车之家口碑；KOL评测,是,售后服务；价格权益；安全性；操控体验,希望同预算下配置和权益更划算,竞品是否更强；内饰科技感,尊界S800；迈巴赫S级,倾向本品,待定,,受访者关注售后服务，主要用于家庭出行；同时对竞品是否更强仍有疑问，决策中会对比尊界S800；迈巴赫S级。,先围绕家庭出行场景切入，再把售后服务转化为可感知体验；对竞品是否更强需结合竞品对比和真实用车成本解释。,公开资料方向拟定/模拟问卷样本,基于车型定位、价格段、能源形式、公开车主口碑和公开用户画像报告拟定；仅用于产品Demo，不代表真实调研结果。,宝马X3/5系公开车主口碑｜懂车帝,https://www.dongchedi.com/auto/series/score/2812-x-S0-4-create_time-x-1
S081-15,宝马(进口),宝马7系,宝马7系,80.80-121.80万,100万以上,常规混合动力,轿车,大型,5座,湖北省,2026-06-26,31-35岁,女,企业高管/企业主,30-50万,已婚无孩,4人,否,否,BBA/传统豪华车,换购,BBA/传统豪华车,80-130万,已下订,2周-1个月,本人,配偶；KOL/博主；朋友/同事,家庭品质升级；商务接待,商务接待；周末短途；家庭出行,懂车帝/汽车之家口碑；车主群/社群讨论,是,售后服务；空间舒适；安全性；豪华感/质感,希望兼顾家人乘坐和周末出行,配置性价比；油耗是否偏高,迈巴赫S级；奔驰S级；奥迪A8,倾向本品,待定,,受访者关注售后服务，主要用于商务接待；同时对配置性价比仍有疑问，决策中会对比迈巴赫S级；奔驰S级；奥迪A8。,先围绕商务接待场景切入，再把售后服务转化为可感知体验；对配置性价比需结合竞品对比和真实用车成本解释。,公开资料方向拟定/模拟问卷样本,基于车型定位、价格段、能源形式、公开车主口碑和公开用户画像报告拟定；仅用于产品Demo，不代表真实调研结果。,宝马X3/5系公开车主口碑｜懂车帝,https://www.dongchedi.com/auto/series/score/2812-x-S0-4-create_time-x-1
S081-16,宝马(进口),宝马7系,宝马7系,80.80-121.80万,100万以上,常规混合动力,轿车,大型,5座,北京市,2026-07-04,31-35岁,男,金融/地产从业者,50-80万,已婚无孩,2人,否,否,BBA/传统豪华车,换购,BBA/传统豪华车,80-130万,已下订,2个月以上,本人,朋友/同事；配偶；车主评价,通勤代步；换新能源；商务与家用兼顾,家庭出行；商务接待；城市通勤,小红书/抖音内容；车主群/社群讨论；懂车帝/汽车之家口碑,是,售后服务；操控体验；空间舒适；价格权益,希望兼顾家人乘坐和周末出行；希望同预算下配置和权益更划算,保值率；后备厢空间,奔驰S级；奥迪A8,转向竞品,否,竞品价格更低,受访者关注售后服务，主要用于家庭出行；同时对保值率仍有疑问，决策中会对比奔驰S级；奥迪A8。,先围绕家庭出行场景切入，再把售后服务转化为可感知体验；对保值率需结合竞品对比和真实用车成本解释。,公开资料方向拟定/模拟问卷样本,基于车型定位、价格段、能源形式、公开车主口碑和公开用户画像报告拟定；仅用于产品Demo，不代表真实调研结果。,宝马X3/5系公开车主口碑｜懂车帝,https://www.dongchedi.com/auto/series/score/2812-x-S0-4-create_time-x-1
S081-17,宝马(进口),宝马7系,宝马7系,80.80-121.80万,100万以上,常规混合动力,轿车,大型,5座,湖南省,2026-07-24,31-35岁,男,私营业主/个体经营者,50-80万,已婚二孩及以上,2人,是,是,家中已有燃油车,增购,家中已有燃油车,80-130万,对比评估,2周-1个月,本人+配偶,配偶；车主评价,家庭品质升级；换新能源,周末短途；商务接待；城市通勤,小红书/抖音内容；懂车帝/汽车之家口碑；KOL评测,是,售后服务；品牌认知；安全性；保值率,在意品牌形象和商务/社交场景认可度,价格是否值得；油耗是否偏高,奥迪A8；雷克萨斯LS,继续比较,待定,,受访者关注售后服务，主要用于周末短途；同时对价格是否值得仍有疑问，决策中会对比奥迪A8；雷克萨斯LS。,先围绕周末短途场景切入，再把售后服务转化为可感知体验；对价格是否值得需结合竞品对比和真实用车成本解释。,公开资料方向拟定/模拟问卷样本,基于车型定位、价格段、能源形式、公开车主口碑和公开用户画像报告拟定；仅用于产品Demo，不代表真实调研结果。,宝马X3/5系公开车主口碑｜懂车帝,https://www.dongchedi.com/auto/series/score/2812-x-S0-4-create_time-x-1
S081-18,宝马(进口),宝马7系,宝马7系,80.80-121.80万,100万以上,常规混合动力,轿车,大型,5座,江苏省,2026-06-10,31-35岁,不便透露,金融/地产从业者,50-80万,已婚二孩及以上,4人,是,否,家中已有新能源车,增购,家中已有新能源车,80-130万,已试驾,2个月以上,本人+配偶,车主评价；配偶；KOL/博主,通勤代步；空间升级,城市通勤；周末短途；家庭出行,KOL评测；品牌直营店/4S店,是,豪华感/质感；安全性；可靠性,希望在预算内获得更稳定的综合体验,高端服务体验；保养维修费用；保值率,雷克萨斯LS；尊界S800；迈巴赫S级,倾向本品,待定,,受访者关注豪华感/质感，主要用于城市通勤；同时对高端服务体验仍有疑问，决策中会对比雷克萨斯LS；尊界S800；迈巴赫S级。,先围绕城市通勤场景切入，再把豪华感/质感转化为可感知体验；对高端服务体验需结合竞品对比和真实用车成本解释。,公开资料方向拟定/模拟问卷样本,基于车型定位、价格段、能源形式、公开车主口碑和公开用户画像报告拟定；仅用于产品Demo，不代表真实调研结果。,宝马X3/5系公开车主口碑｜懂车帝,https://www.dongchedi.com/auto/series/score/2812-x-S0-4-create_time-x-1
S081-19,宝马(进口),宝马7系,宝马7系,80.80-121.80万,100万以上,常规混合动力,轿车,大型,5座,广东省,2026-06-11,36-40岁,不便透露,企业高管/企业主,100万以上,已婚无孩,3人,否,是,无车,首购,无车,80-130万,已下订,1-2个月,本人+配偶,KOL/博主；配偶；车主评价,家庭出行升级；驾驶乐趣,家庭出行；城市通勤；周末短途,朋友/同事推荐；车主群/社群讨论；小红书/抖音内容,是,安全性；豪华感/质感；售后服务；价格权益,希望同预算下配置和权益更划算,价格是否值得；高端服务体验；油耗是否偏高,尊界S800；迈巴赫S级,价格合适会买,待定,,受访者关注安全性，主要用于家庭出行；同时对价格是否值得仍有疑问，决策中会对比尊界S800；迈巴赫S级。,先围绕家庭出行场景切入，再把安全性转化为可感知体验；对价格是否值得需结合竞品对比和真实用车成本解释。,公开资料方向拟定/模拟问卷样本,基于车型定位、价格段、能源形式、公开车主口碑和公开用户画像报告拟定；仅用于产品Demo，不代表真实调研结果。,宝马X3/5系公开车主口碑｜懂车帝,https://www.dongchedi.com/auto/series/score/2812-x-S0-4-create_time-x-1
S081-20,宝马(进口),宝马7系,宝马7系,80.80-121.80万,100万以上,常规混合动力,轿车,大型,5座,湖南省,2026-07-06,36-40岁,男,金融/地产从业者,100万以上,已婚二孩及以上,4人,是,是,BBA/传统豪华车,换购,BBA/传统豪华车,80-130万,已试驾,1-2个月,本人,KOL/博主；子女,家庭品质升级；品牌升级,周末短途；城市通勤,朋友/同事推荐；车主群/社群讨论,是,空间舒适；售后服务；外观设计,希望兼顾家人乘坐和周末出行,保养维修成本；后排空间是否够用,迈巴赫S级；奔驰S级,已购,是,,受访者关注空间舒适，主要用于周末短途；同时对保养维修成本仍有疑问，决策中会对比迈巴赫S级；奔驰S级。,先围绕周末短途场景切入，再把空间舒适转化为可感知体验；对保养维修成本需结合竞品对比和真实用车成本解释。,公开资料方向拟定/模拟问卷样本,基于车型定位、价格段、能源形式、公开车主口碑和公开用户画像报告拟定；仅用于产品Demo，不代表真实调研结果。,宝马X3/5系公开车主口碑｜懂车帝,https://www.dongchedi.com/auto/series/score/2812-x-S0-4-create_time-x-1
S082-01,路虎(进口),揽胜运动,揽胜运动,89.80-218.00万,100万以上,常规混合动力,SUV,中大型,5座,广东省,2026-06-06,41-45岁,女,企业高管/企业主,100万以上,三代同堂,3人,是,是,BBA/传统豪华车,换购,BBA/传统豪华车,80-220万,初步了解,1-2个月,本人+配偶,父母；配偶,商务接待；家庭出行升级,周末短途；城市通勤；家庭出行,朋友/同事推荐；车主群/社群讨论,是,豪华感/质感；安全性；驾驶质感；价格权益,希望同预算下配置和权益更划算,竞品是否更强；车机/智能化是否落后；油耗是否偏高,路虎卫士；揽胜,倾向本品,待定,,受访者关注豪华感/质感，主要用于周末短途；同时对竞品是否更强仍有疑问，决策中会对比路虎卫士；揽胜。,先围绕周末短途场景切入，再把豪华感/质感转化为可感知体验；对竞品是否更强需结合竞品对比和真实用车成本解释。,公开资料方向拟定/模拟问卷样本,基于车型定位、价格段、能源形式、公开车主口碑和公开用户画像报告拟定；仅用于产品Demo，不代表真实调研结果。,2024增换购用户需求洞察｜汽车之家研究院,https://www.autohome.com.cn/news/202409/1300865.html
S082-02,路虎(进口),揽胜运动,揽胜运动,89.80-218.00万,100万以上,常规混合动力,SUV,中大型,5座,广东省,2026-08-03,41-45岁,女,私营业主/个体经营者,100万以上,已婚一孩,1人,是,否,BBA/传统豪华车,换购,BBA/传统豪华车,80-220万,流失/转向竞品,2个月以上,本人+配偶,父母；子女,家庭品质升级；通勤代步,家庭出行；城市通勤；周末短途,懂车帝/汽车之家口碑；车主群/社群讨论；小红书/抖音内容,是,乘坐舒适；售后服务；驾驶质感,希望在预算内获得更稳定的综合体验,价格是否值得；车机/智能化是否落后；高端服务体验,揽胜；奥迪Q8,倾向本品,待定,,受访者关注乘坐舒适，主要用于家庭出行；同时对价格是否值得仍有疑问，决策中会对比揽胜；奥迪Q8。,先围绕家庭出行场景切入，再把乘坐舒适转化为可感知体验；对价格是否值得需结合竞品对比和真实用车成本解释。,公开资料方向拟定/模拟问卷样本,基于车型定位、价格段、能源形式、公开车主口碑和公开用户画像报告拟定；仅用于产品Demo，不代表真实调研结果。,2024增换购用户需求洞察｜汽车之家研究院,https://www.autohome.com.cn/news/202409/1300865.html
S082-03,路虎(进口),揽胜运动,揽胜运动,89.80-218.00万,100万以上,常规混合动力,SUV,中大型,5座,福建省,2026-06-06,41-45岁,男,私营业主/个体经营者,50-80万,三代同堂,4人,是,是,BBA/传统豪华车,换购,BBA/传统豪华车,80-220万,已购/用车复盘,1-2个月,本人+配偶,父母；KOL/博主；配偶,品牌升级；商务接待,城市通勤；周末短途,懂车帝/汽车之家口碑；小红书/抖音内容；朋友/同事推荐,是,安全性；乘坐舒适；品牌认知,在意品牌形象和商务/社交场景认可度,车机/智能化是否落后；油耗是否偏高；价格是否值得,奥迪Q8；Cayenne；雷克萨斯LX,价格合适会买,待定,,受访者关注安全性，主要用于城市通勤；同时对车机/智能化是否落后仍有疑问，决策中会对比奥迪Q8；Cayenne；雷克萨斯LX。,先围绕城市通勤场景切入，再把安全性转化为可感知体验；对车机/智能化是否落后需结合竞品对比和真实用车成本解释。,公开资料方向拟定/模拟问卷样本,基于车型定位、价格段、能源形式、公开车主口碑和公开用户画像报告拟定；仅用于产品Demo，不代表真实调研结果。,2024增换购用户需求洞察｜汽车之家研究院,https://www.autohome.com.cn/news/202409/1300865.html
S082-04,路虎(进口),揽胜运动,揽胜运动,89.80-218.00万,100万以上,常规混合动力,SUV,中大型,5座,四川省,2026-07-28,31-35岁,男,金融/地产从业者,50-80万,已婚二孩及以上,3人,是,否,BBA/传统豪华车,换购,BBA/传统豪华车,80-220万,初步了解,2个月以上,企业/业务需求,KOL/博主；父母,商务接待；品牌升级,周末短途；城市通勤；家庭出行,朋友/同事推荐；小红书/抖音内容,是,售后服务；价格权益；品牌认知,在意品牌形象和商务/社交场景认可度；希望同预算下配置和权益更划算,权益透明度；保养维修费用；竞品是否更强,Cayenne；雷克萨斯LX,已购,是,,受访者关注售后服务，主要用于周末短途；同时对权益透明度仍有疑问，决策中会对比Cayenne；雷克萨斯LX。,先围绕周末短途场景切入，再把售后服务转化为可感知体验；对权益透明度需结合竞品对比和真实用车成本解释。,公开资料方向拟定/模拟问卷样本,基于车型定位、价格段、能源形式、公开车主口碑和公开用户画像报告拟定；仅用于产品Demo，不代表真实调研结果。,2024增换购用户需求洞察｜汽车之家研究院,https://www.autohome.com.cn/news/202409/1300865.html
S082-05,路虎(进口),揽胜运动,揽胜运动,89.80-218.00万,100万以上,常规混合动力,SUV,中大型,5座,广东省,2026-08-06,36-40岁,女,金融/地产从业者,100万以上,三代同堂,2人,是,是,家中已有燃油车,增购,家中已有燃油车,80-220万,流失/转向竞品,1-2个月,家庭共同决策,车主评价；子女,空间升级；家庭品质升级,周末短途；家庭出行,朋友/同事推荐；品牌直营店/4S店,是,驾驶质感；可靠性；售后服务；价格权益,希望同预算下配置和权益更划算,价格是否值得；保养维修费用；售后维修成本,雷克萨斯LX；路虎卫士,倾向本品,待定,,受访者关注驾驶质感，主要用于周末短途；同时对价格是否值得仍有疑问，决策中会对比雷克萨斯LX；路虎卫士。,先围绕周末短途场景切入，再把驾驶质感转化为可感知体验；对价格是否值得需结合竞品对比和真实用车成本解释。,公开资料方向拟定/模拟问卷样本,基于车型定位、价格段、能源形式、公开车主口碑和公开用户画像报告拟定；仅用于产品Demo，不代表真实调研结果。,2024增换购用户需求洞察｜汽车之家研究院,https://www.autohome.com.cn/news/202409/1300865.html
S082-06,路虎(进口),揽胜运动,揽胜运动,89.80-218.00万,100万以上,常规混合动力,SUV,中大型,5座,河南省,2026-08-15,46岁以上,男,金融/地产从业者,80-100万,三代同堂,1人,是,是,无车,首购,无车,80-220万,已购/用车复盘,1-2个月,家庭共同决策,子女；车主评价,品牌升级；换新能源；空间升级,周末短途；家庭出行；城市通勤,品牌直营店/4S店；朋友/同事推荐,否,安全性；空间舒适；可靠性,希望兼顾家人乘坐和周末出行,油耗是否偏高；竞品是否更强；车机/智能化是否落后,路虎卫士；揽胜；奥迪Q8,已下订,是,,受访者关注安全性，主要用于周末短途；同时对油耗是否偏高仍有疑问，决策中会对比路虎卫士；揽胜；奥迪Q8。,先围绕周末短途场景切入，再把安全性转化为可感知体验；对油耗是否偏高需结合竞品对比和真实用车成本解释。,公开资料方向拟定/模拟问卷样本,基于车型定位、价格段、能源形式、公开车主口碑和公开用户画像报告拟定；仅用于产品Demo，不代表真实调研结果。,2024增换购用户需求洞察｜汽车之家研究院,https://www.autohome.com.cn/news/202409/1300865.html
S082-07,路虎(进口),揽胜运动,揽胜运动,89.80-218.00万,100万以上,常规混合动力,SUV,中大型,5座,陕西省,2026-07-22,36-40岁,女,中基层管理者,100万以上,三代同堂,3人,是,是,BBA/传统豪华车,换购,BBA/传统豪华车,80-220万,已试驾,1-2个月,本人+配偶,KOL/博主；子女；父母,家庭出行升级；商务接待,家庭出行；周末短途；城市通勤,品牌直营店/4S店；小红书/抖音内容,是,乘坐舒适；安全性；售后服务,希望在预算内获得更稳定的综合体验,油耗是否偏高；保值率；价格是否值得,揽胜；奥迪Q8,继续比较,待定,,受访者关注乘坐舒适，主要用于家庭出行；同时对油耗是否偏高仍有疑问，决策中会对比揽胜；奥迪Q8。,先围绕家庭出行场景切入，再把乘坐舒适转化为可感知体验；对油耗是否偏高需结合竞品对比和真实用车成本解释。,公开资料方向拟定/模拟问卷样本,基于车型定位、价格段、能源形式、公开车主口碑和公开用户画像报告拟定；仅用于产品Demo，不代表真实调研结果。,2024增换购用户需求洞察｜汽车之家研究院,https://www.autohome.com.cn/news/202409/1300865.html
S082-08,路虎(进口),揽胜运动,揽胜运动,89.80-218.00万,100万以上,常规混合动力,SUV,中大型,5座,山东省,2026-08-19,46岁以上,男,企业高管/企业主,100万以上,三代同堂,1人,是,是,BBA/传统豪华车,换购,BBA/传统豪华车,80-220万,已试驾,2个月以上,家庭共同决策,配偶；KOL/博主；子女,商务接待；家庭品质升级；换新能源,周末短途；家庭出行；城市通勤,车主群/社群讨论；朋友/同事推荐,是,品牌认知；保值率；乘坐舒适；空间舒适,希望兼顾家人乘坐和周末出行；在意品牌形象和商务/社交场景认可度,竞品是否更强；车机/智能化是否落后,奥迪Q8；Cayenne,价格合适会买,待定,,受访者关注品牌认知，主要用于周末短途；同时对竞品是否更强仍有疑问，决策中会对比奥迪Q8；Cayenne。,先围绕周末短途场景切入，再把品牌认知转化为可感知体验；对竞品是否更强需结合竞品对比和真实用车成本解释。,公开资料方向拟定/模拟问卷样本,基于车型定位、价格段、能源形式、公开车主口碑和公开用户画像报告拟定；仅用于产品Demo，不代表真实调研结果。,2024增换购用户需求洞察｜汽车之家研究院,https://www.autohome.com.cn/news/202409/1300865.html
S083-01,雷克萨斯,雷克萨斯LS,雷克萨斯LS,88.50-120.00万,100万以上,常规混合动力,轿车,大型,5座,重庆市,2026-06-26,41-45岁,男,企业高管/企业主,50-80万,已婚一孩,3人,是,是,家中已有燃油车,增购,家中已有燃油车,80-120万,已试驾,2个月以上,本人+配偶,子女；配偶；车主评价,品牌升级；商务接待；空间升级,周末短途；城市通勤,KOL评测；朋友/同事推荐；品牌直营店/4S店,是,可靠性；售后服务；外观设计,希望在预算内获得更稳定的综合体验,后排空间是否够用；保养维修费用；保值率,宝马7系；奔驰S级,倾向本品,待定,,受访者关注可靠性，主要用于周末短途；同时对后排空间是否够用仍有疑问，决策中会对比宝马7系；奔驰S级。,先围绕周末短途场景切入，再把可靠性转化为可感知体验；对后排空间是否够用需结合竞品对比和真实用车成本解释。,公开资料方向拟定/模拟问卷样本,基于车型定位、价格段、能源形式、公开车主口碑和公开用户画像报告拟定；仅用于产品Demo，不代表真实调研结果。,2024增换购用户需求洞察｜汽车之家研究院,https://www.autohome.com.cn/news/202409/1300865.html
S083-02,雷克萨斯,雷克萨斯LS,雷克萨斯LS,88.50-120.00万,100万以上,常规混合动力,轿车,大型,5座,陕西省,2026-08-08,46岁以上,男,私营业主/个体经营者,80-100万,已婚二孩及以上,4人,是,否,家中已有新能源车,增购,家中已有新能源车,80-120万,初步了解,1-2个月,本人,子女；KOL/博主；车主评价,商务接待；品牌升级,城市通勤；家庭出行；周末短途,车主群/社群讨论；品牌直营店/4S店,是,安全性；可靠性；保值率,希望在预算内获得更稳定的综合体验,保值率；竞品是否更强,奔驰S级；尊界S800,已购,是,,受访者关注安全性，主要用于城市通勤；同时对保值率仍有疑问，决策中会对比奔驰S级；尊界S800。,先围绕城市通勤场景切入，再把安全性转化为可感知体验；对保值率需结合竞品对比和真实用车成本解释。,公开资料方向拟定/模拟问卷样本,基于车型定位、价格段、能源形式、公开车主口碑和公开用户画像报告拟定；仅用于产品Demo，不代表真实调研结果。,2024增换购用户需求洞察｜汽车之家研究院,https://www.autohome.com.cn/news/202409/1300865.html
S083-03,雷克萨斯,雷克萨斯LS,雷克萨斯LS,88.50-120.00万,100万以上,常规混合动力,轿车,大型,5座,广东省,2026-08-25,41-45岁,女,企业高管/企业主,100万以上,已婚一孩,3人,是,是,BBA/传统豪华车,换购,BBA/传统豪华车,80-120万,对比评估,1-2个月,本人+配偶,车主评价；KOL/博主；子女,品牌升级；换新能源；商务接待,城市通勤；家庭出行；周末短途,车主群/社群讨论；懂车帝/汽车之家口碑；小红书/抖音内容,是,品牌认知；价格权益；安全性,在意品牌形象和商务/社交场景认可度；希望同预算下配置和权益更划算,保养维修费用；底盘舒适性,尊界S800；奥迪A8；Panamera,倾向本品,待定,,受访者关注品牌认知，主要用于城市通勤；同时对保养维修费用仍有疑问，决策中会对比尊界S800；奥迪A8；Panamera。,先围绕城市通勤场景切入，再把品牌认知转化为可感知体验；对保养维修费用需结合竞品对比和真实用车成本解释。,公开资料方向拟定/模拟问卷样本,基于车型定位、价格段、能源形式、公开车主口碑和公开用户画像报告拟定；仅用于产品Demo，不代表真实调研结果。,2024增换购用户需求洞察｜汽车之家研究院,https://www.autohome.com.cn/news/202409/1300865.html
S083-04,雷克萨斯,雷克萨斯LS,雷克萨斯LS,88.50-120.00万,100万以上,常规混合动力,轿车,大型,5座,山东省,2026-08-02,41-45岁,男,企业高管/企业主,50-80万,已婚一孩,3人,是,否,BBA/传统豪华车,换购,BBA/传统豪华车,80-120万,已试驾,2个月以上,本人+配偶,配偶；KOL/博主,通勤代步；换新能源；家庭品质升级,城市通勤；商务接待,车主群/社群讨论；KOL评测；懂车帝/汽车之家口碑,是,价格权益；豪华感/质感；通勤舒适；可靠性,希望同预算下配置和权益更划算,油耗是否偏高；权益透明度；竞品是否更强,奥迪A8；Panamera,已购,是,,受访者关注价格权益，主要用于城市通勤；同时对油耗是否偏高仍有疑问，决策中会对比奥迪A8；Panamera。,先围绕城市通勤场景切入，再把价格权益转化为可感知体验；对油耗是否偏高需结合竞品对比和真实用车成本解释。,公开资料方向拟定/模拟问卷样本,基于车型定位、价格段、能源形式、公开车主口碑和公开用户画像报告拟定；仅用于产品Demo，不代表真实调研结果。,2024增换购用户需求洞察｜汽车之家研究院,https://www.autohome.com.cn/news/202409/1300865.html
S083-05,雷克萨斯,雷克萨斯LS,雷克萨斯LS,88.50-120.00万,100万以上,常规混合动力,轿车,大型,5座,浙江省,2026-08-08,41-45岁,男,企业高管/企业主,50-80万,已婚无孩,1人,否,是,BBA/传统豪华车,换购,BBA/传统豪华车,80-120万,价格谈判,2个月以上,本人+配偶,车主评价；配偶,商务接待；品牌升级；换新能源,城市通勤；家庭出行；商务接待,懂车帝/汽车之家口碑；小红书/抖音内容,是,通勤舒适；乘坐舒适；售后服务,希望在预算内获得更稳定的综合体验,车机/智能化是否落后；保值率,Panamera；宝马7系,倾向本品,待定,,受访者关注通勤舒适，主要用于城市通勤；同时对车机/智能化是否落后仍有疑问，决策中会对比Panamera；宝马7系。,先围绕城市通勤场景切入，再把通勤舒适转化为可感知体验；对车机/智能化是否落后需结合竞品对比和真实用车成本解释。,公开资料方向拟定/模拟问卷样本,基于车型定位、价格段、能源形式、公开车主口碑和公开用户画像报告拟定；仅用于产品Demo，不代表真实调研结果。,2024增换购用户需求洞察｜汽车之家研究院,https://www.autohome.com.cn/news/202409/1300865.html
S083-06,雷克萨斯,雷克萨斯LS,雷克萨斯LS,88.50-120.00万,100万以上,常规混合动力,轿车,大型,5座,浙江省,2026-08-01,41-45岁,男,金融/地产从业者,50-80万,商务/个人用车,2人,否,否,家中已有新能源车,增购,家中已有新能源车,80-120万,对比评估,2个月以上,本人,车主评价；朋友/同事；KOL/博主,商务接待；家庭品质升级,周末短途；城市通勤；商务接待,品牌直营店/4S店；朋友/同事推荐,是,外观设计；空间舒适；保值率；乘坐舒适,希望兼顾家人乘坐和周末出行,价格是否值得；售后维修成本；车机/智能化是否落后,宝马7系；奔驰S级；尊界S800,已下订,是,,受访者关注外观设计，主要用于周末短途；同时对价格是否值得仍有疑问，决策中会对比宝马7系；奔驰S级；尊界S800。,先围绕周末短途场景切入，再把外观设计转化为可感知体验；对价格是否值得需结合竞品对比和真实用车成本解释。,公开资料方向拟定/模拟问卷样本,基于车型定位、价格段、能源形式、公开车主口碑和公开用户画像报告拟定；仅用于产品Demo，不代表真实调研结果。,2024增换购用户需求洞察｜汽车之家研究院,https://www.autohome.com.cn/news/202409/1300865.html
S083-07,雷克萨斯,雷克萨斯LS,雷克萨斯LS,88.50-120.00万,100万以上,常规混合动力,轿车,大型,5座,山东省,2026-06-05,36-40岁,女,企业高管/企业主,50-80万,商务/个人用车,4人,否,否,家中已有燃油车,增购,家中已有燃油车,80-120万,流失/转向竞品,1-2个月,本人,朋友/同事；车主评价；销售顾问,家庭品质升级；家庭出行升级,城市通勤；商务接待,朋友/同事推荐；车主群/社群讨论；KOL评测,是,外观设计；驾驶质感；通勤舒适,希望在预算内获得更稳定的综合体验,高端服务体验；权益透明度；保值率,奔驰S级；尊界S800,继续比较,待定,,受访者关注外观设计，主要用于城市通勤；同时对高端服务体验仍有疑问，决策中会对比奔驰S级；尊界S800。,先围绕城市通勤场景切入，再把外观设计转化为可感知体验；对高端服务体验需结合竞品对比和真实用车成本解释。,公开资料方向拟定/模拟问卷样本,基于车型定位、价格段、能源形式、公开车主口碑和公开用户画像报告拟定；仅用于产品Demo，不代表真实调研结果。,2024增换购用户需求洞察｜汽车之家研究院,https://www.autohome.com.cn/news/202409/1300865.html
S083-08,雷克萨斯,雷克萨斯LS,雷克萨斯LS,88.50-120.00万,100万以上,常规混合动力,轿车,大型,5座,北京市,2026-08-11,41-45岁,男,金融/地产从业者,80-100万,已婚无孩,2人,否,是,家中已有新能源车,增购,家中已有新能源车,80-120万,对比评估,2个月以上,本人+配偶,车主评价；KOL/博主,家庭出行升级；商务接待；换新能源,家庭出行；周末短途；城市通勤,朋友/同事推荐；车主群/社群讨论；小红书/抖音内容,否,安全性；售后服务；可靠性；豪华感/质感,希望在预算内获得更稳定的综合体验,后备厢空间；保值率,尊界S800；奥迪A8,转向竞品,否,竞品价格更低,受访者关注安全性，主要用于家庭出行；同时对后备厢空间仍有疑问，决策中会对比尊界S800；奥迪A8。,先围绕家庭出行场景切入，再把安全性转化为可感知体验；对后备厢空间需结合竞品对比和真实用车成本解释。,公开资料方向拟定/模拟问卷样本,基于车型定位、价格段、能源形式、公开车主口碑和公开用户画像报告拟定；仅用于产品Demo，不代表真实调研结果。,2024增换购用户需求洞察｜汽车之家研究院,https://www.autohome.com.cn/news/202409/1300865.html
S084-01,丰田(进口),埃尔法,埃尔法,89.90-92.90万,80-100万,常规混合动力,MPV,中大型,7座,广东省,2026-06-20,36-40岁,男,私营业主/个体经营者,100万以上,已婚二孩及以上,4人,是,否,BBA/传统豪华车,换购,BBA/传统豪华车,80-100万,对比评估,2个月以上,父母参与,KOL/博主；父母,换新能源；品牌升级,家庭出行；长途自驾,懂车帝/汽车之家口碑；KOL评测,否,可靠性；第三排/多人乘坐；驾驶质感；豪华感/质感,希望在预算内获得更稳定的综合体验,价格是否值得；油耗是否偏高；车机/智能化是否落后,路虎卫士；揽胜运动,倾向本品,待定,,受访者关注可靠性，主要用于家庭出行；同时对价格是否值得仍有疑问，决策中会对比路虎卫士；揽胜运动。,先围绕家庭出行场景切入，再把可靠性转化为可感知体验；对价格是否值得需结合竞品对比和真实用车成本解释。,公开资料方向拟定/模拟问卷样本,基于车型定位、价格段、能源形式、公开车主口碑和公开用户画像报告拟定；仅用于产品Demo，不代表真实调研结果。,2024增换购用户需求洞察｜汽车之家研究院,https://www.autohome.com.cn/news/202409/1300865.html
S084-02,丰田(进口),埃尔法,埃尔法,89.90-92.90万,80-100万,常规混合动力,MPV,中大型,7座,安徽省,2026-06-25,36-40岁,不便透露,企业高管/企业主,80-100万,已婚一孩,2人,是,否,家中已有新能源车,增购,家中已有新能源车,80-100万,已试驾,1-2个月,本人+配偶,配偶；车主评价,商务接待；家庭品质升级,城市通勤；周末短途；长途自驾,品牌直营店/4S店；KOL评测；车主群/社群讨论,是,可靠性；豪华感/质感；品牌认知,在意品牌形象和商务/社交场景认可度,售后维修成本；车身尺寸是否好开,揽胜运动；奥迪Q8,价格合适会买,待定,,受访者关注可靠性，主要用于城市通勤；同时对售后维修成本仍有疑问，决策中会对比揽胜运动；奥迪Q8。,先围绕城市通勤场景切入，再把可靠性转化为可感知体验；对售后维修成本需结合竞品对比和真实用车成本解释。,公开资料方向拟定/模拟问卷样本,基于车型定位、价格段、能源形式、公开车主口碑和公开用户画像报告拟定；仅用于产品Demo，不代表真实调研结果。,2024增换购用户需求洞察｜汽车之家研究院,https://www.autohome.com.cn/news/202409/1300865.html
S084-03,丰田(进口),埃尔法,埃尔法,89.90-92.90万,80-100万,常规混合动力,MPV,中大型,7座,湖南省,2026-07-05,36-40岁,女,私营业主/个体经营者,50-80万,已婚一孩,3人,是,否,家中已有燃油车,增购,家中已有燃油车,80-100万,初步了解,1-2个月,本人+配偶,配偶；车主评价,家庭品质升级；空间升级；家庭出行升级,家庭出行；多成员家庭出行；周末短途,朋友/同事推荐；品牌直营店/4S店；KOL评测,否,豪华感/质感；售后服务；驾驶质感,希望在预算内获得更稳定的综合体验,油耗是否偏高；售后维修成本,奥迪Q8；雷克萨斯GX；Taycan,倾向本品,待定,,受访者关注豪华感/质感，主要用于家庭出行；同时对油耗是否偏高仍有疑问，决策中会对比奥迪Q8；雷克萨斯GX；Taycan。,先围绕家庭出行场景切入，再把豪华感/质感转化为可感知体验；对油耗是否偏高需结合竞品对比和真实用车成本解释。,公开资料方向拟定/模拟问卷样本,基于车型定位、价格段、能源形式、公开车主口碑和公开用户画像报告拟定；仅用于产品Demo，不代表真实调研结果。,2024增换购用户需求洞察｜汽车之家研究院,https://www.autohome.com.cn/news/202409/1300865.html
S084-04,丰田(进口),埃尔法,埃尔法,89.90-92.90万,80-100万,常规混合动力,MPV,中大型,7座,安徽省,2026-08-17,41-45岁,男,金融/地产从业者,100万以上,已婚一孩,1人,是,否,BBA/传统豪华车,换购,BBA/传统豪华车,80-100万,已试驾,2周-1个月,父母参与,子女；父母；配偶,通勤代步；商务接待；家庭品质升级,家庭出行；接送孩子,朋友/同事推荐；KOL评测,是,售后服务；可靠性；豪华感/质感,希望在预算内获得更稳定的综合体验,高端服务体验；油耗是否偏高,雷克萨斯GX；Taycan,继续比较,待定,,受访者关注售后服务，主要用于家庭出行；同时对高端服务体验仍有疑问，决策中会对比雷克萨斯GX；Taycan。,先围绕家庭出行场景切入，再把售后服务转化为可感知体验；对高端服务体验需结合竞品对比和真实用车成本解释。,公开资料方向拟定/模拟问卷样本,基于车型定位、价格段、能源形式、公开车主口碑和公开用户画像报告拟定；仅用于产品Demo，不代表真实调研结果。,2024增换购用户需求洞察｜汽车之家研究院,https://www.autohome.com.cn/news/202409/1300865.html
S084-05,丰田(进口),埃尔法,埃尔法,89.90-92.90万,80-100万,常规混合动力,MPV,中大型,7座,安徽省,2026-08-24,31-35岁,男,企业高管/企业主,80-100万,三代同堂,3人,是,是,BBA/传统豪华车,换购,BBA/传统豪华车,80-100万,价格谈判,2个月以上,家庭共同决策,配偶；KOL/博主；父母,换新能源；家庭品质升级,接送孩子；城市通勤；长途自驾,小红书/抖音内容；朋友/同事推荐,否,价格权益；豪华感/质感；可靠性；第三排/多人乘坐,希望同预算下配置和权益更划算,车机/智能化是否落后；油耗是否偏高；车身尺寸是否好开,Taycan；路虎卫士,已购,是,,受访者关注价格权益，主要用于接送孩子；同时对车机/智能化是否落后仍有疑问，决策中会对比Taycan；路虎卫士。,先围绕接送孩子场景切入，再把价格权益转化为可感知体验；对车机/智能化是否落后需结合竞品对比和真实用车成本解释。,公开资料方向拟定/模拟问卷样本,基于车型定位、价格段、能源形式、公开车主口碑和公开用户画像报告拟定；仅用于产品Demo，不代表真实调研结果。,2024增换购用户需求洞察｜汽车之家研究院,https://www.autohome.com.cn/news/202409/1300865.html
S084-06,丰田(进口),埃尔法,埃尔法,89.90-92.90万,80-100万,常规混合动力,MPV,中大型,7座,河南省,2026-08-16,36-40岁,男,私营业主/个体经营者,100万以上,已婚二孩及以上,2人,是,否,家中已有新能源车,增购,家中已有新能源车,80-100万,已试驾,2个月以上,本人+配偶,车主评价；KOL/博主；子女,家庭出行升级；换新能源；品牌升级,长途自驾；多成员家庭出行；周末短途,朋友/同事推荐；品牌直营店/4S店；小红书/抖音内容,是,安全性；品牌认知；乘坐舒适,在意品牌形象和商务/社交场景认可度,停车便利性；车机/智能化是否落后,路虎卫士；揽胜运动；奥迪Q8,已购,是,,受访者关注安全性，主要用于长途自驾；同时对停车便利性仍有疑问，决策中会对比路虎卫士；揽胜运动；奥迪Q8。,先围绕长途自驾场景切入，再把安全性转化为可感知体验；对停车便利性需结合竞品对比和真实用车成本解释。,公开资料方向拟定/模拟问卷样本,基于车型定位、价格段、能源形式、公开车主口碑和公开用户画像报告拟定；仅用于产品Demo，不代表真实调研结果。,2024增换购用户需求洞察｜汽车之家研究院,https://www.autohome.com.cn/news/202409/1300865.html
S084-07,丰田(进口),埃尔法,埃尔法,89.90-92.90万,80-100万,常规混合动力,MPV,中大型,7座,湖北省,2026-08-09,36-40岁,女,金融/地产从业者,100万以上,已婚一孩,4人,是,是,BBA/传统豪华车,换购,BBA/传统豪华车,80-100万,已购/用车复盘,2个月以上,家庭共同决策,子女；KOL/博主,空间升级；家庭品质升级；家庭出行升级,长途自驾；家庭出行；多成员家庭出行,懂车帝/汽车之家口碑；小红书/抖音内容,是,品牌认知；可靠性；售后服务,在意品牌形象和商务/社交场景认可度,保值率；价格是否值得；保养维修费用,揽胜运动；奥迪Q8,倾向本品,待定,,受访者关注品牌认知，主要用于长途自驾；同时对保值率仍有疑问，决策中会对比揽胜运动；奥迪Q8。,先围绕长途自驾场景切入，再把品牌认知转化为可感知体验；对保值率需结合竞品对比和真实用车成本解释。,公开资料方向拟定/模拟问卷样本,基于车型定位、价格段、能源形式、公开车主口碑和公开用户画像报告拟定；仅用于产品Demo，不代表真实调研结果。,2024增换购用户需求洞察｜汽车之家研究院,https://www.autohome.com.cn/news/202409/1300865.html
S084-08,丰田(进口),埃尔法,埃尔法,89.90-92.90万,80-100万,常规混合动力,MPV,中大型,7座,广东省,2026-08-08,36-40岁,男,私营业主/个体经营者,50-80万,三代同堂,5人及以上,是,是,BBA/传统豪华车,换购,BBA/传统豪华车,80-100万,已试驾,2个月以上,家庭共同决策,父母；配偶；KOL/博主,商务接待；家庭品质升级,多成员家庭出行；家庭出行,小红书/抖音内容；KOL评测；品牌直营店/4S店,是,安全性；品牌认知；豪华感/质感,在意品牌形象和商务/社交场景认可度,车机/智能化是否落后；停车便利性；保值率,奥迪Q8；雷克萨斯GX,已购,是,,受访者关注安全性，主要用于多成员家庭出行；同时对车机/智能化是否落后仍有疑问，决策中会对比奥迪Q8；雷克萨斯GX。,先围绕多成员家庭出行场景切入，再把安全性转化为可感知体验；对车机/智能化是否落后需结合竞品对比和真实用车成本解释。,公开资料方向拟定/模拟问卷样本,基于车型定位、价格段、能源形式、公开车主口碑和公开用户画像报告拟定；仅用于产品Demo，不代表真实调研结果。,2024增换购用户需求洞察｜汽车之家研究院,https://www.autohome.com.cn/news/202409/1300865.html
S085-01,仰望,仰望U7,仰望U7,65.80-88.80万,70-80万,纯电动；非增程式插混,轿车,大型,4座；5座,上海市,2026-07-26,36-40岁,女,私营业主/个体经营者,80-100万,商务/个人用车,3人,否,否,家中已有燃油车,增购,家中已有燃油车,60-90万,已试驾,1-2个月,本人,KOL/博主；车主评价,长途/自驾；空间升级；家庭品质升级,周末短途；充电便利场景,车主群/社群讨论；KOL评测,是,乘坐舒适；通勤舒适；空间舒适；智能座舱,希望兼顾家人乘坐和周末出行,后排空间是否够用；增程/插混系统可靠性,尊界S800；奥迪A8,倾向本品,待定,,受访者关注乘坐舒适，主要用于周末短途；同时对后排空间是否够用仍有疑问，决策中会对比尊界S800；奥迪A8。,先围绕周末短途场景切入，再把乘坐舒适转化为可感知体验；对后排空间是否够用需结合竞品对比和真实用车成本解释。,公开资料方向拟定/模拟问卷样本,基于车型定位、价格段、能源形式、公开车主口碑和公开用户画像报告拟定；仅用于产品Demo，不代表真实调研结果。,2024增换购用户需求洞察｜汽车之家研究院,https://www.autohome.com.cn/news/202409/1300865.html
S085-02,仰望,仰望U7,仰望U7,65.80-88.80万,70-80万,纯电动；非增程式插混,轿车,大型,4座；5座,北京市,2026-07-03,46岁以上,女,私营业主/个体经营者,100万以上,商务/个人用车,3人,否,否,家中已有新能源车,增购,家中已有新能源车,60-90万,对比评估,2个月以上,本人+配偶,KOL/博主；朋友/同事；车主评价,低成本出行；空间升级；减少里程焦虑,城市通勤；周末短途；老人小孩乘坐,KOL评测；懂车帝/汽车之家口碑,是,智能座舱；价格权益；安全性,希望同预算下配置和权益更划算,后备厢空间；售后网络是否成熟,奥迪A8；宝马7系,继续比较,待定,,受访者关注智能座舱，主要用于城市通勤；同时对后备厢空间仍有疑问，决策中会对比奥迪A8；宝马7系。,先围绕城市通勤场景切入，再把智能座舱转化为可感知体验；对后备厢空间需结合竞品对比和真实用车成本解释。,公开资料方向拟定/模拟问卷样本,基于车型定位、价格段、能源形式、公开车主口碑和公开用户画像报告拟定；仅用于产品Demo，不代表真实调研结果。,2024增换购用户需求洞察｜汽车之家研究院,https://www.autohome.com.cn/news/202409/1300865.html
S085-03,仰望,仰望U7,仰望U7,65.80-88.80万,70-80万,纯电动；非增程式插混,轿车,大型,4座；5座,山东省,2026-07-21,46岁以上,女,中基层管理者,100万以上,已婚一孩,5人及以上,是,否,BBA/传统豪华车,换购,BBA/传统豪华车,60-90万,对比评估,2个月以上,本人,父母；子女；配偶,减少里程焦虑；品牌升级,周末短途；长途自驾,朋友/同事推荐；懂车帝/汽车之家口碑,否,价格权益；售后服务；豪华感/质感,希望同预算下配置和权益更划算,价格权益是否稳定；保值率；权益透明度,宝马7系；雷克萨斯LS；奥迪A7L,倾向本品,待定,,受访者关注价格权益，主要用于周末短途；同时对价格权益是否稳定仍有疑问，决策中会对比宝马7系；雷克萨斯LS；奥迪A7L。,先围绕周末短途场景切入，再把价格权益转化为可感知体验；对价格权益是否稳定需结合竞品对比和真实用车成本解释。,公开资料方向拟定/模拟问卷样本,基于车型定位、价格段、能源形式、公开车主口碑和公开用户画像报告拟定；仅用于产品Demo，不代表真实调研结果。,2024增换购用户需求洞察｜汽车之家研究院,https://www.autohome.com.cn/news/202409/1300865.html
S085-04,仰望,仰望U7,仰望U7,65.80-88.80万,70-80万,纯电动；非增程式插混,轿车,大型,4座；5座,福建省,2026-06-27,46岁以上,男,私营业主/个体经营者,50-80万,商务/个人用车,4人,否,是,家中已有新能源车,增购,家中已有新能源车,60-90万,初步了解,2个月以上,本人,KOL/博主；车主评价,品牌升级；空间升级,周末短途；商务接待；家庭出行,懂车帝/汽车之家口碑；小红书/抖音内容,是,安全性；补能便利；乘坐舒适；驾驶质感,希望在预算内获得更稳定的综合体验,后排空间是否够用；竞品是否更强；高端服务体验,雷克萨斯LS；奥迪A7L,已下订,是,,受访者关注安全性，主要用于周末短途；同时对后排空间是否够用仍有疑问，决策中会对比雷克萨斯LS；奥迪A7L。,先围绕周末短途场景切入，再把安全性转化为可感知体验；对后排空间是否够用需结合竞品对比和真实用车成本解释。,公开资料方向拟定/模拟问卷样本,基于车型定位、价格段、能源形式、公开车主口碑和公开用户画像报告拟定；仅用于产品Demo，不代表真实调研结果。,2024增换购用户需求洞察｜汽车之家研究院,https://www.autohome.com.cn/news/202409/1300865.html
S085-05,仰望,仰望U7,仰望U7,65.80-88.80万,70-80万,纯电动；非增程式插混,轿车,大型,4座；5座,陕西省,2026-06-18,36-40岁,女,私营业主/个体经营者,100万以上,已婚二孩及以上,3人,是,否,BBA/传统豪华车,换购,BBA/传统豪华车,60-90万,已试驾,2个月以上,本人+配偶,配偶；KOL/博主；车主评价,智能化体验；空间升级,充电便利场景；周末短途；商务接待,车主群/社群讨论；懂车帝/汽车之家口碑；朋友/同事推荐,否,售后服务；智能驾驶；低使用成本,希望降低通勤和长途驾驶压力,权益透明度；后备厢空间,奥迪A7L；尊界S800,倾向本品,待定,,受访者关注售后服务，主要用于充电便利场景；同时对权益透明度仍有疑问，决策中会对比奥迪A7L；尊界S800。,先围绕充电便利场景场景切入，再把售后服务转化为可感知体验；对权益透明度需结合竞品对比和真实用车成本解释。,公开资料方向拟定/模拟问卷样本,基于车型定位、价格段、能源形式、公开车主口碑和公开用户画像报告拟定；仅用于产品Demo，不代表真实调研结果。,2024增换购用户需求洞察｜汽车之家研究院,https://www.autohome.com.cn/news/202409/1300865.html
S085-06,仰望,仰望U7,仰望U7,65.80-88.80万,70-80万,纯电动；非增程式插混,轿车,大型,4座；5座,上海市,2026-07-19,46岁以上,男,企业高管/企业主,100万以上,商务/个人用车,4人,否,否,家中已有新能源车,增购,家中已有新能源车,60-90万,已购/用车复盘,1-2个月,本人,销售顾问；车主评价；朋友/同事,长途/自驾；通勤代步,商务接待；周末短途；长途自驾,车主群/社群讨论；朋友/同事推荐,是,智能驾驶；智能座舱；保值率；通勤舒适,希望降低通勤和长途驾驶压力,价格权益是否稳定；后备厢空间；售后网络是否成熟,尊界S800；奥迪A8；宝马7系,已下订,是,,受访者关注智能驾驶，主要用于商务接待；同时对价格权益是否稳定仍有疑问，决策中会对比尊界S800；奥迪A8；宝马7系。,先围绕商务接待场景切入，再把智能驾驶转化为可感知体验；对价格权益是否稳定需结合竞品对比和真实用车成本解释。,公开资料方向拟定/模拟问卷样本,基于车型定位、价格段、能源形式、公开车主口碑和公开用户画像报告拟定；仅用于产品Demo，不代表真实调研结果。,2024增换购用户需求洞察｜汽车之家研究院,https://www.autohome.com.cn/news/202409/1300865.html
S085-07,仰望,仰望U7,仰望U7,65.80-88.80万,70-80万,纯电动；非增程式插混,轿车,大型,4座；5座,安徽省,2026-06-13,36-40岁,女,中基层管理者,100万以上,已婚无孩,2人,否,否,BBA/传统豪华车,换购,BBA/传统豪华车,60-90万,初步了解,1-2个月,本人+配偶,KOL/博主；配偶,智能化体验；空间升级,商务接待；充电便利场景；老人小孩乘坐,小红书/抖音内容；车主群/社群讨论,否,品牌认知；安全性；价格权益；空间舒适,希望兼顾家人乘坐和周末出行；在意品牌形象和商务/社交场景认可度；希望同预算下配置和权益更划算,后备厢空间；底盘舒适性；价格权益是否稳定,奥迪A8；宝马7系,转向竞品,否,品牌认可度更高,受访者关注品牌认知，主要用于商务接待；同时对后备厢空间仍有疑问，决策中会对比奥迪A8；宝马7系。,先围绕商务接待场景切入，再把品牌认知转化为可感知体验；对后备厢空间需结合竞品对比和真实用车成本解释。,公开资料方向拟定/模拟问卷样本,基于车型定位、价格段、能源形式、公开车主口碑和公开用户画像报告拟定；仅用于产品Demo，不代表真实调研结果。,2024增换购用户需求洞察｜汽车之家研究院,https://www.autohome.com.cn/news/202409/1300865.html
S085-08,仰望,仰望U7,仰望U7,65.80-88.80万,70-80万,纯电动；非增程式插混,轿车,大型,4座；5座,重庆市,2026-06-19,41-45岁,女,企业高管/企业主,80-100万,已婚一孩,2人,是,否,无车,首购,无车,60-90万,已购/用车复盘,1-2个月,企业/业务需求,父母；子女；KOL/博主,换新能源；品牌升级；智能化体验,充电便利场景；周末短途；城市通勤,KOL评测；朋友/同事推荐,是,保值率；空间舒适；驾驶质感,希望兼顾家人乘坐和周末出行,底盘舒适性；价格是否值得,宝马7系；雷克萨斯LS,继续比较,待定,,受访者关注保值率，主要用于充电便利场景；同时对底盘舒适性仍有疑问，决策中会对比宝马7系；雷克萨斯LS。,先围绕充电便利场景场景切入，再把保值率转化为可感知体验；对底盘舒适性需结合竞品对比和真实用车成本解释。,公开资料方向拟定/模拟问卷样本,基于车型定位、价格段、能源形式、公开车主口碑和公开用户画像报告拟定；仅用于产品Demo，不代表真实调研结果。,2024增换购用户需求洞察｜汽车之家研究院,https://www.autohome.com.cn/news/202409/1300865.html
S086-01,保时捷,Panamera,Panamera,99.80-149.80万,100万以上,传统燃料,轿车,大型,4座,福建省,2026-07-28,31-35岁,女,金融/地产从业者,80-100万,已婚一孩,2人,是,否,BBA/传统豪华车,换购,BBA/传统豪华车,90-150万,价格谈判,2个月以上,本人,子女；配偶；父母,商务接待；家庭品质升级,城市通勤；周末短途,车主群/社群讨论；KOL评测；朋友/同事推荐,否,售后服务；保值率；空间舒适；驾驶质感,希望兼顾家人乘坐和周末出行,保养维修费用；竞品是否更强；高端服务体验,迈巴赫S级；奥迪A8,转向竞品,否,品牌认可度更高,受访者关注售后服务，主要用于城市通勤；同时对保养维修费用仍有疑问，决策中会对比迈巴赫S级；奥迪A8。,先围绕城市通勤场景切入，再把售后服务转化为可感知体验；对保养维修费用需结合竞品对比和真实用车成本解释。,公开资料方向拟定/模拟问卷样本,基于车型定位、价格段、能源形式、公开车主口碑和公开用户画像报告拟定；仅用于产品Demo，不代表真实调研结果。,2024增换购用户需求洞察｜汽车之家研究院,https://www.autohome.com.cn/news/202409/1300865.html
S086-02,保时捷,Panamera,Panamera,99.80-149.80万,100万以上,传统燃料,轿车,大型,4座,重庆市,2026-07-02,41-45岁,男,私营业主/个体经营者,80-100万,已婚一孩,3人,是,否,家中已有新能源车,增购,家中已有新能源车,90-150万,对比评估,1-2个月,企业/业务需求,配偶；父母,商务接待；换新能源,商务接待；家庭出行,懂车帝/汽车之家口碑；小红书/抖音内容,是,空间舒适；价格权益；安全性；售后服务,希望兼顾家人乘坐和周末出行；希望同预算下配置和权益更划算,保养维修费用；售后维修成本；权益透明度,奥迪A8；雷克萨斯LS,已下订,是,,受访者关注空间舒适，主要用于商务接待；同时对保养维修费用仍有疑问，决策中会对比奥迪A8；雷克萨斯LS。,先围绕商务接待场景切入，再把空间舒适转化为可感知体验；对保养维修费用需结合竞品对比和真实用车成本解释。,公开资料方向拟定/模拟问卷样本,基于车型定位、价格段、能源形式、公开车主口碑和公开用户画像报告拟定；仅用于产品Demo，不代表真实调研结果。,2024增换购用户需求洞察｜汽车之家研究院,https://www.autohome.com.cn/news/202409/1300865.html
S086-03,保时捷,Panamera,Panamera,99.80-149.80万,100万以上,传统燃料,轿车,大型,4座,浙江省,2026-06-15,46岁以上,女,私营业主/个体经营者,80-100万,已婚一孩,4人,是,是,BBA/传统豪华车,换购,BBA/传统豪华车,90-150万,已下订,2个月以上,本人,车主评价；配偶,家庭品质升级；品牌升级,周末短途；城市通勤；家庭出行,车主群/社群讨论；KOL评测,否,外观设计；豪华感/质感；乘坐舒适；价格权益,希望同预算下配置和权益更划算,后排空间是否够用；竞品是否更强,雷克萨斯LS；尊界S800；宝马7系,转向竞品,否,补能/售后更方便,受访者关注外观设计，主要用于周末短途；同时对后排空间是否够用仍有疑问，决策中会对比雷克萨斯LS；尊界S800；宝马7系。,先围绕周末短途场景切入，再把外观设计转化为可感知体验；对后排空间是否够用需结合竞品对比和真实用车成本解释。,公开资料方向拟定/模拟问卷样本,基于车型定位、价格段、能源形式、公开车主口碑和公开用户画像报告拟定；仅用于产品Demo，不代表真实调研结果。,2024增换购用户需求洞察｜汽车之家研究院,https://www.autohome.com.cn/news/202409/1300865.html
S086-04,保时捷,Panamera,Panamera,99.80-149.80万,100万以上,传统燃料,轿车,大型,4座,四川省,2026-07-10,36-40岁,男,私营业主/个体经营者,80-100万,已婚一孩,5人及以上,是,是,家中已有新能源车,增购,家中已有新能源车,90-150万,对比评估,1-2个月,本人,配偶；父母；子女,换新能源；家庭出行升级；商务接待,商务接待；周末短途；城市通勤,车主群/社群讨论；朋友/同事推荐；品牌直营店/4S店,是,价格权益；可靠性；通勤舒适；外观设计,希望同预算下配置和权益更划算,车机/智能化是否落后；售后维修成本,尊界S800；宝马7系,已下订,是,,受访者关注价格权益，主要用于商务接待；同时对车机/智能化是否落后仍有疑问，决策中会对比尊界S800；宝马7系。,先围绕商务接待场景切入，再把价格权益转化为可感知体验；对车机/智能化是否落后需结合竞品对比和真实用车成本解释。,公开资料方向拟定/模拟问卷样本,基于车型定位、价格段、能源形式、公开车主口碑和公开用户画像报告拟定；仅用于产品Demo，不代表真实调研结果。,2024增换购用户需求洞察｜汽车之家研究院,https://www.autohome.com.cn/news/202409/1300865.html
S086-05,保时捷,Panamera,Panamera,99.80-149.80万,100万以上,传统燃料,轿车,大型,4座,重庆市,2026-07-25,31-35岁,不便透露,私营业主/个体经营者,100万以上,已婚一孩,2人,是,否,BBA/传统豪华车,换购,BBA/传统豪华车,90-150万,已试驾,1-2个月,本人,KOL/博主；子女；车主评价,换新能源；商务接待,城市通勤；家庭出行；周末短途,小红书/抖音内容；车主群/社群讨论,是,空间舒适；可靠性；通勤舒适,希望兼顾家人乘坐和周末出行,高端服务体验；保值率,宝马7系；迈巴赫S级,继续比较,待定,,受访者关注空间舒适，主要用于城市通勤；同时对高端服务体验仍有疑问，决策中会对比宝马7系；迈巴赫S级。,先围绕城市通勤场景切入，再把空间舒适转化为可感知体验；对高端服务体验需结合竞品对比和真实用车成本解释。,公开资料方向拟定/模拟问卷样本,基于车型定位、价格段、能源形式、公开车主口碑和公开用户画像报告拟定；仅用于产品Demo，不代表真实调研结果。,2024增换购用户需求洞察｜汽车之家研究院,https://www.autohome.com.cn/news/202409/1300865.html
S086-06,保时捷,Panamera,Panamera,99.80-149.80万,100万以上,传统燃料,轿车,大型,4座,浙江省,2026-08-10,31-35岁,女,企业高管/企业主,50-80万,已婚无孩,3人,否,是,BBA/传统豪华车,换购,BBA/传统豪华车,90-150万,对比评估,2个月以上,本人+配偶,车主评价；配偶；朋友/同事,换新能源；商务接待,周末短途；商务接待,KOL评测；品牌直营店/4S店；朋友/同事推荐,否,乘坐舒适；品牌认知；空间舒适,希望兼顾家人乘坐和周末出行；在意品牌形象和商务/社交场景认可度,保值率；后备厢空间,迈巴赫S级；奥迪A8；雷克萨斯LS,继续比较,待定,,受访者关注乘坐舒适，主要用于周末短途；同时对保值率仍有疑问，决策中会对比迈巴赫S级；奥迪A8；雷克萨斯LS。,先围绕周末短途场景切入，再把乘坐舒适转化为可感知体验；对保值率需结合竞品对比和真实用车成本解释。,公开资料方向拟定/模拟问卷样本,基于车型定位、价格段、能源形式、公开车主口碑和公开用户画像报告拟定；仅用于产品Demo，不代表真实调研结果。,2024增换购用户需求洞察｜汽车之家研究院,https://www.autohome.com.cn/news/202409/1300865.html
S086-07,保时捷,Panamera,Panamera,99.80-149.80万,100万以上,传统燃料,轿车,大型,4座,上海市,2026-06-02,46岁以上,男,金融/地产从业者,50-80万,已婚无孩,4人,否,是,家中已有燃油车,增购,家中已有燃油车,90-150万,已下订,2个月以上,本人+配偶,朋友/同事；车主评价；KOL/博主,通勤代步；商务接待；换新能源,城市通勤；周末短途,车主群/社群讨论；KOL评测,是,售后服务；驾驶质感；品牌认知；乘坐舒适,在意品牌形象和商务/社交场景认可度,后备厢空间；高端服务体验；售后维修成本,奥迪A8；雷克萨斯LS,价格合适会买,待定,,受访者关注售后服务，主要用于城市通勤；同时对后备厢空间仍有疑问，决策中会对比奥迪A8；雷克萨斯LS。,先围绕城市通勤场景切入，再把售后服务转化为可感知体验；对后备厢空间需结合竞品对比和真实用车成本解释。,公开资料方向拟定/模拟问卷样本,基于车型定位、价格段、能源形式、公开车主口碑和公开用户画像报告拟定；仅用于产品Demo，不代表真实调研结果。,2024增换购用户需求洞察｜汽车之家研究院,https://www.autohome.com.cn/news/202409/1300865.html
S086-08,保时捷,Panamera,Panamera,99.80-149.80万,100万以上,传统燃料,轿车,大型,4座,安徽省,2026-08-07,36-40岁,女,私营业主/个体经营者,80-100万,商务/个人用车,1人,否,是,家中已有新能源车,增购,家中已有新能源车,90-150万,已试驾,2周-1个月,本人+配偶,朋友/同事；销售顾问,换新能源；家庭品质升级,周末短途；商务接待,车主群/社群讨论；懂车帝/汽车之家口碑,否,安全性；外观设计；乘坐舒适,希望在预算内获得更稳定的综合体验,车机/智能化是否落后；权益透明度；价格是否值得,雷克萨斯LS；尊界S800,倾向本品,待定,,受访者关注安全性，主要用于周末短途；同时对车机/智能化是否落后仍有疑问，决策中会对比雷克萨斯LS；尊界S800。,先围绕周末短途场景切入，再把安全性转化为可感知体验；对车机/智能化是否落后需结合竞品对比和真实用车成本解释。,公开资料方向拟定/模拟问卷样本,基于车型定位、价格段、能源形式、公开车主口碑和公开用户画像报告拟定；仅用于产品Demo，不代表真实调研结果。,2024增换购用户需求洞察｜汽车之家研究院,https://www.autohome.com.cn/news/202409/1300865.html
S087-01,保时捷,Cayenne,Cayenne,91.80-250.80万,100万以上,传统燃料,SUV,中大型,4座；5座,陕西省,2026-07-04,36-40岁,女,私营业主/个体经营者,100万以上,已婚一孩,4人,是,是,BBA/传统豪华车,换购,BBA/传统豪华车,90-260万,初步了解,1-2个月,家庭共同决策,子女；车主评价；父母,商务接待；通勤代步,家庭出行；周末短途；城市通勤,KOL评测；朋友/同事推荐,是,空间舒适；保值率；安全性,希望兼顾家人乘坐和周末出行,高端服务体验；权益透明度,路虎卫士；揽胜,倾向本品,待定,,受访者关注空间舒适，主要用于家庭出行；同时对高端服务体验仍有疑问，决策中会对比路虎卫士；揽胜。,先围绕家庭出行场景切入，再把空间舒适转化为可感知体验；对高端服务体验需结合竞品对比和真实用车成本解释。,公开资料方向拟定/模拟问卷样本,基于车型定位、价格段、能源形式、公开车主口碑和公开用户画像报告拟定；仅用于产品Demo，不代表真实调研结果。,2024增换购用户需求洞察｜汽车之家研究院,https://www.autohome.com.cn/news/202409/1300865.html
S087-02,保时捷,Cayenne,Cayenne,91.80-250.80万,100万以上,传统燃料,SUV,中大型,4座；5座,山东省,2026-07-21,41-45岁,女,企业高管/企业主,100万以上,已婚一孩,2人,是,否,无车,首购,无车,90-260万,已购/用车复盘,2个月以上,家庭共同决策,KOL/博主；配偶,家庭品质升级；商务接待,城市通勤；周末短途,朋友/同事推荐；车主群/社群讨论,是,空间舒适；价格权益；乘坐舒适,希望兼顾家人乘坐和周末出行；希望同预算下配置和权益更划算,保值率；油耗是否偏高；售后维修成本,揽胜；奥迪Q8,价格合适会买,待定,,受访者关注空间舒适，主要用于城市通勤；同时对保值率仍有疑问，决策中会对比揽胜；奥迪Q8。,先围绕城市通勤场景切入，再把空间舒适转化为可感知体验；对保值率需结合竞品对比和真实用车成本解释。,公开资料方向拟定/模拟问卷样本,基于车型定位、价格段、能源形式、公开车主口碑和公开用户画像报告拟定；仅用于产品Demo，不代表真实调研结果。,2024增换购用户需求洞察｜汽车之家研究院,https://www.autohome.com.cn/news/202409/1300865.html
S087-03,保时捷,Cayenne,Cayenne,91.80-250.80万,100万以上,传统燃料,SUV,中大型,4座；5座,河南省,2026-07-28,36-40岁,男,私营业主/个体经营者,50-80万,三代同堂,4人,是,是,BBA/传统豪华车,换购,BBA/传统豪华车,90-260万,已试驾,1-2个月,家庭共同决策,子女；配偶；车主评价,家庭出行升级；家庭品质升级；商务接待,周末短途；家庭出行,品牌直营店/4S店；KOL评测,是,品牌认知；豪华感/质感；安全性,在意品牌形象和商务/社交场景认可度,保养维修费用；权益透明度,奥迪Q8；揽胜运动；雷克萨斯LX,价格合适会买,待定,,受访者关注品牌认知，主要用于周末短途；同时对保养维修费用仍有疑问，决策中会对比奥迪Q8；揽胜运动；雷克萨斯LX。,先围绕周末短途场景切入，再把品牌认知转化为可感知体验；对保养维修费用需结合竞品对比和真实用车成本解释。,公开资料方向拟定/模拟问卷样本,基于车型定位、价格段、能源形式、公开车主口碑和公开用户画像报告拟定；仅用于产品Demo，不代表真实调研结果。,2024增换购用户需求洞察｜汽车之家研究院,https://www.autohome.com.cn/news/202409/1300865.html
S087-04,保时捷,Cayenne,Cayenne,91.80-250.80万,100万以上,传统燃料,SUV,中大型,4座；5座,江苏省,2026-08-07,46岁以上,女,私营业主/个体经营者,50-80万,已婚一孩,4人,是,否,BBA/传统豪华车,换购,BBA/传统豪华车,90-260万,流失/转向竞品,2个月以上,本人+配偶,车主评价；父母；子女,换新能源；家庭出行升级,周末短途；城市通勤；家庭出行,朋友/同事推荐；车主群/社群讨论,是,乘坐舒适；驾驶质感；空间舒适；保值率,希望兼顾家人乘坐和周末出行,保养维修费用；权益透明度,揽胜运动；雷克萨斯LX,倾向本品,待定,,受访者关注乘坐舒适，主要用于周末短途；同时对保养维修费用仍有疑问，决策中会对比揽胜运动；雷克萨斯LX。,先围绕周末短途场景切入，再把乘坐舒适转化为可感知体验；对保养维修费用需结合竞品对比和真实用车成本解释。,公开资料方向拟定/模拟问卷样本,基于车型定位、价格段、能源形式、公开车主口碑和公开用户画像报告拟定；仅用于产品Demo，不代表真实调研结果。,2024增换购用户需求洞察｜汽车之家研究院,https://www.autohome.com.cn/news/202409/1300865.html
S087-05,保时捷,Cayenne,Cayenne,91.80-250.80万,100万以上,传统燃料,SUV,中大型,4座；5座,广东省,2026-07-06,36-40岁,男,企业高管/企业主,100万以上,已婚无孩,3人,否,是,家中已有燃油车,增购,家中已有燃油车,90-260万,对比评估,2个月以上,本人+配偶,朋友/同事；配偶,通勤代步；空间升级,城市通勤；周末短途；家庭出行,小红书/抖音内容；品牌直营店/4S店,是,保值率；安全性；乘坐舒适；售后服务,希望在预算内获得更稳定的综合体验,油耗是否偏高；价格是否值得；售后维修成本,雷克萨斯LX；路虎卫士,倾向本品,待定,,受访者关注保值率，主要用于城市通勤；同时对油耗是否偏高仍有疑问，决策中会对比雷克萨斯LX；路虎卫士。,先围绕城市通勤场景切入，再把保值率转化为可感知体验；对油耗是否偏高需结合竞品对比和真实用车成本解释。,公开资料方向拟定/模拟问卷样本,基于车型定位、价格段、能源形式、公开车主口碑和公开用户画像报告拟定；仅用于产品Demo，不代表真实调研结果。,2024增换购用户需求洞察｜汽车之家研究院,https://www.autohome.com.cn/news/202409/1300865.html
S087-06,保时捷,Cayenne,Cayenne,91.80-250.80万,100万以上,传统燃料,SUV,中大型,4座；5座,安徽省,2026-08-11,36-40岁,男,企业高管/企业主,100万以上,三代同堂,4人,是,是,家中已有新能源车,增购,家中已有新能源车,90-260万,价格谈判,2个月以上,本人+配偶,配偶；车主评价,商务接待；家庭出行升级；空间升级,周末短途；家庭出行,朋友/同事推荐；KOL评测；懂车帝/汽车之家口碑,是,驾驶质感；售后服务；安全性；空间舒适,希望兼顾家人乘坐和周末出行,保值率；油耗是否偏高；高端服务体验,路虎卫士；揽胜；奥迪Q8,转向竞品,否,家人更认可竞品,受访者关注驾驶质感，主要用于周末短途；同时对保值率仍有疑问，决策中会对比路虎卫士；揽胜；奥迪Q8。,先围绕周末短途场景切入，再把驾驶质感转化为可感知体验；对保值率需结合竞品对比和真实用车成本解释。,公开资料方向拟定/模拟问卷样本,基于车型定位、价格段、能源形式、公开车主口碑和公开用户画像报告拟定；仅用于产品Demo，不代表真实调研结果。,2024增换购用户需求洞察｜汽车之家研究院,https://www.autohome.com.cn/news/202409/1300865.html
S087-07,保时捷,Cayenne,Cayenne,91.80-250.80万,100万以上,传统燃料,SUV,中大型,4座；5座,北京市,2026-07-18,31-35岁,男,企业高管/企业主,80-100万,三代同堂,2人,是,是,家中已有燃油车,增购,家中已有燃油车,90-260万,已下订,2周-1个月,本人+配偶,车主评价；KOL/博主,换新能源；家庭出行升级；品牌升级,城市通勤；家庭出行；周末短途,车主群/社群讨论；懂车帝/汽车之家口碑；朋友/同事推荐,是,价格权益；乘坐舒适；品牌认知；售后服务,在意品牌形象和商务/社交场景认可度；希望同预算下配置和权益更划算,价格是否值得；油耗是否偏高,揽胜；奥迪Q8,倾向本品,待定,,受访者关注价格权益，主要用于城市通勤；同时对价格是否值得仍有疑问，决策中会对比揽胜；奥迪Q8。,先围绕城市通勤场景切入，再把价格权益转化为可感知体验；对价格是否值得需结合竞品对比和真实用车成本解释。,公开资料方向拟定/模拟问卷样本,基于车型定位、价格段、能源形式、公开车主口碑和公开用户画像报告拟定；仅用于产品Demo，不代表真实调研结果。,2024增换购用户需求洞察｜汽车之家研究院,https://www.autohome.com.cn/news/202409/1300865.html
S087-08,保时捷,Cayenne,Cayenne,91.80-250.80万,100万以上,传统燃料,SUV,中大型,4座；5座,浙江省,2026-06-12,36-40岁,不便透露,企业高管/企业主,100万以上,已婚二孩及以上,3人,是,否,BBA/传统豪华车,换购,BBA/传统豪华车,90-260万,对比评估,1-2个月,企业/业务需求,配偶；车主评价；父母,家庭出行升级；家庭品质升级；换新能源,城市通勤；家庭出行；周末短途,小红书/抖音内容；朋友/同事推荐,是,安全性；价格权益；驾驶质感,希望同预算下配置和权益更划算,保值率；权益透明度,奥迪Q8；揽胜运动,倾向本品,待定,,受访者关注安全性，主要用于城市通勤；同时对保值率仍有疑问，决策中会对比奥迪Q8；揽胜运动。,先围绕城市通勤场景切入，再把安全性转化为可感知体验；对保值率需结合竞品对比和真实用车成本解释。,公开资料方向拟定/模拟问卷样本,基于车型定位、价格段、能源形式、公开车主口碑和公开用户画像报告拟定；仅用于产品Demo，不代表真实调研结果。,2024增换购用户需求洞察｜汽车之家研究院,https://www.autohome.com.cn/news/202409/1300865.html
S088-01,奔驰(进口),奔驰GLS,奔驰GLS,96.80-139.82万,100万以上,常规混合动力,SUV,大型,7座,湖北省,2026-08-26,36-40岁,女,私营业主/个体经营者,100万以上,已婚一孩,4人,是,是,无车,首购,无车,90-140万,流失/转向竞品,2个月以上,本人+配偶,KOL/博主；子女,家庭品质升级；换新能源,城市通勤；周末短途；接送孩子,朋友/同事推荐；懂车帝/汽车之家口碑；KOL评测,否,第三排/多人乘坐；安全性；售后服务；豪华感/质感,希望在预算内获得更稳定的综合体验,保养维修费用；高端服务体验；第三排舒适性,宝马X7；雷克萨斯LX,继续比较,待定,,受访者关注第三排/多人乘坐，主要用于城市通勤；同时对保养维修费用仍有疑问，决策中会对比宝马X7；雷克萨斯LX。,先围绕城市通勤场景切入，再把第三排/多人乘坐转化为可感知体验；对保养维修费用需结合竞品对比和真实用车成本解释。,公开资料方向拟定/模拟问卷样本,基于车型定位、价格段、能源形式、公开车主口碑和公开用户画像报告拟定；仅用于产品Demo，不代表真实调研结果。,2024增换购用户需求洞察｜汽车之家研究院,https://www.autohome.com.cn/news/202409/1300865.html
S088-02,奔驰(进口),奔驰GLS,奔驰GLS,96.80-139.82万,100万以上,常规混合动力,SUV,大型,7座,广东省,2026-07-28,41-45岁,不便透露,私营业主/个体经营者,80-100万,已婚一孩,2人,是,否,无车,首购,无车,90-140万,已购/用车复盘,2个月以上,本人+配偶,父母；KOL/博主；车主评价,换新能源；通勤代步,周末短途；多成员家庭出行,朋友/同事推荐；车主群/社群讨论；KOL评测,是,可靠性；驾驶质感；价格权益；空间舒适,希望兼顾家人乘坐和周末出行；希望同预算下配置和权益更划算,保值率；高端服务体验；保养维修费用,雷克萨斯LX；路虎卫士,倾向本品,待定,,受访者关注可靠性，主要用于周末短途；同时对保值率仍有疑问，决策中会对比雷克萨斯LX；路虎卫士。,先围绕周末短途场景切入，再把可靠性转化为可感知体验；对保值率需结合竞品对比和真实用车成本解释。,公开资料方向拟定/模拟问卷样本,基于车型定位、价格段、能源形式、公开车主口碑和公开用户画像报告拟定；仅用于产品Demo，不代表真实调研结果。,2024增换购用户需求洞察｜汽车之家研究院,https://www.autohome.com.cn/news/202409/1300865.html
S088-03,奔驰(进口),奔驰GLS,奔驰GLS,96.80-139.82万,100万以上,常规混合动力,SUV,大型,7座,上海市,2026-08-09,41-45岁,男,中基层管理者,50-80万,已婚一孩,3人,是,是,BBA/传统豪华车,换购,BBA/传统豪华车,90-140万,已购/用车复盘,2个月以上,本人+配偶,配偶；子女；父母,换新能源；家庭出行升级,城市通勤；多成员家庭出行；家庭出行,车主群/社群讨论；品牌直营店/4S店,否,安全性；驾驶质感；可靠性；保值率,希望在预算内获得更稳定的综合体验,油耗是否偏高；售后维修成本,路虎卫士；揽胜运动；Cayenne,价格合适会买,待定,,受访者关注安全性，主要用于城市通勤；同时对油耗是否偏高仍有疑问，决策中会对比路虎卫士；揽胜运动；Cayenne。,先围绕城市通勤场景切入，再把安全性转化为可感知体验；对油耗是否偏高需结合竞品对比和真实用车成本解释。,公开资料方向拟定/模拟问卷样本,基于车型定位、价格段、能源形式、公开车主口碑和公开用户画像报告拟定；仅用于产品Demo，不代表真实调研结果。,2024增换购用户需求洞察｜汽车之家研究院,https://www.autohome.com.cn/news/202409/1300865.html
S088-04,奔驰(进口),奔驰GLS,奔驰GLS,96.80-139.82万,100万以上,常规混合动力,SUV,大型,7座,浙江省,2026-06-06,46岁以上,女,私营业主/个体经营者,100万以上,三代同堂,1人,是,是,家中已有新能源车,增购,家中已有新能源车,90-140万,对比评估,1-2个月,本人+配偶,车主评价；配偶；父母,换新能源；家庭品质升级,城市通勤；周末短途；长途自驾,车主群/社群讨论；懂车帝/汽车之家口碑；小红书/抖音内容,是,空间舒适；售后服务；安全性；品牌认知,希望兼顾家人乘坐和周末出行；在意品牌形象和商务/社交场景认可度,停车便利性；油耗是否偏高；价格是否值得,揽胜运动；Cayenne,倾向本品,待定,,受访者关注空间舒适，主要用于城市通勤；同时对停车便利性仍有疑问，决策中会对比揽胜运动；Cayenne。,先围绕城市通勤场景切入，再把空间舒适转化为可感知体验；对停车便利性需结合竞品对比和真实用车成本解释。,公开资料方向拟定/模拟问卷样本,基于车型定位、价格段、能源形式、公开车主口碑和公开用户画像报告拟定；仅用于产品Demo，不代表真实调研结果。,2024增换购用户需求洞察｜汽车之家研究院,https://www.autohome.com.cn/news/202409/1300865.html
S088-05,奔驰(进口),奔驰GLS,奔驰GLS,96.80-139.82万,100万以上,常规混合动力,SUV,大型,7座,陕西省,2026-07-02,31-35岁,女,企业高管/企业主,100万以上,已婚二孩及以上,1人,是,否,BBA/传统豪华车,换购,BBA/传统豪华车,90-140万,已购/用车复盘,1-2个月,本人+配偶,车主评价；配偶,通勤代步；家庭出行升级,周末短途；多成员家庭出行；家庭出行,品牌直营店/4S店；懂车帝/汽车之家口碑；KOL评测,是,驾驶质感；豪华感/质感；保值率；价格权益,希望同预算下配置和权益更划算,车身尺寸是否好开；第三排舒适性,Cayenne；宝马X7,转向竞品,否,竞品价格更低,受访者关注驾驶质感，主要用于周末短途；同时对车身尺寸是否好开仍有疑问，决策中会对比Cayenne；宝马X7。,先围绕周末短途场景切入，再把驾驶质感转化为可感知体验；对车身尺寸是否好开需结合竞品对比和真实用车成本解释。,公开资料方向拟定/模拟问卷样本,基于车型定位、价格段、能源形式、公开车主口碑和公开用户画像报告拟定；仅用于产品Demo，不代表真实调研结果。,2024增换购用户需求洞察｜汽车之家研究院,https://www.autohome.com.cn/news/202409/1300865.html
S088-06,奔驰(进口),奔驰GLS,奔驰GLS,96.80-139.82万,100万以上,常规混合动力,SUV,大型,7座,浙江省,2026-08-17,36-40岁,男,中基层管理者,50-80万,已婚无孩,1人,否,否,BBA/传统豪华车,换购,BBA/传统豪华车,90-140万,已试驾,1-2个月,家庭共同决策,车主评价；朋友/同事；配偶,家庭出行升级；空间升级；家庭品质升级,城市通勤；多成员家庭出行；接送孩子,KOL评测；懂车帝/汽车之家口碑；车主群/社群讨论,是,可靠性；家庭适配；售后服务；空间舒适,希望兼顾家人乘坐和周末出行,保值率；油耗是否偏高；售后维修成本,宝马X7；雷克萨斯LX；路虎卫士,继续比较,待定,,受访者关注可靠性，主要用于城市通勤；同时对保值率仍有疑问，决策中会对比宝马X7；雷克萨斯LX；路虎卫士。,先围绕城市通勤场景切入，再把可靠性转化为可感知体验；对保值率需结合竞品对比和真实用车成本解释。,公开资料方向拟定/模拟问卷样本,基于车型定位、价格段、能源形式、公开车主口碑和公开用户画像报告拟定；仅用于产品Demo，不代表真实调研结果。,2024增换购用户需求洞察｜汽车之家研究院,https://www.autohome.com.cn/news/202409/1300865.html
S088-07,奔驰(进口),奔驰GLS,奔驰GLS,96.80-139.82万,100万以上,常规混合动力,SUV,大型,7座,福建省,2026-08-13,36-40岁,男,企业高管/企业主,100万以上,已婚二孩及以上,5人及以上,是,否,BBA/传统豪华车,换购,BBA/传统豪华车,90-140万,已试驾,2个月以上,家庭共同决策,父母；子女,换新能源；家庭出行升级；家庭品质升级,城市通勤；家庭出行,车主群/社群讨论；KOL评测,否,价格权益；售后服务；安全性；品牌认知,在意品牌形象和商务/社交场景认可度；希望同预算下配置和权益更划算,售后维修成本；价格是否值得,雷克萨斯LX；路虎卫士,继续比较,待定,,受访者关注价格权益，主要用于城市通勤；同时对售后维修成本仍有疑问，决策中会对比雷克萨斯LX；路虎卫士。,先围绕城市通勤场景切入，再把价格权益转化为可感知体验；对售后维修成本需结合竞品对比和真实用车成本解释。,公开资料方向拟定/模拟问卷样本,基于车型定位、价格段、能源形式、公开车主口碑和公开用户画像报告拟定；仅用于产品Demo，不代表真实调研结果。,2024增换购用户需求洞察｜汽车之家研究院,https://www.autohome.com.cn/news/202409/1300865.html
S088-08,奔驰(进口),奔驰GLS,奔驰GLS,96.80-139.82万,100万以上,常规混合动力,SUV,大型,7座,湖南省,2026-07-20,41-45岁,男,企业高管/企业主,100万以上,已婚二孩及以上,3人,是,否,BBA/传统豪华车,换购,BBA/传统豪华车,90-140万,已试驾,2个月以上,本人+配偶,子女；车主评价；配偶,空间升级；通勤代步；品牌升级,接送孩子；城市通勤；家庭出行,懂车帝/汽车之家口碑；KOL评测,是,可靠性；豪华感/质感；家庭适配；售后服务,希望兼顾家人乘坐和周末出行,第三排舒适性；停车便利性；售后维修成本,路虎卫士；揽胜运动,倾向本品,待定,,受访者关注可靠性，主要用于接送孩子；同时对第三排舒适性仍有疑问，决策中会对比路虎卫士；揽胜运动。,先围绕接送孩子场景切入，再把可靠性转化为可感知体验；对第三排舒适性需结合竞品对比和真实用车成本解释。,公开资料方向拟定/模拟问卷样本,基于车型定位、价格段、能源形式、公开车主口碑和公开用户画像报告拟定；仅用于产品Demo，不代表真实调研结果。,2024增换购用户需求洞察｜汽车之家研究院,https://www.autohome.com.cn/news/202409/1300865.html
S089-01,宝马(进口),宝马X7,宝马X7,92.80-117.80万,100万以上,常规混合动力,SUV,大型,7座,湖北省,2026-06-22,46岁以上,男,中基层管理者,100万以上,已婚一孩,3人,是,是,家中已有燃油车,增购,家中已有燃油车,90-120万,已下订,1-2个月,本人+配偶,KOL/博主；子女；父母,通勤代步；换新能源,长途自驾；城市通勤,品牌直营店/4S店；KOL评测,否,豪华感/质感；第三排/多人乘坐；操控体验,希望在预算内获得更稳定的综合体验,车身尺寸是否好开；车机/智能化是否落后,奔驰GLS；奥迪Q8,倾向本品,待定,,受访者关注豪华感/质感，主要用于长途自驾；同时对车身尺寸是否好开仍有疑问，决策中会对比奔驰GLS；奥迪Q8。,先围绕长途自驾场景切入，再把豪华感/质感转化为可感知体验；对车身尺寸是否好开需结合竞品对比和真实用车成本解释。,公开资料方向拟定/模拟问卷样本,基于车型定位、价格段、能源形式、公开车主口碑和公开用户画像报告拟定；仅用于产品Demo，不代表真实调研结果。,宝马X3/5系公开车主口碑｜懂车帝,https://www.dongchedi.com/auto/series/score/2812-x-S0-4-create_time-x-1
S089-02,宝马(进口),宝马X7,宝马X7,92.80-117.80万,100万以上,常规混合动力,SUV,大型,7座,安徽省,2026-08-12,31-35岁,男,私营业主/个体经营者,50-80万,已婚无孩,4人,否,是,家中已有新能源车,增购,家中已有新能源车,90-120万,对比评估,1-2个月,父母参与,车主评价；KOL/博主；配偶,换新能源；通勤代步；商务接待,长途自驾；多成员家庭出行；周末短途,小红书/抖音内容；KOL评测,是,保值率；空间舒适；品牌认知,希望兼顾家人乘坐和周末出行；在意品牌形象和商务/社交场景认可度,停车便利性；竞品是否更强；内饰科技感,奥迪Q8；揽胜,倾向本品,待定,,受访者关注保值率，主要用于长途自驾；同时对停车便利性仍有疑问，决策中会对比奥迪Q8；揽胜。,先围绕长途自驾场景切入，再把保值率转化为可感知体验；对停车便利性需结合竞品对比和真实用车成本解释。,公开资料方向拟定/模拟问卷样本,基于车型定位、价格段、能源形式、公开车主口碑和公开用户画像报告拟定；仅用于产品Demo，不代表真实调研结果。,宝马X3/5系公开车主口碑｜懂车帝,https://www.dongchedi.com/auto/series/score/2812-x-S0-4-create_time-x-1
S089-03,宝马(进口),宝马X7,宝马X7,92.80-117.80万,100万以上,常规混合动力,SUV,大型,7座,江苏省,2026-06-27,36-40岁,男,中基层管理者,50-80万,已婚无孩,3人,否,否,BBA/传统豪华车,换购,BBA/传统豪华车,90-120万,流失/转向竞品,2个月以上,父母参与,KOL/博主；朋友/同事,驾驶乐趣；商务接待,家庭出行；接送孩子,品牌直营店/4S店；车主群/社群讨论；懂车帝/汽车之家口碑,是,第三排/多人乘坐；保值率；空间舒适,希望兼顾家人乘坐和周末出行,权益透明度；保值率；价格是否值得,揽胜；问界M9；雷克萨斯LX,价格合适会买,待定,,受访者关注第三排/多人乘坐，主要用于家庭出行；同时对权益透明度仍有疑问，决策中会对比揽胜；问界M9；雷克萨斯LX。,先围绕家庭出行场景切入，再把第三排/多人乘坐转化为可感知体验；对权益透明度需结合竞品对比和真实用车成本解释。,公开资料方向拟定/模拟问卷样本,基于车型定位、价格段、能源形式、公开车主口碑和公开用户画像报告拟定；仅用于产品Demo，不代表真实调研结果。,宝马X3/5系公开车主口碑｜懂车帝,https://www.dongchedi.com/auto/series/score/2812-x-S0-4-create_time-x-1
S089-04,宝马(进口),宝马X7,宝马X7,92.80-117.80万,100万以上,常规混合动力,SUV,大型,7座,北京市,2026-08-04,31-35岁,男,互联网/科技从业者,50-80万,已婚无孩,4人,否,是,BBA/传统豪华车,换购,BBA/传统豪华车,90-120万,价格谈判,2周-1个月,家庭共同决策,朋友/同事；KOL/博主；车主评价,商务接待；换新能源；商务与家用兼顾,长途自驾；城市通勤,小红书/抖音内容；品牌直营店/4S店；车主群/社群讨论,是,操控体验；家庭适配；第三排/多人乘坐；售后服务,希望兼顾家人乘坐和周末出行,高端服务体验；竞品是否更强,问界M9；雷克萨斯LX,已下订,是,,受访者关注操控体验，主要用于长途自驾；同时对高端服务体验仍有疑问，决策中会对比问界M9；雷克萨斯LX。,先围绕长途自驾场景切入，再把操控体验转化为可感知体验；对高端服务体验需结合竞品对比和真实用车成本解释。,公开资料方向拟定/模拟问卷样本,基于车型定位、价格段、能源形式、公开车主口碑和公开用户画像报告拟定；仅用于产品Demo，不代表真实调研结果。,宝马X3/5系公开车主口碑｜懂车帝,https://www.dongchedi.com/auto/series/score/2812-x-S0-4-create_time-x-1
S089-05,宝马(进口),宝马X7,宝马X7,92.80-117.80万,100万以上,常规混合动力,SUV,大型,7座,湖南省,2026-07-12,41-45岁,女,私营业主/个体经营者,100万以上,商务/个人用车,4人,否,否,BBA/传统豪华车,换购,BBA/传统豪华车,90-120万,对比评估,1-2个月,家庭共同决策,KOL/博主；车主评价,通勤代步；商务与家用兼顾,长途自驾；周末短途,小红书/抖音内容；朋友/同事推荐；懂车帝/汽车之家口碑,是,品牌认知；乘坐舒适；安全性；保值率,在意品牌形象和商务/社交场景认可度,保养维修费用；价格是否值得,雷克萨斯LX；奔驰GLS,已购,是,,受访者关注品牌认知，主要用于长途自驾；同时对保养维修费用仍有疑问，决策中会对比雷克萨斯LX；奔驰GLS。,先围绕长途自驾场景切入，再把品牌认知转化为可感知体验；对保养维修费用需结合竞品对比和真实用车成本解释。,公开资料方向拟定/模拟问卷样本,基于车型定位、价格段、能源形式、公开车主口碑和公开用户画像报告拟定；仅用于产品Demo，不代表真实调研结果。,宝马X3/5系公开车主口碑｜懂车帝,https://www.dongchedi.com/auto/series/score/2812-x-S0-4-create_time-x-1
S089-06,宝马(进口),宝马X7,宝马X7,92.80-117.80万,100万以上,常规混合动力,SUV,大型,7座,山东省,2026-07-28,31-35岁,女,互联网/科技从业者,100万以上,已婚无孩,3人,否,是,BBA/传统豪华车,换购,BBA/传统豪华车,90-120万,价格谈判,2个月以上,本人+配偶,朋友/同事；KOL/博主；配偶,家庭品质升级；换新能源,周末短途；多成员家庭出行,懂车帝/汽车之家口碑；车主群/社群讨论,是,空间舒适；售后服务；保值率；家庭适配,希望兼顾家人乘坐和周末出行,保值率；保养维修费用,奔驰GLS；奥迪Q8；揽胜,继续比较,待定,,受访者关注空间舒适，主要用于周末短途；同时对保值率仍有疑问，决策中会对比奔驰GLS；奥迪Q8；揽胜。,先围绕周末短途场景切入，再把空间舒适转化为可感知体验；对保值率需结合竞品对比和真实用车成本解释。,公开资料方向拟定/模拟问卷样本,基于车型定位、价格段、能源形式、公开车主口碑和公开用户画像报告拟定；仅用于产品Demo，不代表真实调研结果。,宝马X3/5系公开车主口碑｜懂车帝,https://www.dongchedi.com/auto/series/score/2812-x-S0-4-create_time-x-1
S089-07,宝马(进口),宝马X7,宝马X7,92.80-117.80万,100万以上,常规混合动力,SUV,大型,7座,浙江省,2026-06-04,31-35岁,男,中基层管理者,30-50万,商务/个人用车,5人及以上,否,否,BBA/传统豪华车,换购,BBA/传统豪华车,90-120万,对比评估,1-2个月,父母参与,销售顾问；车主评价；KOL/博主,通勤代步；家庭品质升级；品牌升级,家庭出行；接送孩子,KOL评测；品牌直营店/4S店；朋友/同事推荐,是,可靠性；豪华感/质感；售后服务；家庭适配,希望兼顾家人乘坐和周末出行,车身尺寸是否好开；车机/智能化是否落后；竞品是否更强,奥迪Q8；揽胜,倾向本品,待定,,受访者关注可靠性，主要用于家庭出行；同时对车身尺寸是否好开仍有疑问，决策中会对比奥迪Q8；揽胜。,先围绕家庭出行场景切入，再把可靠性转化为可感知体验；对车身尺寸是否好开需结合竞品对比和真实用车成本解释。,公开资料方向拟定/模拟问卷样本,基于车型定位、价格段、能源形式、公开车主口碑和公开用户画像报告拟定；仅用于产品Demo，不代表真实调研结果。,宝马X3/5系公开车主口碑｜懂车帝,https://www.dongchedi.com/auto/series/score/2812-x-S0-4-create_time-x-1
S089-08,宝马(进口),宝马X7,宝马X7,92.80-117.80万,100万以上,常规混合动力,SUV,大型,7座,山东省,2026-06-08,36-40岁,女,企业高管/企业主,30-50万,商务/个人用车,4人,否,否,无车,首购,无车,90-120万,价格谈判,2周-1个月,家庭共同决策,朋友/同事；KOL/博主；销售顾问,空间升级；商务与家用兼顾；家庭品质升级,长途自驾；周末短途,KOL评测；小红书/抖音内容；懂车帝/汽车之家口碑,是,可靠性；保值率；乘坐舒适,希望在预算内获得更稳定的综合体验,保养维修费用；售后维修成本；停车便利性,揽胜；问界M9,价格合适会买,待定,,受访者关注可靠性，主要用于长途自驾；同时对保养维修费用仍有疑问，决策中会对比揽胜；问界M9。,先围绕长途自驾场景切入，再把可靠性转化为可感知体验；对保养维修费用需结合竞品对比和真实用车成本解释。,公开资料方向拟定/模拟问卷样本,基于车型定位、价格段、能源形式、公开车主口碑和公开用户画像报告拟定；仅用于产品Demo，不代表真实调研结果。,宝马X3/5系公开车主口碑｜懂车帝,https://www.dongchedi.com/auto/series/score/2812-x-S0-4-create_time-x-1
S089-09,宝马(进口),宝马X7,宝马X7,92.80-117.80万,100万以上,常规混合动力,SUV,大型,7座,福建省,2026-06-19,31-35岁,男,企业高管/企业主,80-100万,已婚一孩,3人,是,是,无车,首购,无车,90-120万,已下订,2个月以上,家庭共同决策,子女；KOL/博主；配偶,品牌升级；换新能源,长途自驾；周末短途,车主群/社群讨论；KOL评测；小红书/抖音内容,否,可靠性；价格权益；豪华感/质感,希望同预算下配置和权益更划算,价格是否值得；车身尺寸是否好开,问界M9；雷克萨斯LX；奔驰GLS,已下订,是,,受访者关注可靠性，主要用于长途自驾；同时对价格是否值得仍有疑问，决策中会对比问界M9；雷克萨斯LX；奔驰GLS。,先围绕长途自驾场景切入，再把可靠性转化为可感知体验；对价格是否值得需结合竞品对比和真实用车成本解释。,公开资料方向拟定/模拟问卷样本,基于车型定位、价格段、能源形式、公开车主口碑和公开用户画像报告拟定；仅用于产品Demo，不代表真实调研结果。,宝马X3/5系公开车主口碑｜懂车帝,https://www.dongchedi.com/auto/series/score/2812-x-S0-4-create_time-x-1
S089-10,宝马(进口),宝马X7,宝马X7,92.80-117.80万,100万以上,常规混合动力,SUV,大型,7座,湖北省,2026-08-08,31-35岁,不便透露,企业高管/企业主,80-100万,商务/个人用车,4人,否,是,无车,首购,无车,90-120万,已试驾,2周-1个月,家庭共同决策,KOL/博主；朋友/同事,空间升级；通勤代步,长途自驾；城市通勤,懂车帝/汽车之家口碑；小红书/抖音内容；KOL评测,否,售后服务；第三排/多人乘坐；保值率；操控体验,希望在预算内获得更稳定的综合体验,后排空间；车机/智能化是否落后,雷克萨斯LX；奔驰GLS,继续比较,待定,,受访者关注售后服务，主要用于长途自驾；同时对后排空间仍有疑问，决策中会对比雷克萨斯LX；奔驰GLS。,先围绕长途自驾场景切入，再把售后服务转化为可感知体验；对后排空间需结合竞品对比和真实用车成本解释。,公开资料方向拟定/模拟问卷样本,基于车型定位、价格段、能源形式、公开车主口碑和公开用户画像报告拟定；仅用于产品Demo，不代表真实调研结果。,宝马X3/5系公开车主口碑｜懂车帝,https://www.dongchedi.com/auto/series/score/2812-x-S0-4-create_time-x-1
S089-11,宝马(进口),宝马X7,宝马X7,92.80-117.80万,100万以上,常规混合动力,SUV,大型,7座,浙江省,2026-06-06,36-40岁,女,金融/地产从业者,30-50万,已婚无孩,3人,否,是,BBA/传统豪华车,换购,BBA/传统豪华车,90-120万,初步了解,1-2个月,父母参与,朋友/同事；KOL/博主；配偶,商务接待；家庭出行升级,接送孩子；周末短途,品牌直营店/4S店；小红书/抖音内容；朋友/同事推荐,是,售后服务；家庭适配；第三排/多人乘坐,希望兼顾家人乘坐和周末出行,车机/智能化是否落后；价格是否值得,奔驰GLS；奥迪Q8,已下订,是,,受访者关注售后服务，主要用于接送孩子；同时对车机/智能化是否落后仍有疑问，决策中会对比奔驰GLS；奥迪Q8。,先围绕接送孩子场景切入，再把售后服务转化为可感知体验；对车机/智能化是否落后需结合竞品对比和真实用车成本解释。,公开资料方向拟定/模拟问卷样本,基于车型定位、价格段、能源形式、公开车主口碑和公开用户画像报告拟定；仅用于产品Demo，不代表真实调研结果。,宝马X3/5系公开车主口碑｜懂车帝,https://www.dongchedi.com/auto/series/score/2812-x-S0-4-create_time-x-1
S089-12,宝马(进口),宝马X7,宝马X7,92.80-117.80万,100万以上,常规混合动力,SUV,大型,7座,重庆市,2026-06-23,31-35岁,女,中基层管理者,80-100万,已婚二孩及以上,4人,是,否,BBA/传统豪华车,换购,BBA/传统豪华车,90-120万,已下订,2个月以上,家庭共同决策,父母；车主评价,家庭品质升级；驾驶乐趣；品牌升级,长途自驾；家庭出行,懂车帝/汽车之家口碑；车主群/社群讨论；朋友/同事推荐,否,家庭适配；豪华感/质感；价格权益,希望兼顾家人乘坐和周末出行；希望同预算下配置和权益更划算,油耗是否偏高；竞品是否更强；内饰科技感,奥迪Q8；揽胜；问界M9,已下订,是,,受访者关注家庭适配，主要用于长途自驾；同时对油耗是否偏高仍有疑问，决策中会对比奥迪Q8；揽胜；问界M9。,先围绕长途自驾场景切入，再把家庭适配转化为可感知体验；对油耗是否偏高需结合竞品对比和真实用车成本解释。,公开资料方向拟定/模拟问卷样本,基于车型定位、价格段、能源形式、公开车主口碑和公开用户画像报告拟定；仅用于产品Demo，不代表真实调研结果。,宝马X3/5系公开车主口碑｜懂车帝,https://www.dongchedi.com/auto/series/score/2812-x-S0-4-create_time-x-1
S089-13,宝马(进口),宝马X7,宝马X7,92.80-117.80万,100万以上,常规混合动力,SUV,大型,7座,湖南省,2026-08-02,31-35岁,男,企业高管/企业主,30-50万,商务/个人用车,4人,否,否,BBA/传统豪华车,换购,BBA/传统豪华车,90-120万,初步了解,2周-1个月,父母参与,KOL/博主；车主评价；朋友/同事,家庭出行升级；换新能源,家庭出行；城市通勤,车主群/社群讨论；KOL评测；品牌直营店/4S店,是,操控体验；价格权益；第三排/多人乘坐,希望同预算下配置和权益更划算,油耗是否偏高；高端服务体验；第三排舒适性,揽胜；问界M9,倾向本品,待定,,受访者关注操控体验，主要用于家庭出行；同时对油耗是否偏高仍有疑问，决策中会对比揽胜；问界M9。,先围绕家庭出行场景切入，再把操控体验转化为可感知体验；对油耗是否偏高需结合竞品对比和真实用车成本解释。,公开资料方向拟定/模拟问卷样本,基于车型定位、价格段、能源形式、公开车主口碑和公开用户画像报告拟定；仅用于产品Demo，不代表真实调研结果。,宝马X3/5系公开车主口碑｜懂车帝,https://www.dongchedi.com/auto/series/score/2812-x-S0-4-create_time-x-1
S089-14,宝马(进口),宝马X7,宝马X7,92.80-117.80万,100万以上,常规混合动力,SUV,大型,7座,北京市,2026-07-21,36-40岁,不便透露,中基层管理者,80-100万,已婚无孩,3人,否,否,BBA/传统豪华车,换购,BBA/传统豪华车,90-120万,对比评估,1-2个月,父母参与,KOL/博主；车主评价；朋友/同事,通勤代步；换新能源,接送孩子；城市通勤,车主群/社群讨论；品牌直营店/4S店；KOL评测,是,操控体验；豪华感/质感；品牌认知,在意品牌形象和商务/社交场景认可度,保值率；车身尺寸是否好开；后排空间,问界M9；雷克萨斯LX,价格合适会买,待定,,受访者关注操控体验，主要用于接送孩子；同时对保值率仍有疑问，决策中会对比问界M9；雷克萨斯LX。,先围绕接送孩子场景切入，再把操控体验转化为可感知体验；对保值率需结合竞品对比和真实用车成本解释。,公开资料方向拟定/模拟问卷样本,基于车型定位、价格段、能源形式、公开车主口碑和公开用户画像报告拟定；仅用于产品Demo，不代表真实调研结果。,宝马X3/5系公开车主口碑｜懂车帝,https://www.dongchedi.com/auto/series/score/2812-x-S0-4-create_time-x-1
S089-15,宝马(进口),宝马X7,宝马X7,92.80-117.80万,100万以上,常规混合动力,SUV,大型,7座,福建省,2026-08-22,46岁以上,女,企业高管/企业主,50-80万,已婚无孩,5人及以上,否,否,家中已有燃油车,增购,家中已有燃油车,90-120万,价格谈判,1-2个月,本人+配偶,KOL/博主；车主评价；朋友/同事,家庭品质升级；空间升级；通勤代步,长途自驾；家庭出行,KOL评测；朋友/同事推荐,是,价格权益；空间舒适；第三排/多人乘坐；保值率,希望兼顾家人乘坐和周末出行；希望同预算下配置和权益更划算,油耗是否偏高；后排空间,雷克萨斯LX；奔驰GLS；奥迪Q8,倾向本品,待定,,受访者关注价格权益，主要用于长途自驾；同时对油耗是否偏高仍有疑问，决策中会对比雷克萨斯LX；奔驰GLS；奥迪Q8。,先围绕长途自驾场景切入，再把价格权益转化为可感知体验；对油耗是否偏高需结合竞品对比和真实用车成本解释。,公开资料方向拟定/模拟问卷样本,基于车型定位、价格段、能源形式、公开车主口碑和公开用户画像报告拟定；仅用于产品Demo，不代表真实调研结果。,宝马X3/5系公开车主口碑｜懂车帝,https://www.dongchedi.com/auto/series/score/2812-x-S0-4-create_time-x-1
S089-16,宝马(进口),宝马X7,宝马X7,92.80-117.80万,100万以上,常规混合动力,SUV,大型,7座,安徽省,2026-07-05,36-40岁,男,金融/地产从业者,50-80万,已婚一孩,3人,是,是,BBA/传统豪华车,换购,BBA/传统豪华车,90-120万,初步了解,2个月以上,家庭共同决策,子女；车主评价,空间升级；驾驶乐趣；家庭品质升级,多成员家庭出行；城市通勤,小红书/抖音内容；朋友/同事推荐,是,品牌认知；驾驶质感；安全性,在意品牌形象和商务/社交场景认可度,车机/智能化是否落后；内饰科技感；价格是否值得,奔驰GLS；奥迪Q8,继续比较,待定,,受访者关注品牌认知，主要用于多成员家庭出行；同时对车机/智能化是否落后仍有疑问，决策中会对比奔驰GLS；奥迪Q8。,先围绕多成员家庭出行场景切入，再把品牌认知转化为可感知体验；对车机/智能化是否落后需结合竞品对比和真实用车成本解释。,公开资料方向拟定/模拟问卷样本,基于车型定位、价格段、能源形式、公开车主口碑和公开用户画像报告拟定；仅用于产品Demo，不代表真实调研结果。,宝马X3/5系公开车主口碑｜懂车帝,https://www.dongchedi.com/auto/series/score/2812-x-S0-4-create_time-x-1
S089-17,宝马(进口),宝马X7,宝马X7,92.80-117.80万,100万以上,常规混合动力,SUV,大型,7座,安徽省,2026-06-03,41-45岁,女,金融/地产从业者,50-80万,商务/个人用车,4人,否,是,BBA/传统豪华车,换购,BBA/传统豪华车,90-120万,初步了解,2个月以上,本人+配偶,销售顾问；KOL/博主,品牌升级；驾驶乐趣；商务接待,多成员家庭出行；接送孩子；家庭出行,小红书/抖音内容；KOL评测；朋友/同事推荐,是,保值率；空间舒适；可靠性,希望兼顾家人乘坐和周末出行,高端服务体验；停车便利性,奥迪Q8；揽胜,继续比较,待定,,受访者关注保值率，主要用于多成员家庭出行；同时对高端服务体验仍有疑问，决策中会对比奥迪Q8；揽胜。,先围绕多成员家庭出行场景切入，再把保值率转化为可感知体验；对高端服务体验需结合竞品对比和真实用车成本解释。,公开资料方向拟定/模拟问卷样本,基于车型定位、价格段、能源形式、公开车主口碑和公开用户画像报告拟定；仅用于产品Demo，不代表真实调研结果。,宝马X3/5系公开车主口碑｜懂车帝,https://www.dongchedi.com/auto/series/score/2812-x-S0-4-create_time-x-1
S089-18,宝马(进口),宝马X7,宝马X7,92.80-117.80万,100万以上,常规混合动力,SUV,大型,7座,安徽省,2026-06-11,41-45岁,男,互联网/科技从业者,100万以上,已婚二孩及以上,1人,是,是,BBA/传统豪华车,换购,BBA/传统豪华车,90-120万,初步了解,2个月以上,本人+配偶,子女；父母；车主评价,换新能源；通勤代步,长途自驾；家庭出行；周末短途,小红书/抖音内容；朋友/同事推荐；KOL评测,是,驾驶质感；操控体验；价格权益；保值率,希望同预算下配置和权益更划算,后排空间；油耗是否偏高；第三排舒适性,揽胜；问界M9；雷克萨斯LX,倾向本品,待定,,受访者关注驾驶质感，主要用于长途自驾；同时对后排空间仍有疑问，决策中会对比揽胜；问界M9；雷克萨斯LX。,先围绕长途自驾场景切入，再把驾驶质感转化为可感知体验；对后排空间需结合竞品对比和真实用车成本解释。,公开资料方向拟定/模拟问卷样本,基于车型定位、价格段、能源形式、公开车主口碑和公开用户画像报告拟定；仅用于产品Demo，不代表真实调研结果。,宝马X3/5系公开车主口碑｜懂车帝,https://www.dongchedi.com/auto/series/score/2812-x-S0-4-create_time-x-1
S089-19,宝马(进口),宝马X7,宝马X7,92.80-117.80万,100万以上,常规混合动力,SUV,大型,7座,江苏省,2026-08-22,41-45岁,女,金融/地产从业者,30-50万,商务/个人用车,2人,否,是,BBA/传统豪华车,换购,BBA/传统豪华车,90-120万,已购/用车复盘,2周-1个月,本人+配偶,销售顾问；车主评价；KOL/博主,商务与家用兼顾；空间升级；换新能源,家庭出行；接送孩子；多成员家庭出行,小红书/抖音内容；朋友/同事推荐,是,乘坐舒适；品牌认知；售后服务,在意品牌形象和商务/社交场景认可度,保养维修成本；后排空间,问界M9；雷克萨斯LX,倾向本品,待定,,受访者关注乘坐舒适，主要用于家庭出行；同时对保养维修成本仍有疑问，决策中会对比问界M9；雷克萨斯LX。,先围绕家庭出行场景切入，再把乘坐舒适转化为可感知体验；对保养维修成本需结合竞品对比和真实用车成本解释。,公开资料方向拟定/模拟问卷样本,基于车型定位、价格段、能源形式、公开车主口碑和公开用户画像报告拟定；仅用于产品Demo，不代表真实调研结果。,宝马X3/5系公开车主口碑｜懂车帝,https://www.dongchedi.com/auto/series/score/2812-x-S0-4-create_time-x-1
S089-20,宝马(进口),宝马X7,宝马X7,92.80-117.80万,100万以上,常规混合动力,SUV,大型,7座,山东省,2026-06-19,46岁以上,女,互联网/科技从业者,50-80万,已婚一孩,2人,是,否,无车,首购,无车,90-120万,价格谈判,1-2个月,父母参与,父母；车主评价,换新能源；商务与家用兼顾；商务接待,周末短途；家庭出行；城市通勤,懂车帝/汽车之家口碑；车主群/社群讨论,是,售后服务；操控体验；第三排/多人乘坐；空间舒适,希望兼顾家人乘坐和周末出行,油耗是否偏高；权益透明度,雷克萨斯LX；奔驰GLS,转向竞品,否,竞品价格更低,受访者关注售后服务，主要用于周末短途；同时对油耗是否偏高仍有疑问，决策中会对比雷克萨斯LX；奔驰GLS。,先围绕周末短途场景切入，再把售后服务转化为可感知体验；对油耗是否偏高需结合竞品对比和真实用车成本解释。,公开资料方向拟定/模拟问卷样本,基于车型定位、价格段、能源形式、公开车主口碑和公开用户画像报告拟定；仅用于产品Demo，不代表真实调研结果。,宝马X3/5系公开车主口碑｜懂车帝,https://www.dongchedi.com/auto/series/score/2812-x-S0-4-create_time-x-1
S090-01,奥迪(进口),奥迪Q8,奥迪Q8,76.68-108.48万,80-100万,传统燃料；常规混合动力,SUV,中大型,5座,湖南省,2026-08-18,41-45岁,男,企业高管/企业主,100万以上,商务/个人用车,2人,否,否,BBA/传统豪华车,换购,BBA/传统豪华车,70-110万,流失/转向竞品,2个月以上,企业/业务需求,车主评价；销售顾问；朋友/同事,家庭品质升级；品牌升级；通勤代步,周末短途；城市通勤；家庭出行,朋友/同事推荐；车主群/社群讨论；品牌直营店/4S店,是,保值率；乘坐舒适；价格权益；豪华感/质感,希望同预算下配置和权益更划算,后排地台隆起；高端服务体验；配置性价比,路虎卫士；揽胜运动,倾向本品,待定,,受访者关注保值率，主要用于周末短途；同时对后排地台隆起仍有疑问，决策中会对比路虎卫士；揽胜运动。,先围绕周末短途场景切入，再把保值率转化为可感知体验；对后排地台隆起需结合竞品对比和真实用车成本解释。,公开资料方向拟定/模拟问卷样本,基于车型定位、价格段、能源形式、公开车主口碑和公开用户画像报告拟定；仅用于产品Demo，不代表真实调研结果。,奥迪A6L公开车主口碑｜懂车帝,https://www.dongchedi.com/auto/series/score/99-x-S0-P107-x-x-x
S090-02,奥迪(进口),奥迪Q8,奥迪Q8,76.68-108.48万,80-100万,传统燃料；常规混合动力,SUV,中大型,5座,四川省,2026-08-02,41-45岁,女,私营业主/个体经营者,80-100万,已婚二孩及以上,3人,是,是,BBA/传统豪华车,换购,BBA/传统豪华车,70-110万,价格谈判,1-2个月,本人,KOL/博主；车主评价；子女,商务接待；换新能源；品牌升级,城市通勤；家庭出行,小红书/抖音内容；朋友/同事推荐,是,优惠力度；商务形象；售后服务；安全性,希望在预算内获得更稳定的综合体验,权益透明度；保养维修费用,揽胜运动；Cayenne,已下订,是,,受访者关注优惠力度，主要用于城市通勤；同时对权益透明度仍有疑问，决策中会对比揽胜运动；Cayenne。,先围绕城市通勤场景切入，再把优惠力度转化为可感知体验；对权益透明度需结合竞品对比和真实用车成本解释。,公开资料方向拟定/模拟问卷样本,基于车型定位、价格段、能源形式、公开车主口碑和公开用户画像报告拟定；仅用于产品Demo，不代表真实调研结果。,奥迪A6L公开车主口碑｜懂车帝,https://www.dongchedi.com/auto/series/score/99-x-S0-P107-x-x-x
S090-03,奥迪(进口),奥迪Q8,奥迪Q8,76.68-108.48万,80-100万,传统燃料；常规混合动力,SUV,中大型,5座,上海市,2026-08-25,36-40岁,男,企业高管/企业主,50-80万,已婚一孩,4人,是,否,无车,首购,无车,70-110万,已试驾,2周-1个月,本人+配偶,KOL/博主；子女,通勤代步；品牌升级,家庭出行；城市通勤；周末短途,小红书/抖音内容；车主群/社群讨论；KOL评测,否,品牌认知；售后服务；商务形象；保值率,在意品牌形象和商务/社交场景认可度,价格是否值得；油耗是否偏高；售后维修成本,Cayenne；奔驰GLE(进口)；雷克萨斯GX,已下订,是,,受访者关注品牌认知，主要用于家庭出行；同时对价格是否值得仍有疑问，决策中会对比Cayenne；奔驰GLE(进口)；雷克萨斯GX。,先围绕家庭出行场景切入，再把品牌认知转化为可感知体验；对价格是否值得需结合竞品对比和真实用车成本解释。,公开资料方向拟定/模拟问卷样本,基于车型定位、价格段、能源形式、公开车主口碑和公开用户画像报告拟定；仅用于产品Demo，不代表真实调研结果。,奥迪A6L公开车主口碑｜懂车帝,https://www.dongchedi.com/auto/series/score/99-x-S0-P107-x-x-x
S090-04,奥迪(进口),奥迪Q8,奥迪Q8,76.68-108.48万,80-100万,传统燃料；常规混合动力,SUV,中大型,5座,北京市,2026-07-15,46岁以上,男,公务员/事业单位,80-100万,已婚一孩,3人,是,否,无车,首购,无车,70-110万,价格谈判,2个月以上,本人+配偶,子女；父母,空间升级；家庭出行升级；商务接待,周末短途；城市通勤,品牌直营店/4S店；小红书/抖音内容；车主群/社群讨论,是,优惠力度；静谧性；售后服务,希望在预算内获得更稳定的综合体验,价格是否值得；权益透明度,奔驰GLE(进口)；雷克萨斯GX,已购,是,,受访者关注优惠力度，主要用于周末短途；同时对价格是否值得仍有疑问，决策中会对比奔驰GLE(进口)；雷克萨斯GX。,先围绕周末短途场景切入，再把优惠力度转化为可感知体验；对价格是否值得需结合竞品对比和真实用车成本解释。,公开资料方向拟定/模拟问卷样本,基于车型定位、价格段、能源形式、公开车主口碑和公开用户画像报告拟定；仅用于产品Demo，不代表真实调研结果。,奥迪A6L公开车主口碑｜懂车帝,https://www.dongchedi.com/auto/series/score/99-x-S0-P107-x-x-x
S090-05,奥迪(进口),奥迪Q8,奥迪Q8,76.68-108.48万,80-100万,传统燃料；常规混合动力,SUV,中大型,5座,福建省,2026-07-15,36-40岁,男,中基层管理者,100万以上,商务/个人用车,2人,否,否,家中已有燃油车,增购,家中已有燃油车,70-110万,已试驾,2个月以上,企业/业务需求,销售顾问；车主评价；朋友/同事,家庭品质升级；通勤代步,家庭出行；城市通勤,朋友/同事推荐；懂车帝/汽车之家口碑,是,品牌体面感；豪华感/质感；空间舒适；驾驶质感,希望兼顾家人乘坐和周末出行；在意品牌形象和商务/社交场景认可度,保养维修成本；价格是否值得,雷克萨斯GX；路虎卫士,继续比较,待定,,受访者关注品牌体面感，主要用于家庭出行；同时对保养维修成本仍有疑问，决策中会对比雷克萨斯GX；路虎卫士。,先围绕家庭出行场景切入，再把品牌体面感转化为可感知体验；对保养维修成本需结合竞品对比和真实用车成本解释。,公开资料方向拟定/模拟问卷样本,基于车型定位、价格段、能源形式、公开车主口碑和公开用户画像报告拟定；仅用于产品Demo，不代表真实调研结果。,奥迪A6L公开车主口碑｜懂车帝,https://www.dongchedi.com/auto/series/score/99-x-S0-P107-x-x-x
S090-06,奥迪(进口),奥迪Q8,奥迪Q8,76.68-108.48万,80-100万,传统燃料；常规混合动力,SUV,中大型,5座,重庆市,2026-08-28,41-45岁,女,中基层管理者,30-50万,已婚二孩及以上,1人,是,是,BBA/传统豪华车,换购,BBA/传统豪华车,70-110万,已试驾,2个月以上,本人+配偶,车主评价；配偶,商务接待；家庭兼商务；换新能源,城市通勤；家庭出行,KOL评测；车主群/社群讨论,是,优惠力度；空间舒适；安全性,希望兼顾家人乘坐和周末出行,车机/智能化是否落后；保养维修费用；权益透明度,路虎卫士；揽胜运动；Cayenne,倾向本品,待定,,受访者关注优惠力度，主要用于城市通勤；同时对车机/智能化是否落后仍有疑问，决策中会对比路虎卫士；揽胜运动；Cayenne。,先围绕城市通勤场景切入，再把优惠力度转化为可感知体验；对车机/智能化是否落后需结合竞品对比和真实用车成本解释。,公开资料方向拟定/模拟问卷样本,基于车型定位、价格段、能源形式、公开车主口碑和公开用户画像报告拟定；仅用于产品Demo，不代表真实调研结果。,奥迪A6L公开车主口碑｜懂车帝,https://www.dongchedi.com/auto/series/score/99-x-S0-P107-x-x-x
S090-07,奥迪(进口),奥迪Q8,奥迪Q8,76.68-108.48万,80-100万,传统燃料；常规混合动力,SUV,中大型,5座,广东省,2026-07-08,41-45岁,男,金融/地产从业者,50-80万,已婚无孩,3人,否,否,无车,首购,无车,70-110万,已试驾,1-2个月,本人,配偶；朋友/同事；KOL/博主,家庭出行升级；通勤代步,周末短途；城市通勤；家庭出行,品牌直营店/4S店；懂车帝/汽车之家口碑；KOL评测,是,售后服务；优惠力度；可靠性；品牌体面感,在意品牌形象和商务/社交场景认可度,价格是否值得；车机/智能化是否落后,揽胜运动；Cayenne,已下订,是,,受访者关注售后服务，主要用于周末短途；同时对价格是否值得仍有疑问，决策中会对比揽胜运动；Cayenne。,先围绕周末短途场景切入，再把售后服务转化为可感知体验；对价格是否值得需结合竞品对比和真实用车成本解释。,公开资料方向拟定/模拟问卷样本,基于车型定位、价格段、能源形式、公开车主口碑和公开用户画像报告拟定；仅用于产品Demo，不代表真实调研结果。,奥迪A6L公开车主口碑｜懂车帝,https://www.dongchedi.com/auto/series/score/99-x-S0-P107-x-x-x
S090-08,奥迪(进口),奥迪Q8,奥迪Q8,76.68-108.48万,80-100万,传统燃料；常规混合动力,SUV,中大型,5座,河南省,2026-06-04,41-45岁,男,中基层管理者,50-80万,已婚二孩及以上,5人及以上,是,是,BBA/传统豪华车,换购,BBA/传统豪华车,70-110万,对比评估,1-2个月,本人,配偶；子女；KOL/博主,家庭出行升级；商务接待,周末短途；家庭出行,小红书/抖音内容；品牌直营店/4S店,是,乘坐舒适；豪华感/质感；后排空间,希望在预算内获得更稳定的综合体验,竞品是否更强；高端服务体验,Cayenne；奔驰GLE(进口),倾向本品,待定,,受访者关注乘坐舒适，主要用于周末短途；同时对竞品是否更强仍有疑问，决策中会对比Cayenne；奔驰GLE(进口)。,先围绕周末短途场景切入，再把乘坐舒适转化为可感知体验；对竞品是否更强需结合竞品对比和真实用车成本解释。,公开资料方向拟定/模拟问卷样本,基于车型定位、价格段、能源形式、公开车主口碑和公开用户画像报告拟定；仅用于产品Demo，不代表真实调研结果。,奥迪A6L公开车主口碑｜懂车帝,https://www.dongchedi.com/auto/series/score/99-x-S0-P107-x-x-x
S090-09,奥迪(进口),奥迪Q8,奥迪Q8,76.68-108.48万,80-100万,传统燃料；常规混合动力,SUV,中大型,5座,河南省,2026-08-16,46岁以上,男,私营业主/个体经营者,80-100万,商务/个人用车,5人及以上,否,否,BBA/传统豪华车,换购,BBA/传统豪华车,70-110万,已购/用车复盘,1-2个月,本人,销售顾问；朋友/同事,家庭出行升级；空间升级,周末短途；家庭出行,KOL评测；品牌直营店/4S店；车主群/社群讨论,否,售后服务；商务形象；豪华感/质感,希望在预算内获得更稳定的综合体验,售后维修成本；车机智能化不足；车机/智能化是否落后,奔驰GLE(进口)；雷克萨斯GX；路虎卫士,继续比较,待定,,受访者关注售后服务，主要用于周末短途；同时对售后维修成本仍有疑问，决策中会对比奔驰GLE(进口)；雷克萨斯GX；路虎卫士。,先围绕周末短途场景切入，再把售后服务转化为可感知体验；对售后维修成本需结合竞品对比和真实用车成本解释。,公开资料方向拟定/模拟问卷样本,基于车型定位、价格段、能源形式、公开车主口碑和公开用户画像报告拟定；仅用于产品Demo，不代表真实调研结果。,奥迪A6L公开车主口碑｜懂车帝,https://www.dongchedi.com/auto/series/score/99-x-S0-P107-x-x-x
S090-10,奥迪(进口),奥迪Q8,奥迪Q8,76.68-108.48万,80-100万,传统燃料；常规混合动力,SUV,中大型,5座,北京市,2026-08-12,46岁以上,男,企业高管/企业主,50-80万,已婚一孩,2人,是,是,BBA/传统豪华车,换购,BBA/传统豪华车,70-110万,对比评估,2个月以上,企业/业务需求,父母；KOL/博主；车主评价,家庭兼商务；品牌升级,家庭出行；周末短途,KOL评测；朋友/同事推荐,否,价格权益；驾驶质感；优惠力度；乘坐舒适,希望同预算下配置和权益更划算,车机智能化不足；高端服务体验,雷克萨斯GX；路虎卫士,倾向本品,待定,,受访者关注价格权益，主要用于家庭出行；同时对车机智能化不足仍有疑问，决策中会对比雷克萨斯GX；路虎卫士。,先围绕家庭出行场景切入，再把价格权益转化为可感知体验；对车机智能化不足需结合竞品对比和真实用车成本解释。,公开资料方向拟定/模拟问卷样本,基于车型定位、价格段、能源形式、公开车主口碑和公开用户画像报告拟定；仅用于产品Demo，不代表真实调研结果。,奥迪A6L公开车主口碑｜懂车帝,https://www.dongchedi.com/auto/series/score/99-x-S0-P107-x-x-x
S090-11,奥迪(进口),奥迪Q8,奥迪Q8,76.68-108.48万,80-100万,传统燃料；常规混合动力,SUV,中大型,5座,山东省,2026-06-21,41-45岁,男,企业高管/企业主,50-80万,已婚一孩,4人,是,否,BBA/传统豪华车,换购,BBA/传统豪华车,70-110万,对比评估,2个月以上,本人+配偶,父母；KOL/博主,家庭出行升级；商务接待,家庭出行；城市通勤；周末短途,朋友/同事推荐；KOL评测,否,静谧性；安全性；价格权益；商务形象,希望同预算下配置和权益更划算,权益透明度；车机/智能化是否落后,路虎卫士；揽胜运动,继续比较,待定,,受访者关注静谧性，主要用于家庭出行；同时对权益透明度仍有疑问，决策中会对比路虎卫士；揽胜运动。,先围绕家庭出行场景切入，再把静谧性转化为可感知体验；对权益透明度需结合竞品对比和真实用车成本解释。,公开资料方向拟定/模拟问卷样本,基于车型定位、价格段、能源形式、公开车主口碑和公开用户画像报告拟定；仅用于产品Demo，不代表真实调研结果。,奥迪A6L公开车主口碑｜懂车帝,https://www.dongchedi.com/auto/series/score/99-x-S0-P107-x-x-x
S090-12,奥迪(进口),奥迪Q8,奥迪Q8,76.68-108.48万,80-100万,传统燃料；常规混合动力,SUV,中大型,5座,四川省,2026-08-13,46岁以上,男,私营业主/个体经营者,50-80万,商务/个人用车,5人及以上,否,否,BBA/传统豪华车,换购,BBA/传统豪华车,70-110万,流失/转向竞品,1-2个月,本人+配偶,朋友/同事；KOL/博主,家庭兼商务；家庭出行升级；商务接待,周末短途；家庭出行,品牌直营店/4S店；懂车帝/汽车之家口碑；小红书/抖音内容,是,后排空间；乘坐舒适；售后服务；优惠力度,希望在预算内获得更稳定的综合体验,后排地台隆起；保养维修成本；售后维修成本,揽胜运动；Cayenne；奔驰GLE(进口),已下订,是,,受访者关注后排空间，主要用于周末短途；同时对后排地台隆起仍有疑问，决策中会对比揽胜运动；Cayenne；奔驰GLE(进口)。,先围绕周末短途场景切入，再把后排空间转化为可感知体验；对后排地台隆起需结合竞品对比和真实用车成本解释。,公开资料方向拟定/模拟问卷样本,基于车型定位、价格段、能源形式、公开车主口碑和公开用户画像报告拟定；仅用于产品Demo，不代表真实调研结果。,奥迪A6L公开车主口碑｜懂车帝,https://www.dongchedi.com/auto/series/score/99-x-S0-P107-x-x-x
S090-13,奥迪(进口),奥迪Q8,奥迪Q8,76.68-108.48万,80-100万,传统燃料；常规混合动力,SUV,中大型,5座,安徽省,2026-08-11,31-35岁,不便透露,私营业主/个体经营者,50-80万,已婚二孩及以上,5人及以上,是,否,BBA/传统豪华车,换购,BBA/传统豪华车,70-110万,价格谈判,2个月以上,企业/业务需求,KOL/博主；配偶；子女,家庭兼商务；品牌升级,家庭出行；周末短途,车主群/社群讨论；小红书/抖音内容,是,安全性；静谧性；售后服务,希望在预算内获得更稳定的综合体验,保养维修费用；竞品是否更强,Cayenne；奔驰GLE(进口),转向竞品,否,竞品智驾更强,受访者关注安全性，主要用于家庭出行；同时对保养维修费用仍有疑问，决策中会对比Cayenne；奔驰GLE(进口)。,先围绕家庭出行场景切入，再把安全性转化为可感知体验；对保养维修费用需结合竞品对比和真实用车成本解释。,公开资料方向拟定/模拟问卷样本,基于车型定位、价格段、能源形式、公开车主口碑和公开用户画像报告拟定；仅用于产品Demo，不代表真实调研结果。,奥迪A6L公开车主口碑｜懂车帝,https://www.dongchedi.com/auto/series/score/99-x-S0-P107-x-x-x
S090-14,奥迪(进口),奥迪Q8,奥迪Q8,76.68-108.48万,80-100万,传统燃料；常规混合动力,SUV,中大型,5座,北京市,2026-08-25,41-45岁,男,公务员/事业单位,80-100万,已婚二孩及以上,1人,是,否,家中已有新能源车,增购,家中已有新能源车,70-110万,已下订,1-2个月,本人+配偶,配偶；车主评价,家庭品质升级；通勤代步；商务接待,家庭出行；周末短途；城市通勤,朋友/同事推荐；小红书/抖音内容；车主群/社群讨论,是,后排空间；安全性；乘坐舒适,希望在预算内获得更稳定的综合体验,油耗是否偏高；高端服务体验；车机/智能化是否落后,奔驰GLE(进口)；雷克萨斯GX,倾向本品,待定,,受访者关注后排空间，主要用于家庭出行；同时对油耗是否偏高仍有疑问，决策中会对比奔驰GLE(进口)；雷克萨斯GX。,先围绕家庭出行场景切入，再把后排空间转化为可感知体验；对油耗是否偏高需结合竞品对比和真实用车成本解释。,公开资料方向拟定/模拟问卷样本,基于车型定位、价格段、能源形式、公开车主口碑和公开用户画像报告拟定；仅用于产品Demo，不代表真实调研结果。,奥迪A6L公开车主口碑｜懂车帝,https://www.dongchedi.com/auto/series/score/99-x-S0-P107-x-x-x
S090-15,奥迪(进口),奥迪Q8,奥迪Q8,76.68-108.48万,80-100万,传统燃料；常规混合动力,SUV,中大型,5座,广东省,2026-06-18,46岁以上,男,公务员/事业单位,100万以上,商务/个人用车,4人,否,是,无车,首购,无车,70-110万,已购/用车复盘,2个月以上,企业/业务需求,销售顾问；车主评价；朋友/同事,家庭品质升级；换新能源；通勤代步,家庭出行；城市通勤；周末短途,朋友/同事推荐；品牌直营店/4S店,是,安全性；后排空间；静谧性,希望在预算内获得更稳定的综合体验,权益透明度；后排地台隆起,雷克萨斯GX；路虎卫士；揽胜运动,价格合适会买,待定,,受访者关注安全性，主要用于家庭出行；同时对权益透明度仍有疑问，决策中会对比雷克萨斯GX；路虎卫士；揽胜运动。,先围绕家庭出行场景切入，再把安全性转化为可感知体验；对权益透明度需结合竞品对比和真实用车成本解释。,公开资料方向拟定/模拟问卷样本,基于车型定位、价格段、能源形式、公开车主口碑和公开用户画像报告拟定；仅用于产品Demo，不代表真实调研结果。,奥迪A6L公开车主口碑｜懂车帝,https://www.dongchedi.com/auto/series/score/99-x-S0-P107-x-x-x
S090-16,奥迪(进口),奥迪Q8,奥迪Q8,76.68-108.48万,80-100万,传统燃料；常规混合动力,SUV,中大型,5座,江苏省,2026-07-01,46岁以上,男,中基层管理者,50-80万,已婚无孩,4人,否,否,BBA/传统豪华车,换购,BBA/传统豪华车,70-110万,对比评估,1-2个月,企业/业务需求,朋友/同事；车主评价,空间升级；家庭品质升级；通勤代步,城市通勤；周末短途,KOL评测；懂车帝/汽车之家口碑,是,品牌体面感；乘坐舒适；驾驶质感,在意品牌形象和商务/社交场景认可度,保养维修成本；价格是否值得,路虎卫士；揽胜运动,继续比较,待定,,受访者关注品牌体面感，主要用于城市通勤；同时对保养维修成本仍有疑问，决策中会对比路虎卫士；揽胜运动。,先围绕城市通勤场景切入，再把品牌体面感转化为可感知体验；对保养维修成本需结合竞品对比和真实用车成本解释。,公开资料方向拟定/模拟问卷样本,基于车型定位、价格段、能源形式、公开车主口碑和公开用户画像报告拟定；仅用于产品Demo，不代表真实调研结果。,奥迪A6L公开车主口碑｜懂车帝,https://www.dongchedi.com/auto/series/score/99-x-S0-P107-x-x-x
S090-17,奥迪(进口),奥迪Q8,奥迪Q8,76.68-108.48万,80-100万,传统燃料；常规混合动力,SUV,中大型,5座,江苏省,2026-06-22,41-45岁,男,中基层管理者,80-100万,已婚一孩,4人,是,是,BBA/传统豪华车,换购,BBA/传统豪华车,70-110万,价格谈判,2个月以上,本人,车主评价；配偶,家庭兼商务；空间升级,家庭出行；周末短途；城市通勤,懂车帝/汽车之家口碑；车主群/社群讨论；小红书/抖音内容,否,售后服务；驾驶质感；后排空间,希望在预算内获得更稳定的综合体验,车机/智能化是否落后；油耗是否偏高；竞品是否更强,揽胜运动；Cayenne,倾向本品,待定,,受访者关注售后服务，主要用于家庭出行；同时对车机/智能化是否落后仍有疑问，决策中会对比揽胜运动；Cayenne。,先围绕家庭出行场景切入，再把售后服务转化为可感知体验；对车机/智能化是否落后需结合竞品对比和真实用车成本解释。,公开资料方向拟定/模拟问卷样本,基于车型定位、价格段、能源形式、公开车主口碑和公开用户画像报告拟定；仅用于产品Demo，不代表真实调研结果。,奥迪A6L公开车主口碑｜懂车帝,https://www.dongchedi.com/auto/series/score/99-x-S0-P107-x-x-x
S090-18,奥迪(进口),奥迪Q8,奥迪Q8,76.68-108.48万,80-100万,传统燃料；常规混合动力,SUV,中大型,5座,四川省,2026-07-27,31-35岁,男,企业高管/企业主,80-100万,已婚一孩,2人,是,否,家中已有新能源车,增购,家中已有新能源车,70-110万,初步了解,2个月以上,本人+配偶,父母；KOL/博主；子女,通勤代步；品牌升级,家庭出行；周末短途,懂车帝/汽车之家口碑；KOL评测；小红书/抖音内容,否,品牌认知；优惠力度；空间舒适,希望兼顾家人乘坐和周末出行；在意品牌形象和商务/社交场景认可度,售后维修成本；车机/智能化是否落后,Cayenne；奔驰GLE(进口)；雷克萨斯GX,已购,是,,受访者关注品牌认知，主要用于家庭出行；同时对售后维修成本仍有疑问，决策中会对比Cayenne；奔驰GLE(进口)；雷克萨斯GX。,先围绕家庭出行场景切入，再把品牌认知转化为可感知体验；对售后维修成本需结合竞品对比和真实用车成本解释。,公开资料方向拟定/模拟问卷样本,基于车型定位、价格段、能源形式、公开车主口碑和公开用户画像报告拟定；仅用于产品Demo，不代表真实调研结果。,奥迪A6L公开车主口碑｜懂车帝,https://www.dongchedi.com/auto/series/score/99-x-S0-P107-x-x-x
S090-19,奥迪(进口),奥迪Q8,奥迪Q8,76.68-108.48万,80-100万,传统燃料；常规混合动力,SUV,中大型,5座,湖南省,2026-06-15,31-35岁,女,公务员/事业单位,80-100万,商务/个人用车,3人,否,是,家中已有燃油车,增购,家中已有燃油车,70-110万,流失/转向竞品,1-2个月,本人,KOL/博主；销售顾问,商务接待；通勤代步；换新能源,周末短途；家庭出行；城市通勤,车主群/社群讨论；懂车帝/汽车之家口碑,是,静谧性；可靠性；商务形象,希望在预算内获得更稳定的综合体验,高端服务体验；车机智能化不足,奔驰GLE(进口)；雷克萨斯GX,继续比较,待定,,受访者关注静谧性，主要用于周末短途；同时对高端服务体验仍有疑问，决策中会对比奔驰GLE(进口)；雷克萨斯GX。,先围绕周末短途场景切入，再把静谧性转化为可感知体验；对高端服务体验需结合竞品对比和真实用车成本解释。,公开资料方向拟定/模拟问卷样本,基于车型定位、价格段、能源形式、公开车主口碑和公开用户画像报告拟定；仅用于产品Demo，不代表真实调研结果。,奥迪A6L公开车主口碑｜懂车帝,https://www.dongchedi.com/auto/series/score/99-x-S0-P107-x-x-x
S090-20,奥迪(进口),奥迪Q8,奥迪Q8,76.68-108.48万,80-100万,传统燃料；常规混合动力,SUV,中大型,5座,安徽省,2026-07-11,36-40岁,不便透露,中基层管理者,100万以上,商务/个人用车,3人,否,否,无车,首购,无车,70-110万,已试驾,1-2个月,企业/业务需求,KOL/博主；朋友/同事；车主评价,空间升级；家庭出行升级；家庭兼商务,家庭出行；城市通勤,KOL评测；车主群/社群讨论；品牌直营店/4S店,是,安全性；驾驶质感；后排空间；空间舒适,希望兼顾家人乘坐和周末出行,后排地台隆起；售后维修成本,雷克萨斯GX；路虎卫士,倾向本品,待定,,受访者关注安全性，主要用于家庭出行；同时对后排地台隆起仍有疑问，决策中会对比雷克萨斯GX；路虎卫士。,先围绕家庭出行场景切入，再把安全性转化为可感知体验；对后排地台隆起需结合竞品对比和真实用车成本解释。,公开资料方向拟定/模拟问卷样本,基于车型定位、价格段、能源形式、公开车主口碑和公开用户画像报告拟定；仅用于产品Demo，不代表真实调研结果。,奥迪A6L公开车主口碑｜懂车帝,https://www.dongchedi.com/auto/series/score/99-x-S0-P107-x-x-x
S091-01,保时捷,Taycan,Taycan,91.80-156.80万,100万以上,纯电动,轿车,中大型,4座,福建省,2026-07-22,41-45岁,男,私营业主/个体经营者,100万以上,已婚二孩及以上,4人,是,是,BBA/传统豪华车,换购,BBA/传统豪华车,90-160万,已试驾,1-2个月,本人+配偶,KOL/博主；子女,家庭出行升级；品牌升级；家庭品质升级,城市通勤；商务接待；家庭出行,懂车帝/汽车之家口碑；车主群/社群讨论；品牌直营店/4S店,是,保值率；售后服务；通勤舒适,希望在预算内获得更稳定的综合体验,续航达成率；竞品是否更强；后备厢空间,尊界S800；雷克萨斯LS,已下订,是,,受访者关注保值率，主要用于城市通勤；同时对续航达成率仍有疑问，决策中会对比尊界S800；雷克萨斯LS。,先围绕城市通勤场景切入，再把保值率转化为可感知体验；对续航达成率需结合竞品对比和真实用车成本解释。,公开资料方向拟定/模拟问卷样本,基于车型定位、价格段、能源形式、公开车主口碑和公开用户画像报告拟定；仅用于产品Demo，不代表真实调研结果。,2024增换购用户需求洞察｜汽车之家研究院,https://www.autohome.com.cn/news/202409/1300865.html
S091-02,保时捷,Taycan,Taycan,91.80-156.80万,100万以上,纯电动,轿车,中大型,4座,福建省,2026-06-14,36-40岁,男,企业高管/企业主,80-100万,已婚二孩及以上,3人,是,否,家中已有新能源车,增购,家中已有新能源车,90-160万,已购/用车复盘,1-2个月,本人+配偶,父母；KOL/博主；配偶,商务接待；家庭品质升级；品牌升级,商务接待；充电便利场景,小红书/抖音内容；朋友/同事推荐；KOL评测,是,品牌认知；低使用成本；智能驾驶；空间舒适,希望兼顾家人乘坐和周末出行；希望降低通勤和长途驾驶压力；在意品牌形象和商务/社交场景认可度,权益透明度；售后网络是否成熟,雷克萨斯LS；迈巴赫S级,倾向本品,待定,,受访者关注品牌认知，主要用于商务接待；同时对权益透明度仍有疑问，决策中会对比雷克萨斯LS；迈巴赫S级。,先围绕商务接待场景切入，再把品牌认知转化为可感知体验；对权益透明度需结合竞品对比和真实用车成本解释。,公开资料方向拟定/模拟问卷样本,基于车型定位、价格段、能源形式、公开车主口碑和公开用户画像报告拟定；仅用于产品Demo，不代表真实调研结果。,2024增换购用户需求洞察｜汽车之家研究院,https://www.autohome.com.cn/news/202409/1300865.html
S091-03,保时捷,Taycan,Taycan,91.80-156.80万,100万以上,纯电动,轿车,中大型,4座,上海市,2026-07-19,41-45岁,男,企业高管/企业主,100万以上,已婚一孩,4人,是,是,家中已有燃油车,增购,家中已有燃油车,90-160万,流失/转向竞品,1-2个月,企业/业务需求,配偶；KOL/博主；车主评价,换新能源；家庭品质升级；低成本出行,充电便利场景；城市通勤,KOL评测；品牌直营店/4S店,是,售后服务；通勤舒适；豪华感/质感,希望在预算内获得更稳定的综合体验,权益透明度；售后网络是否成熟；保值率,迈巴赫S级；宝马7系；奥迪A8,已购,是,,受访者关注售后服务，主要用于充电便利场景；同时对权益透明度仍有疑问，决策中会对比迈巴赫S级；宝马7系；奥迪A8。,先围绕充电便利场景场景切入，再把售后服务转化为可感知体验；对权益透明度需结合竞品对比和真实用车成本解释。,公开资料方向拟定/模拟问卷样本,基于车型定位、价格段、能源形式、公开车主口碑和公开用户画像报告拟定；仅用于产品Demo，不代表真实调研结果。,2024增换购用户需求洞察｜汽车之家研究院,https://www.autohome.com.cn/news/202409/1300865.html
S091-04,保时捷,Taycan,Taycan,91.80-156.80万,100万以上,纯电动,轿车,中大型,4座,陕西省,2026-07-14,36-40岁,男,私营业主/个体经营者,50-80万,商务/个人用车,3人,否,是,BBA/传统豪华车,换购,BBA/传统豪华车,90-160万,已试驾,2个月以上,本人+配偶,车主评价；朋友/同事；销售顾问,换新能源；商务接待；家庭出行升级,城市通勤；充电便利场景；商务接待,懂车帝/汽车之家口碑；朋友/同事推荐；品牌直营店/4S店,是,品牌认知；安全性；驾驶质感；低使用成本,在意品牌形象和商务/社交场景认可度,补能是否方便；竞品是否更强；保值率,宝马7系；奥迪A8,已购,是,,受访者关注品牌认知，主要用于城市通勤；同时对补能是否方便仍有疑问，决策中会对比宝马7系；奥迪A8。,先围绕城市通勤场景切入，再把品牌认知转化为可感知体验；对补能是否方便需结合竞品对比和真实用车成本解释。,公开资料方向拟定/模拟问卷样本,基于车型定位、价格段、能源形式、公开车主口碑和公开用户画像报告拟定；仅用于产品Demo，不代表真实调研结果。,2024增换购用户需求洞察｜汽车之家研究院,https://www.autohome.com.cn/news/202409/1300865.html
S091-05,保时捷,Taycan,Taycan,91.80-156.80万,100万以上,纯电动,轿车,中大型,4座,浙江省,2026-08-22,31-35岁,男,企业高管/企业主,100万以上,商务/个人用车,5人及以上,否,否,家中已有燃油车,增购,家中已有燃油车,90-160万,已购/用车复盘,1-2个月,本人+配偶,KOL/博主；车主评价；朋友/同事,家庭出行升级；家庭品质升级,周末短途；充电便利场景,小红书/抖音内容；懂车帝/汽车之家口碑；车主群/社群讨论,是,保值率；驾驶质感；售后服务,希望在预算内获得更稳定的综合体验,后备厢空间；售后维修成本,奥迪A8；尊界S800,继续比较,待定,,受访者关注保值率，主要用于周末短途；同时对后备厢空间仍有疑问，决策中会对比奥迪A8；尊界S800。,先围绕周末短途场景切入，再把保值率转化为可感知体验；对后备厢空间需结合竞品对比和真实用车成本解释。,公开资料方向拟定/模拟问卷样本,基于车型定位、价格段、能源形式、公开车主口碑和公开用户画像报告拟定；仅用于产品Demo，不代表真实调研结果。,2024增换购用户需求洞察｜汽车之家研究院,https://www.autohome.com.cn/news/202409/1300865.html
S091-06,保时捷,Taycan,Taycan,91.80-156.80万,100万以上,纯电动,轿车,中大型,4座,浙江省,2026-06-20,41-45岁,女,企业高管/企业主,100万以上,已婚无孩,4人,否,是,BBA/传统豪华车,换购,BBA/传统豪华车,90-160万,流失/转向竞品,1-2个月,企业/业务需求,朋友/同事；配偶；KOL/博主,空间升级；商务接待,充电便利场景；城市通勤,懂车帝/汽车之家口碑；小红书/抖音内容；品牌直营店/4S店,是,通勤舒适；豪华感/质感；价格权益,希望同预算下配置和权益更划算,价格是否值得；后排空间是否够用,尊界S800；雷克萨斯LS；迈巴赫S级,继续比较,待定,,受访者关注通勤舒适，主要用于充电便利场景；同时对价格是否值得仍有疑问，决策中会对比尊界S800；雷克萨斯LS；迈巴赫S级。,先围绕充电便利场景场景切入，再把通勤舒适转化为可感知体验；对价格是否值得需结合竞品对比和真实用车成本解释。,公开资料方向拟定/模拟问卷样本,基于车型定位、价格段、能源形式、公开车主口碑和公开用户画像报告拟定；仅用于产品Demo，不代表真实调研结果。,2024增换购用户需求洞察｜汽车之家研究院,https://www.autohome.com.cn/news/202409/1300865.html
S091-07,保时捷,Taycan,Taycan,91.80-156.80万,100万以上,纯电动,轿车,中大型,4座,山东省,2026-06-22,31-35岁,女,私营业主/个体经营者,100万以上,已婚一孩,1人,是,否,家中已有燃油车,增购,家中已有燃油车,90-160万,对比评估,1-2个月,企业/业务需求,车主评价；配偶,家庭品质升级；低成本出行；通勤代步,城市通勤；充电便利场景；家庭出行,小红书/抖音内容；车主群/社群讨论,是,智能座舱；保值率；空间舒适；价格权益,希望兼顾家人乘坐和周末出行；希望同预算下配置和权益更划算,后备厢空间；续航达成率,雷克萨斯LS；迈巴赫S级,已购,是,,受访者关注智能座舱，主要用于城市通勤；同时对后备厢空间仍有疑问，决策中会对比雷克萨斯LS；迈巴赫S级。,先围绕城市通勤场景切入，再把智能座舱转化为可感知体验；对后备厢空间需结合竞品对比和真实用车成本解释。,公开资料方向拟定/模拟问卷样本,基于车型定位、价格段、能源形式、公开车主口碑和公开用户画像报告拟定；仅用于产品Demo，不代表真实调研结果。,2024增换购用户需求洞察｜汽车之家研究院,https://www.autohome.com.cn/news/202409/1300865.html
S091-08,保时捷,Taycan,Taycan,91.80-156.80万,100万以上,纯电动,轿车,中大型,4座,山东省,2026-07-01,41-45岁,男,私营业主/个体经营者,80-100万,已婚无孩,3人,否,否,BBA/传统豪华车,换购,BBA/传统豪华车,90-160万,对比评估,1-2个月,本人+配偶,配偶；车主评价,换新能源；商务接待；品牌升级,城市通勤；商务接待；周末短途,懂车帝/汽车之家口碑；朋友/同事推荐,是,智能驾驶；豪华感/质感；空间舒适；保值率,希望兼顾家人乘坐和周末出行；希望降低通勤和长途驾驶压力,续航达成率；后排空间是否够用；补能是否方便,迈巴赫S级；宝马7系,已购,是,,受访者关注智能驾驶，主要用于城市通勤；同时对续航达成率仍有疑问，决策中会对比迈巴赫S级；宝马7系。,先围绕城市通勤场景切入，再把智能驾驶转化为可感知体验；对续航达成率需结合竞品对比和真实用车成本解释。,公开资料方向拟定/模拟问卷样本,基于车型定位、价格段、能源形式、公开车主口碑和公开用户画像报告拟定；仅用于产品Demo，不代表真实调研结果。,2024增换购用户需求洞察｜汽车之家研究院,https://www.autohome.com.cn/news/202409/1300865.html
S092-01,路虎(进口),揽胜,揽胜,141.20-333.90万,100万以上,传统燃料；常规混合动力,SUV,中大型,4座,浙江省,2026-06-19,46岁以上,女,中基层管理者,80-100万,已婚二孩及以上,1人,是,是,BBA/传统豪华车,换购,BBA/传统豪华车,140-340万,流失/转向竞品,2周-1个月,本人,KOL/博主；父母,商务接待；空间升级；品牌升级,周末短途；城市通勤,品牌直营店/4S店；朋友/同事推荐；小红书/抖音内容,是,品牌认知；保值率；安全性；空间舒适,希望兼顾家人乘坐和周末出行；在意品牌形象和商务/社交场景认可度,油耗是否偏高；高端服务体验；竞品是否更强,路虎卫士；揽胜运动,继续比较,待定,,受访者关注品牌认知，主要用于周末短途；同时对油耗是否偏高仍有疑问，决策中会对比路虎卫士；揽胜运动。,先围绕周末短途场景切入，再把品牌认知转化为可感知体验；对油耗是否偏高需结合竞品对比和真实用车成本解释。,公开资料方向拟定/模拟问卷样本,基于车型定位、价格段、能源形式、公开车主口碑和公开用户画像报告拟定；仅用于产品Demo，不代表真实调研结果。,2024增换购用户需求洞察｜汽车之家研究院,https://www.autohome.com.cn/news/202409/1300865.html
S092-02,路虎(进口),揽胜,揽胜,141.20-333.90万,100万以上,传统燃料；常规混合动力,SUV,中大型,4座,河南省,2026-06-05,36-40岁,男,企业高管/企业主,100万以上,三代同堂,5人及以上,是,是,BBA/传统豪华车,换购,BBA/传统豪华车,140-340万,已试驾,2个月以上,企业/业务需求,配偶；父母,换新能源；商务接待；家庭品质升级,周末短途；城市通勤；家庭出行,品牌直营店/4S店；懂车帝/汽车之家口碑；车主群/社群讨论,否,安全性；空间舒适；驾驶质感；品牌认知,希望兼顾家人乘坐和周末出行；在意品牌形象和商务/社交场景认可度,价格是否值得；售后维修成本；油耗是否偏高,揽胜运动；Cayenne,价格合适会买,待定,,受访者关注安全性，主要用于周末短途；同时对价格是否值得仍有疑问，决策中会对比揽胜运动；Cayenne。,先围绕周末短途场景切入，再把安全性转化为可感知体验；对价格是否值得需结合竞品对比和真实用车成本解释。,公开资料方向拟定/模拟问卷样本,基于车型定位、价格段、能源形式、公开车主口碑和公开用户画像报告拟定；仅用于产品Demo，不代表真实调研结果。,2024增换购用户需求洞察｜汽车之家研究院,https://www.autohome.com.cn/news/202409/1300865.html
S092-03,路虎(进口),揽胜,揽胜,141.20-333.90万,100万以上,传统燃料；常规混合动力,SUV,中大型,4座,湖南省,2026-06-13,36-40岁,女,私营业主/个体经营者,100万以上,三代同堂,4人,是,是,BBA/传统豪华车,换购,BBA/传统豪华车,140-340万,对比评估,1-2个月,本人+配偶,KOL/博主；配偶,空间升级；换新能源；家庭出行升级,家庭出行；城市通勤；周末短途,懂车帝/汽车之家口碑；车主群/社群讨论,是,售后服务；可靠性；乘坐舒适,希望在预算内获得更稳定的综合体验,油耗是否偏高；车机/智能化是否落后,Cayenne；雷克萨斯LX；Taycan,倾向本品,待定,,受访者关注售后服务，主要用于家庭出行；同时对油耗是否偏高仍有疑问，决策中会对比Cayenne；雷克萨斯LX；Taycan。,先围绕家庭出行场景切入，再把售后服务转化为可感知体验；对油耗是否偏高需结合竞品对比和真实用车成本解释。,公开资料方向拟定/模拟问卷样本,基于车型定位、价格段、能源形式、公开车主口碑和公开用户画像报告拟定；仅用于产品Demo，不代表真实调研结果。,2024增换购用户需求洞察｜汽车之家研究院,https://www.autohome.com.cn/news/202409/1300865.html
S092-04,路虎(进口),揽胜,揽胜,141.20-333.90万,100万以上,传统燃料；常规混合动力,SUV,中大型,4座,陕西省,2026-08-01,36-40岁,男,私营业主/个体经营者,100万以上,已婚一孩,3人,是,否,BBA/传统豪华车,换购,BBA/传统豪华车,140-340万,已下订,1-2个月,本人+配偶,父母；KOL/博主；配偶,通勤代步；家庭出行升级,城市通勤；周末短途,懂车帝/汽车之家口碑；品牌直营店/4S店,是,豪华感/质感；保值率；安全性；驾驶质感,希望在预算内获得更稳定的综合体验,保养维修费用；竞品是否更强；售后维修成本,雷克萨斯LX；Taycan,倾向本品,待定,,受访者关注豪华感/质感，主要用于城市通勤；同时对保养维修费用仍有疑问，决策中会对比雷克萨斯LX；Taycan。,先围绕城市通勤场景切入，再把豪华感/质感转化为可感知体验；对保养维修费用需结合竞品对比和真实用车成本解释。,公开资料方向拟定/模拟问卷样本,基于车型定位、价格段、能源形式、公开车主口碑和公开用户画像报告拟定；仅用于产品Demo，不代表真实调研结果。,2024增换购用户需求洞察｜汽车之家研究院,https://www.autohome.com.cn/news/202409/1300865.html
S092-05,路虎(进口),揽胜,揽胜,141.20-333.90万,100万以上,传统燃料；常规混合动力,SUV,中大型,4座,江苏省,2026-07-20,46岁以上,男,私营业主/个体经营者,80-100万,三代同堂,4人,是,是,家中已有燃油车,增购,家中已有燃油车,140-340万,对比评估,1-2个月,家庭共同决策,子女；KOL/博主；父母,空间升级；商务接待,城市通勤；家庭出行；周末短途,朋友/同事推荐；KOL评测,否,豪华感/质感；售后服务；安全性,希望在预算内获得更稳定的综合体验,保值率；权益透明度,Taycan；路虎卫士,价格合适会买,待定,,受访者关注豪华感/质感，主要用于城市通勤；同时对保值率仍有疑问，决策中会对比Taycan；路虎卫士。,先围绕城市通勤场景切入，再把豪华感/质感转化为可感知体验；对保值率需结合竞品对比和真实用车成本解释。,公开资料方向拟定/模拟问卷样本,基于车型定位、价格段、能源形式、公开车主口碑和公开用户画像报告拟定；仅用于产品Demo，不代表真实调研结果。,2024增换购用户需求洞察｜汽车之家研究院,https://www.autohome.com.cn/news/202409/1300865.html
S092-06,路虎(进口),揽胜,揽胜,141.20-333.90万,100万以上,传统燃料；常规混合动力,SUV,中大型,4座,湖南省,2026-07-01,46岁以上,不便透露,企业高管/企业主,100万以上,三代同堂,4人,是,是,家中已有新能源车,增购,家中已有新能源车,140-340万,已购/用车复盘,1-2个月,家庭共同决策,KOL/博主；配偶,商务接待；家庭品质升级；品牌升级,城市通勤；家庭出行,朋友/同事推荐；懂车帝/汽车之家口碑；小红书/抖音内容,是,乘坐舒适；豪华感/质感；品牌认知；保值率,在意品牌形象和商务/社交场景认可度,价格是否值得；油耗是否偏高；高端服务体验,路虎卫士；揽胜运动；Cayenne,价格合适会买,待定,,受访者关注乘坐舒适，主要用于城市通勤；同时对价格是否值得仍有疑问，决策中会对比路虎卫士；揽胜运动；Cayenne。,先围绕城市通勤场景切入，再把乘坐舒适转化为可感知体验；对价格是否值得需结合竞品对比和真实用车成本解释。,公开资料方向拟定/模拟问卷样本,基于车型定位、价格段、能源形式、公开车主口碑和公开用户画像报告拟定；仅用于产品Demo，不代表真实调研结果。,2024增换购用户需求洞察｜汽车之家研究院,https://www.autohome.com.cn/news/202409/1300865.html
S092-07,路虎(进口),揽胜,揽胜,141.20-333.90万,100万以上,传统燃料；常规混合动力,SUV,中大型,4座,福建省,2026-08-16,36-40岁,男,企业高管/企业主,80-100万,三代同堂,2人,是,是,家中已有燃油车,增购,家中已有燃油车,140-340万,对比评估,2个月以上,家庭共同决策,配偶；父母；车主评价,换新能源；空间升级；家庭品质升级,城市通勤；周末短途,小红书/抖音内容；KOL评测,否,豪华感/质感；价格权益；乘坐舒适；可靠性,希望同预算下配置和权益更划算,保值率；售后维修成本；油耗是否偏高,揽胜运动；Cayenne,倾向本品,待定,,受访者关注豪华感/质感，主要用于城市通勤；同时对保值率仍有疑问，决策中会对比揽胜运动；Cayenne。,先围绕城市通勤场景切入，再把豪华感/质感转化为可感知体验；对保值率需结合竞品对比和真实用车成本解释。,公开资料方向拟定/模拟问卷样本,基于车型定位、价格段、能源形式、公开车主口碑和公开用户画像报告拟定；仅用于产品Demo，不代表真实调研结果。,2024增换购用户需求洞察｜汽车之家研究院,https://www.autohome.com.cn/news/202409/1300865.html
S092-08,路虎(进口),揽胜,揽胜,141.20-333.90万,100万以上,传统燃料；常规混合动力,SUV,中大型,4座,重庆市,2026-07-22,41-45岁,女,私营业主/个体经营者,80-100万,已婚一孩,5人及以上,是,否,BBA/传统豪华车,换购,BBA/传统豪华车,140-340万,对比评估,2周-1个月,家庭共同决策,子女；车主评价；KOL/博主,空间升级；商务接待；家庭出行升级,城市通勤；家庭出行,懂车帝/汽车之家口碑；品牌直营店/4S店；小红书/抖音内容,否,售后服务；空间舒适；驾驶质感,希望兼顾家人乘坐和周末出行,车机/智能化是否落后；价格是否值得,Cayenne；雷克萨斯LX,倾向本品,待定,,受访者关注售后服务，主要用于城市通勤；同时对车机/智能化是否落后仍有疑问，决策中会对比Cayenne；雷克萨斯LX。,先围绕城市通勤场景切入，再把售后服务转化为可感知体验；对车机/智能化是否落后需结合竞品对比和真实用车成本解释。,公开资料方向拟定/模拟问卷样本,基于车型定位、价格段、能源形式、公开车主口碑和公开用户画像报告拟定；仅用于产品Demo，不代表真实调研结果。,2024增换购用户需求洞察｜汽车之家研究院,https://www.autohome.com.cn/news/202409/1300865.html
S093-01,梅赛德斯,迈巴赫S级,迈巴赫S级,121.70-364.30万,100万以上,传统燃料；常规混合动力,轿车,大型,4座；5座,湖南省,2026-08-18,46岁以上,不便透露,企业高管/企业主,80-100万,已婚无孩,1人,否,否,BBA/传统豪华车,换购,BBA/传统豪华车,120-370万,价格谈判,1-2个月,本人,KOL/博主；朋友/同事,空间升级；家庭出行升级,家庭出行；周末短途,品牌直营店/4S店；懂车帝/汽车之家口碑；KOL评测,是,可靠性；乘坐舒适；外观设计；通勤舒适,希望在预算内获得更稳定的综合体验,高端服务体验；保养维修费用；竞品是否更强,奥迪A8；Panamera,已下订,是,,受访者关注可靠性，主要用于家庭出行；同时对高端服务体验仍有疑问，决策中会对比奥迪A8；Panamera。,先围绕家庭出行场景切入，再把可靠性转化为可感知体验；对高端服务体验需结合竞品对比和真实用车成本解释。,公开资料方向拟定/模拟问卷样本,基于车型定位、价格段、能源形式、公开车主口碑和公开用户画像报告拟定；仅用于产品Demo，不代表真实调研结果。,2024增换购用户需求洞察｜汽车之家研究院,https://www.autohome.com.cn/news/202409/1300865.html
S093-02,梅赛德斯,迈巴赫S级,迈巴赫S级,121.70-364.30万,100万以上,传统燃料；常规混合动力,轿车,大型,4座；5座,湖北省,2026-07-12,41-45岁,女,企业高管/企业主,100万以上,商务/个人用车,3人,否,否,家中已有新能源车,增购,家中已有新能源车,120-370万,已下订,1-2个月,本人+配偶,KOL/博主；销售顾问,家庭出行升级；商务接待,家庭出行；商务接待；周末短途,品牌直营店/4S店；车主群/社群讨论；KOL评测,否,驾驶质感；乘坐舒适；安全性；外观设计,希望在预算内获得更稳定的综合体验,价格是否值得；车机/智能化是否落后；保养维修费用,Panamera；尊界S800,继续比较,待定,,受访者关注驾驶质感，主要用于家庭出行；同时对价格是否值得仍有疑问，决策中会对比Panamera；尊界S800。,先围绕家庭出行场景切入，再把驾驶质感转化为可感知体验；对价格是否值得需结合竞品对比和真实用车成本解释。,公开资料方向拟定/模拟问卷样本,基于车型定位、价格段、能源形式、公开车主口碑和公开用户画像报告拟定；仅用于产品Demo，不代表真实调研结果。,2024增换购用户需求洞察｜汽车之家研究院,https://www.autohome.com.cn/news/202409/1300865.html
S093-03,梅赛德斯,迈巴赫S级,迈巴赫S级,121.70-364.30万,100万以上,传统燃料；常规混合动力,轿车,大型,4座；5座,江苏省,2026-07-16,41-45岁,男,私营业主/个体经营者,80-100万,已婚一孩,2人,是,否,无车,首购,无车,120-370万,已试驾,1-2个月,本人,子女；车主评价,家庭品质升级；品牌升级；换新能源,商务接待；家庭出行,小红书/抖音内容；品牌直营店/4S店；懂车帝/汽车之家口碑,是,外观设计；安全性；通勤舒适；可靠性,希望在预算内获得更稳定的综合体验,油耗是否偏高；保值率；售后维修成本,尊界S800；奔驰S级；Taycan,继续比较,待定,,受访者关注外观设计，主要用于商务接待；同时对油耗是否偏高仍有疑问，决策中会对比尊界S800；奔驰S级；Taycan。,先围绕商务接待场景切入，再把外观设计转化为可感知体验；对油耗是否偏高需结合竞品对比和真实用车成本解释。,公开资料方向拟定/模拟问卷样本,基于车型定位、价格段、能源形式、公开车主口碑和公开用户画像报告拟定；仅用于产品Demo，不代表真实调研结果。,2024增换购用户需求洞察｜汽车之家研究院,https://www.autohome.com.cn/news/202409/1300865.html
S093-04,梅赛德斯,迈巴赫S级,迈巴赫S级,121.70-364.30万,100万以上,传统燃料；常规混合动力,轿车,大型,4座；5座,安徽省,2026-07-26,41-45岁,女,金融/地产从业者,100万以上,商务/个人用车,5人及以上,否,否,BBA/传统豪华车,换购,BBA/传统豪华车,120-370万,初步了解,2个月以上,本人,车主评价；KOL/博主,空间升级；换新能源,周末短途；商务接待；城市通勤,品牌直营店/4S店；懂车帝/汽车之家口碑,是,售后服务；乘坐舒适；驾驶质感,希望在预算内获得更稳定的综合体验,车机/智能化是否落后；竞品是否更强；底盘舒适性,奔驰S级；Taycan,继续比较,待定,,受访者关注售后服务，主要用于周末短途；同时对车机/智能化是否落后仍有疑问，决策中会对比奔驰S级；Taycan。,先围绕周末短途场景切入，再把售后服务转化为可感知体验；对车机/智能化是否落后需结合竞品对比和真实用车成本解释。,公开资料方向拟定/模拟问卷样本,基于车型定位、价格段、能源形式、公开车主口碑和公开用户画像报告拟定；仅用于产品Demo，不代表真实调研结果。,2024增换购用户需求洞察｜汽车之家研究院,https://www.autohome.com.cn/news/202409/1300865.html
S093-05,梅赛德斯,迈巴赫S级,迈巴赫S级,121.70-364.30万,100万以上,传统燃料；常规混合动力,轿车,大型,4座；5座,湖北省,2026-06-11,31-35岁,女,金融/地产从业者,80-100万,已婚一孩,3人,是,是,BBA/传统豪华车,换购,BBA/传统豪华车,120-370万,已试驾,1-2个月,本人,父母；子女,换新能源；品牌升级；商务接待,商务接待；家庭出行,小红书/抖音内容；懂车帝/汽车之家口碑,是,豪华感/质感；品牌认知；外观设计,在意品牌形象和商务/社交场景认可度,价格是否值得；后排空间是否够用,Taycan；奥迪A8,已下订,是,,受访者关注豪华感/质感，主要用于商务接待；同时对价格是否值得仍有疑问，决策中会对比Taycan；奥迪A8。,先围绕商务接待场景切入，再把豪华感/质感转化为可感知体验；对价格是否值得需结合竞品对比和真实用车成本解释。,公开资料方向拟定/模拟问卷样本,基于车型定位、价格段、能源形式、公开车主口碑和公开用户画像报告拟定；仅用于产品Demo，不代表真实调研结果。,2024增换购用户需求洞察｜汽车之家研究院,https://www.autohome.com.cn/news/202409/1300865.html
S093-06,梅赛德斯,迈巴赫S级,迈巴赫S级,121.70-364.30万,100万以上,传统燃料；常规混合动力,轿车,大型,4座；5座,上海市,2026-07-27,46岁以上,女,私营业主/个体经营者,80-100万,已婚一孩,2人,是,否,家中已有新能源车,增购,家中已有新能源车,120-370万,流失/转向竞品,1-2个月,本人,子女；车主评价,通勤代步；换新能源；家庭品质升级,城市通勤；商务接待,品牌直营店/4S店；车主群/社群讨论；朋友/同事推荐,否,豪华感/质感；外观设计；安全性；售后服务,希望在预算内获得更稳定的综合体验,保养维修费用；车机/智能化是否落后,奥迪A8；Panamera；尊界S800,价格合适会买,待定,,受访者关注豪华感/质感，主要用于城市通勤；同时对保养维修费用仍有疑问，决策中会对比奥迪A8；Panamera；尊界S800。,先围绕城市通勤场景切入，再把豪华感/质感转化为可感知体验；对保养维修费用需结合竞品对比和真实用车成本解释。,公开资料方向拟定/模拟问卷样本,基于车型定位、价格段、能源形式、公开车主口碑和公开用户画像报告拟定；仅用于产品Demo，不代表真实调研结果。,2024增换购用户需求洞察｜汽车之家研究院,https://www.autohome.com.cn/news/202409/1300865.html
S093-07,梅赛德斯,迈巴赫S级,迈巴赫S级,121.70-364.30万,100万以上,传统燃料；常规混合动力,轿车,大型,4座；5座,河南省,2026-06-05,31-35岁,不便透露,企业高管/企业主,100万以上,商务/个人用车,5人及以上,否,否,家中已有燃油车,增购,家中已有燃油车,120-370万,价格谈判,2个月以上,本人,KOL/博主；朋友/同事；车主评价,家庭出行升级；家庭品质升级,商务接待；周末短途；城市通勤,小红书/抖音内容；KOL评测,是,安全性；外观设计；通勤舒适；可靠性,希望在预算内获得更稳定的综合体验,售后维修成本；车机/智能化是否落后,Panamera；尊界S800,倾向本品,待定,,受访者关注安全性，主要用于商务接待；同时对售后维修成本仍有疑问，决策中会对比Panamera；尊界S800。,先围绕商务接待场景切入，再把安全性转化为可感知体验；对售后维修成本需结合竞品对比和真实用车成本解释。,公开资料方向拟定/模拟问卷样本,基于车型定位、价格段、能源形式、公开车主口碑和公开用户画像报告拟定；仅用于产品Demo，不代表真实调研结果。,2024增换购用户需求洞察｜汽车之家研究院,https://www.autohome.com.cn/news/202409/1300865.html
S093-08,梅赛德斯,迈巴赫S级,迈巴赫S级,121.70-364.30万,100万以上,传统燃料；常规混合动力,轿车,大型,4座；5座,山东省,2026-06-04,41-45岁,女,私营业主/个体经营者,80-100万,已婚二孩及以上,2人,是,否,无车,首购,无车,120-370万,已试驾,1-2个月,本人,KOL/博主；车主评价,换新能源；品牌升级,商务接待；家庭出行；城市通勤,品牌直营店/4S店；小红书/抖音内容；朋友/同事推荐,是,可靠性；乘坐舒适；售后服务,希望在预算内获得更稳定的综合体验,权益透明度；高端服务体验；价格是否值得,尊界S800；奔驰S级,倾向本品,待定,,受访者关注可靠性，主要用于商务接待；同时对权益透明度仍有疑问，决策中会对比尊界S800；奔驰S级。,先围绕商务接待场景切入，再把可靠性转化为可感知体验；对权益透明度需结合竞品对比和真实用车成本解释。,公开资料方向拟定/模拟问卷样本,基于车型定位、价格段、能源形式、公开车主口碑和公开用户画像报告拟定；仅用于产品Demo，不代表真实调研结果。,2024增换购用户需求洞察｜汽车之家研究院,https://www.autohome.com.cn/news/202409/1300865.html
S094-01,奔驰(进口),奔驰G级,奔驰G级,186.80万,100万以上,常规混合动力,SUV,中大型,5座,四川省,2026-08-06,36-40岁,男,私营业主/个体经营者,100万以上,已婚无孩,3人,否,否,BBA/传统豪华车,换购,BBA/传统豪华车,180-190万,已下订,1-2个月,本人,KOL/博主；配偶；车主评价,通勤代步；商务接待,家庭出行；城市通勤,朋友/同事推荐；品牌直营店/4S店；KOL评测,否,可靠性；驾驶质感；豪华感/质感；空间舒适,希望兼顾家人乘坐和周末出行,价格是否值得；保值率,路虎卫士；奥迪A8,继续比较,待定,,受访者关注可靠性，主要用于家庭出行；同时对价格是否值得仍有疑问，决策中会对比路虎卫士；奥迪A8。,先围绕家庭出行场景切入，再把可靠性转化为可感知体验；对价格是否值得需结合竞品对比和真实用车成本解释。,公开资料方向拟定/模拟问卷样本,基于车型定位、价格段、能源形式、公开车主口碑和公开用户画像报告拟定；仅用于产品Demo，不代表真实调研结果。,2024增换购用户需求洞察｜汽车之家研究院,https://www.autohome.com.cn/news/202409/1300865.html
S094-02,奔驰(进口),奔驰G级,奔驰G级,186.80万,100万以上,常规混合动力,SUV,中大型,5座,山东省,2026-06-01,36-40岁,女,企业高管/企业主,100万以上,已婚无孩,5人及以上,否,是,BBA/传统豪华车,换购,BBA/传统豪华车,180-190万,已试驾,2个月以上,家庭共同决策,KOL/博主；朋友/同事；配偶,家庭出行升级；换新能源,家庭出行；周末短途；城市通勤,KOL评测；懂车帝/汽车之家口碑；品牌直营店/4S店,是,价格权益；保值率；豪华感/质感；售后服务,希望同预算下配置和权益更划算,油耗是否偏高；权益透明度,奥迪A8；尊界S800,价格合适会买,待定,,受访者关注价格权益，主要用于家庭出行；同时对油耗是否偏高仍有疑问，决策中会对比奥迪A8；尊界S800。,先围绕家庭出行场景切入，再把价格权益转化为可感知体验；对油耗是否偏高需结合竞品对比和真实用车成本解释。,公开资料方向拟定/模拟问卷样本,基于车型定位、价格段、能源形式、公开车主口碑和公开用户画像报告拟定；仅用于产品Demo，不代表真实调研结果。,2024增换购用户需求洞察｜汽车之家研究院,https://www.autohome.com.cn/news/202409/1300865.html
S094-03,奔驰(进口),奔驰G级,奔驰G级,186.80万,100万以上,常规混合动力,SUV,中大型,5座,浙江省,2026-08-17,41-45岁,女,企业高管/企业主,100万以上,已婚一孩,4人,是,是,BBA/传统豪华车,换购,BBA/传统豪华车,180-190万,已试驾,2个月以上,本人+配偶,子女；车主评价；KOL/博主,家庭出行升级；品牌升级；通勤代步,家庭出行；周末短途；城市通勤,小红书/抖音内容；KOL评测,是,价格权益；空间舒适；品牌认知,希望兼顾家人乘坐和周末出行；在意品牌形象和商务/社交场景认可度；希望同预算下配置和权益更划算,竞品是否更强；保养维修费用；高端服务体验,尊界S800；奔驰S级；宝马7系,倾向本品,待定,,受访者关注价格权益，主要用于家庭出行；同时对竞品是否更强仍有疑问，决策中会对比尊界S800；奔驰S级；宝马7系。,先围绕家庭出行场景切入，再把价格权益转化为可感知体验；对竞品是否更强需结合竞品对比和真实用车成本解释。,公开资料方向拟定/模拟问卷样本,基于车型定位、价格段、能源形式、公开车主口碑和公开用户画像报告拟定；仅用于产品Demo，不代表真实调研结果。,2024增换购用户需求洞察｜汽车之家研究院,https://www.autohome.com.cn/news/202409/1300865.html
S094-04,奔驰(进口),奔驰G级,奔驰G级,186.80万,100万以上,常规混合动力,SUV,中大型,5座,广东省,2026-07-14,36-40岁,男,企业高管/企业主,50-80万,三代同堂,1人,是,是,家中已有新能源车,增购,家中已有新能源车,180-190万,已下订,1-2个月,家庭共同决策,子女；配偶,商务接待；家庭品质升级,家庭出行；周末短途；城市通勤,朋友/同事推荐；懂车帝/汽车之家口碑,是,空间舒适；驾驶质感；乘坐舒适；保值率,希望兼顾家人乘坐和周末出行,车机/智能化是否落后；高端服务体验；油耗是否偏高,奔驰S级；宝马7系,已下订,是,,受访者关注空间舒适，主要用于家庭出行；同时对车机/智能化是否落后仍有疑问，决策中会对比奔驰S级；宝马7系。,先围绕家庭出行场景切入，再把空间舒适转化为可感知体验；对车机/智能化是否落后需结合竞品对比和真实用车成本解释。,公开资料方向拟定/模拟问卷样本,基于车型定位、价格段、能源形式、公开车主口碑和公开用户画像报告拟定；仅用于产品Demo，不代表真实调研结果。,2024增换购用户需求洞察｜汽车之家研究院,https://www.autohome.com.cn/news/202409/1300865.html
S094-05,奔驰(进口),奔驰G级,奔驰G级,186.80万,100万以上,常规混合动力,SUV,中大型,5座,重庆市,2026-08-17,46岁以上,不便透露,企业高管/企业主,100万以上,三代同堂,4人,是,是,BBA/传统豪华车,换购,BBA/传统豪华车,180-190万,价格谈判,1-2个月,企业/业务需求,配偶；子女,家庭出行升级；空间升级,家庭出行；城市通勤；周末短途,朋友/同事推荐；车主群/社群讨论,是,豪华感/质感；品牌认知；驾驶质感,在意品牌形象和商务/社交场景认可度,权益透明度；保养维修费用,宝马7系；路虎卫士,继续比较,待定,,受访者关注豪华感/质感，主要用于家庭出行；同时对权益透明度仍有疑问，决策中会对比宝马7系；路虎卫士。,先围绕家庭出行场景切入，再把豪华感/质感转化为可感知体验；对权益透明度需结合竞品对比和真实用车成本解释。,公开资料方向拟定/模拟问卷样本,基于车型定位、价格段、能源形式、公开车主口碑和公开用户画像报告拟定；仅用于产品Demo，不代表真实调研结果。,2024增换购用户需求洞察｜汽车之家研究院,https://www.autohome.com.cn/news/202409/1300865.html
S094-06,奔驰(进口),奔驰G级,奔驰G级,186.80万,100万以上,常规混合动力,SUV,中大型,5座,广东省,2026-08-13,31-35岁,女,企业高管/企业主,80-100万,已婚无孩,5人及以上,否,否,BBA/传统豪华车,换购,BBA/传统豪华车,180-190万,已试驾,1-2个月,本人+配偶,配偶；车主评价；KOL/博主,品牌升级；换新能源；家庭出行升级,周末短途；家庭出行,小红书/抖音内容；KOL评测；车主群/社群讨论,是,安全性；保值率；驾驶质感；售后服务,希望在预算内获得更稳定的综合体验,高端服务体验；保值率；车机/智能化是否落后,路虎卫士；奥迪A8；尊界S800,已购,是,,受访者关注安全性，主要用于周末短途；同时对高端服务体验仍有疑问，决策中会对比路虎卫士；奥迪A8；尊界S800。,先围绕周末短途场景切入，再把安全性转化为可感知体验；对高端服务体验需结合竞品对比和真实用车成本解释。,公开资料方向拟定/模拟问卷样本,基于车型定位、价格段、能源形式、公开车主口碑和公开用户画像报告拟定；仅用于产品Demo，不代表真实调研结果。,2024增换购用户需求洞察｜汽车之家研究院,https://www.autohome.com.cn/news/202409/1300865.html
S094-07,奔驰(进口),奔驰G级,奔驰G级,186.80万,100万以上,常规混合动力,SUV,中大型,5座,福建省,2026-07-17,41-45岁,男,私营业主/个体经营者,100万以上,已婚二孩及以上,3人,是,否,家中已有燃油车,增购,家中已有燃油车,180-190万,已试驾,1-2个月,本人+配偶,子女；车主评价,空间升级；换新能源,周末短途；家庭出行,朋友/同事推荐；车主群/社群讨论,是,保值率；乘坐舒适；空间舒适；售后服务,希望兼顾家人乘坐和周末出行,高端服务体验；车机/智能化是否落后,奥迪A8；尊界S800,倾向本品,待定,,受访者关注保值率，主要用于周末短途；同时对高端服务体验仍有疑问，决策中会对比奥迪A8；尊界S800。,先围绕周末短途场景切入，再把保值率转化为可感知体验；对高端服务体验需结合竞品对比和真实用车成本解释。,公开资料方向拟定/模拟问卷样本,基于车型定位、价格段、能源形式、公开车主口碑和公开用户画像报告拟定；仅用于产品Demo，不代表真实调研结果。,2024增换购用户需求洞察｜汽车之家研究院,https://www.autohome.com.cn/news/202409/1300865.html
S094-08,奔驰(进口),奔驰G级,奔驰G级,186.80万,100万以上,常规混合动力,SUV,中大型,5座,北京市,2026-07-07,36-40岁,女,中基层管理者,100万以上,三代同堂,4人,是,是,BBA/传统豪华车,换购,BBA/传统豪华车,180-190万,对比评估,1-2个月,家庭共同决策,父母；子女,空间升级；通勤代步；品牌升级,城市通勤；家庭出行；周末短途,小红书/抖音内容；懂车帝/汽车之家口碑,否,可靠性；乘坐舒适；驾驶质感,希望在预算内获得更稳定的综合体验,保养维修费用；油耗是否偏高；价格是否值得,尊界S800；奔驰S级,倾向本品,待定,,受访者关注可靠性，主要用于城市通勤；同时对保养维修费用仍有疑问，决策中会对比尊界S800；奔驰S级。,先围绕城市通勤场景切入，再把可靠性转化为可感知体验；对保养维修费用需结合竞品对比和真实用车成本解释。,公开资料方向拟定/模拟问卷样本,基于车型定位、价格段、能源形式、公开车主口碑和公开用户画像报告拟定；仅用于产品Demo，不代表真实调研结果。,2024增换购用户需求洞察｜汽车之家研究院,https://www.autohome.com.cn/news/202409/1300865.html
S095-01,梅赛德斯,奔驰G级AMG,奔驰G级AMG,259.55万,100万以上,常规混合动力,SUV,中大型,5座,广东省,2026-07-23,36-40岁,女,企业高管/企业主,80-100万,三代同堂,2人,是,是,BBA/传统豪华车,换购,BBA/传统豪华车,250-260万,价格谈判,2周-1个月,本人+配偶,父母；车主评价,商务接待；品牌升级；换新能源,家庭出行；城市通勤,懂车帝/汽车之家口碑；朋友/同事推荐；KOL评测,是,驾驶质感；安全性；乘坐舒适,希望在预算内获得更稳定的综合体验,保养维修费用；权益透明度,路虎卫士；奥迪A8,价格合适会买,待定,,受访者关注驾驶质感，主要用于家庭出行；同时对保养维修费用仍有疑问，决策中会对比路虎卫士；奥迪A8。,先围绕家庭出行场景切入，再把驾驶质感转化为可感知体验；对保养维修费用需结合竞品对比和真实用车成本解释。,公开资料方向拟定/模拟问卷样本,基于车型定位、价格段、能源形式、公开车主口碑和公开用户画像报告拟定；仅用于产品Demo，不代表真实调研结果。,2024增换购用户需求洞察｜汽车之家研究院,https://www.autohome.com.cn/news/202409/1300865.html
S095-02,梅赛德斯,奔驰G级AMG,奔驰G级AMG,259.55万,100万以上,常规混合动力,SUV,中大型,5座,四川省,2026-08-07,41-45岁,男,企业高管/企业主,100万以上,已婚二孩及以上,3人,是,否,BBA/传统豪华车,换购,BBA/传统豪华车,250-260万,对比评估,1-2个月,家庭共同决策,配偶；车主评价；父母,空间升级；商务接待,周末短途；城市通勤；家庭出行,品牌直营店/4S店；KOL评测；小红书/抖音内容,是,价格权益；保值率；空间舒适；安全性,希望兼顾家人乘坐和周末出行；希望同预算下配置和权益更划算,油耗是否偏高；车机/智能化是否落后,奥迪A8；尊界S800,价格合适会买,待定,,受访者关注价格权益，主要用于周末短途；同时对油耗是否偏高仍有疑问，决策中会对比奥迪A8；尊界S800。,先围绕周末短途场景切入，再把价格权益转化为可感知体验；对油耗是否偏高需结合竞品对比和真实用车成本解释。,公开资料方向拟定/模拟问卷样本,基于车型定位、价格段、能源形式、公开车主口碑和公开用户画像报告拟定；仅用于产品Demo，不代表真实调研结果。,2024增换购用户需求洞察｜汽车之家研究院,https://www.autohome.com.cn/news/202409/1300865.html
S095-03,梅赛德斯,奔驰G级AMG,奔驰G级AMG,259.55万,100万以上,常规混合动力,SUV,中大型,5座,湖南省,2026-06-24,41-45岁,女,中基层管理者,100万以上,已婚二孩及以上,1人,是,否,BBA/传统豪华车,换购,BBA/传统豪华车,250-260万,已试驾,1-2个月,家庭共同决策,KOL/博主；子女,空间升级；商务接待；换新能源,城市通勤；周末短途；家庭出行,小红书/抖音内容；朋友/同事推荐,是,保值率；价格权益；乘坐舒适,希望同预算下配置和权益更划算,保值率；油耗是否偏高；高端服务体验,尊界S800；奔驰S级；宝马7系,价格合适会买,待定,,受访者关注保值率，主要用于城市通勤；同时对保值率仍有疑问，决策中会对比尊界S800；奔驰S级；宝马7系。,先围绕城市通勤场景切入，再把保值率转化为可感知体验；对保值率需结合竞品对比和真实用车成本解释。,公开资料方向拟定/模拟问卷样本,基于车型定位、价格段、能源形式、公开车主口碑和公开用户画像报告拟定；仅用于产品Demo，不代表真实调研结果。,2024增换购用户需求洞察｜汽车之家研究院,https://www.autohome.com.cn/news/202409/1300865.html
S095-04,梅赛德斯,奔驰G级AMG,奔驰G级AMG,259.55万,100万以上,常规混合动力,SUV,中大型,5座,广东省,2026-06-27,41-45岁,不便透露,私营业主/个体经营者,100万以上,已婚二孩及以上,1人,是,否,BBA/传统豪华车,换购,BBA/传统豪华车,250-260万,已购/用车复盘,2个月以上,本人+配偶,子女；KOL/博主；配偶,换新能源；品牌升级；空间升级,城市通勤；周末短途,品牌直营店/4S店；车主群/社群讨论,否,驾驶质感；品牌认知；可靠性；豪华感/质感,在意品牌形象和商务/社交场景认可度,油耗是否偏高；保值率,奔驰S级；宝马7系,已下订,是,,受访者关注驾驶质感，主要用于城市通勤；同时对油耗是否偏高仍有疑问，决策中会对比奔驰S级；宝马7系。,先围绕城市通勤场景切入，再把驾驶质感转化为可感知体验；对油耗是否偏高需结合竞品对比和真实用车成本解释。,公开资料方向拟定/模拟问卷样本,基于车型定位、价格段、能源形式、公开车主口碑和公开用户画像报告拟定；仅用于产品Demo，不代表真实调研结果。,2024增换购用户需求洞察｜汽车之家研究院,https://www.autohome.com.cn/news/202409/1300865.html
S095-05,梅赛德斯,奔驰G级AMG,奔驰G级AMG,259.55万,100万以上,常规混合动力,SUV,中大型,5座,四川省,2026-08-19,41-45岁,不便透露,私营业主/个体经营者,50-80万,已婚一孩,4人,是,是,家中已有燃油车,增购,家中已有燃油车,250-260万,已试驾,2个月以上,家庭共同决策,KOL/博主；子女,家庭品质升级；通勤代步；家庭出行升级,城市通勤；家庭出行；周末短途,KOL评测；小红书/抖音内容,是,品牌认知；安全性；豪华感/质感,在意品牌形象和商务/社交场景认可度,油耗是否偏高；售后维修成本,宝马7系；路虎卫士,已下订,是,,受访者关注品牌认知，主要用于城市通勤；同时对油耗是否偏高仍有疑问，决策中会对比宝马7系；路虎卫士。,先围绕城市通勤场景切入，再把品牌认知转化为可感知体验；对油耗是否偏高需结合竞品对比和真实用车成本解释。,公开资料方向拟定/模拟问卷样本,基于车型定位、价格段、能源形式、公开车主口碑和公开用户画像报告拟定；仅用于产品Demo，不代表真实调研结果。,2024增换购用户需求洞察｜汽车之家研究院,https://www.autohome.com.cn/news/202409/1300865.html
S095-06,梅赛德斯,奔驰G级AMG,奔驰G级AMG,259.55万,100万以上,常规混合动力,SUV,中大型,5座,安徽省,2026-07-02,36-40岁,男,金融/地产从业者,100万以上,已婚二孩及以上,3人,是,否,家中已有新能源车,增购,家中已有新能源车,250-260万,对比评估,1-2个月,企业/业务需求,KOL/博主；配偶,品牌升级；家庭品质升级；家庭出行升级,家庭出行；周末短途,朋友/同事推荐；懂车帝/汽车之家口碑；KOL评测,是,价格权益；可靠性；品牌认知；豪华感/质感,在意品牌形象和商务/社交场景认可度；希望同预算下配置和权益更划算,油耗是否偏高；高端服务体验,路虎卫士；奥迪A8；尊界S800,转向竞品,否,家人更认可竞品,受访者关注价格权益，主要用于家庭出行；同时对油耗是否偏高仍有疑问，决策中会对比路虎卫士；奥迪A8；尊界S800。,先围绕家庭出行场景切入，再把价格权益转化为可感知体验；对油耗是否偏高需结合竞品对比和真实用车成本解释。,公开资料方向拟定/模拟问卷样本,基于车型定位、价格段、能源形式、公开车主口碑和公开用户画像报告拟定；仅用于产品Demo，不代表真实调研结果。,2024增换购用户需求洞察｜汽车之家研究院,https://www.autohome.com.cn/news/202409/1300865.html
S095-07,梅赛德斯,奔驰G级AMG,奔驰G级AMG,259.55万,100万以上,常规混合动力,SUV,中大型,5座,湖南省,2026-07-04,46岁以上,女,中基层管理者,100万以上,三代同堂,3人,是,是,家中已有燃油车,增购,家中已有燃油车,250-260万,对比评估,1-2个月,本人+配偶,子女；车主评价；配偶,品牌升级；换新能源,家庭出行；城市通勤；周末短途,小红书/抖音内容；品牌直营店/4S店,否,豪华感/质感；价格权益；安全性；驾驶质感,希望同预算下配置和权益更划算,售后维修成本；权益透明度；油耗是否偏高,奥迪A8；尊界S800,倾向本品,待定,,受访者关注豪华感/质感，主要用于家庭出行；同时对售后维修成本仍有疑问，决策中会对比奥迪A8；尊界S800。,先围绕家庭出行场景切入，再把豪华感/质感转化为可感知体验；对售后维修成本需结合竞品对比和真实用车成本解释。,公开资料方向拟定/模拟问卷样本,基于车型定位、价格段、能源形式、公开车主口碑和公开用户画像报告拟定；仅用于产品Demo，不代表真实调研结果。,2024增换购用户需求洞察｜汽车之家研究院,https://www.autohome.com.cn/news/202409/1300865.html
S095-08,梅赛德斯,奔驰G级AMG,奔驰G级AMG,259.55万,100万以上,常规混合动力,SUV,中大型,5座,北京市,2026-08-01,36-40岁,女,企业高管/企业主,100万以上,已婚二孩及以上,1人,是,是,无车,首购,无车,250-260万,已试驾,1-2个月,家庭共同决策,父母；子女,商务接待；空间升级,家庭出行；周末短途,小红书/抖音内容；品牌直营店/4S店,是,空间舒适；价格权益；豪华感/质感,希望兼顾家人乘坐和周末出行；希望同预算下配置和权益更划算,保值率；高端服务体验,尊界S800；奔驰S级,倾向本品,待定,,受访者关注空间舒适，主要用于家庭出行；同时对保值率仍有疑问，决策中会对比尊界S800；奔驰S级。,先围绕家庭出行场景切入，再把空间舒适转化为可感知体验；对保值率需结合竞品对比和真实用车成本解释。,公开资料方向拟定/模拟问卷样本,基于车型定位、价格段、能源形式、公开车主口碑和公开用户画像报告拟定；仅用于产品Demo，不代表真实调研结果。,2024增换购用户需求洞察｜汽车之家研究院,https://www.autohome.com.cn/news/202409/1300865.html
S096-01,雷克萨斯,雷克萨斯LX,雷克萨斯LX,125.00-155.00万,100万以上,常规混合动力,SUV,大型,4座；7座,江苏省,2026-07-13,31-35岁,男,私营业主/个体经营者,100万以上,已婚二孩及以上,4人,是,是,BBA/传统豪华车,换购,BBA/传统豪华车,120-160万,对比评估,1-2个月,家庭共同决策,KOL/博主；子女；父母,品牌升级；商务接待,接送孩子；城市通勤,朋友/同事推荐；小红书/抖音内容,是,品牌认知；乘坐舒适；价格权益；豪华感/质感,在意品牌形象和商务/社交场景认可度；希望同预算下配置和权益更划算,售后维修成本；保值率,奔驰GLS；路虎卫士,倾向本品,待定,,受访者关注品牌认知，主要用于接送孩子；同时对售后维修成本仍有疑问，决策中会对比奔驰GLS；路虎卫士。,先围绕接送孩子场景切入，再把品牌认知转化为可感知体验；对售后维修成本需结合竞品对比和真实用车成本解释。,公开资料方向拟定/模拟问卷样本,基于车型定位、价格段、能源形式、公开车主口碑和公开用户画像报告拟定；仅用于产品Demo，不代表真实调研结果。,2024增换购用户需求洞察｜汽车之家研究院,https://www.autohome.com.cn/news/202409/1300865.html
S096-02,雷克萨斯,雷克萨斯LX,雷克萨斯LX,125.00-155.00万,100万以上,常规混合动力,SUV,大型,4座；7座,陕西省,2026-06-24,41-45岁,女,私营业主/个体经营者,100万以上,已婚二孩及以上,1人,是,否,家中已有新能源车,增购,家中已有新能源车,120-160万,价格谈判,2个月以上,家庭共同决策,KOL/博主；配偶,空间升级；家庭品质升级,家庭出行；接送孩子,车主群/社群讨论；朋友/同事推荐；KOL评测,是,家庭适配；可靠性；售后服务；价格权益,希望兼顾家人乘坐和周末出行；希望同预算下配置和权益更划算,车机/智能化是否落后；高端服务体验,路虎卫士；揽胜运动,已购,是,,受访者关注家庭适配，主要用于家庭出行；同时对车机/智能化是否落后仍有疑问，决策中会对比路虎卫士；揽胜运动。,先围绕家庭出行场景切入，再把家庭适配转化为可感知体验；对车机/智能化是否落后需结合竞品对比和真实用车成本解释。,公开资料方向拟定/模拟问卷样本,基于车型定位、价格段、能源形式、公开车主口碑和公开用户画像报告拟定；仅用于产品Demo，不代表真实调研结果。,2024增换购用户需求洞察｜汽车之家研究院,https://www.autohome.com.cn/news/202409/1300865.html
S096-03,雷克萨斯,雷克萨斯LX,雷克萨斯LX,125.00-155.00万,100万以上,常规混合动力,SUV,大型,4座；7座,湖北省,2026-08-03,46岁以上,男,私营业主/个体经营者,100万以上,三代同堂,3人,是,是,无车,首购,无车,120-160万,已购/用车复盘,2个月以上,家庭共同决策,子女；KOL/博主,家庭品质升级；通勤代步；商务接待,周末短途；家庭出行；城市通勤,车主群/社群讨论；品牌直营店/4S店；KOL评测,否,第三排/多人乘坐；空间舒适；保值率,希望兼顾家人乘坐和周末出行,油耗是否偏高；车机/智能化是否落后,揽胜运动；Cayenne；揽胜,倾向本品,待定,,受访者关注第三排/多人乘坐，主要用于周末短途；同时对油耗是否偏高仍有疑问，决策中会对比揽胜运动；Cayenne；揽胜。,先围绕周末短途场景切入，再把第三排/多人乘坐转化为可感知体验；对油耗是否偏高需结合竞品对比和真实用车成本解释。,公开资料方向拟定/模拟问卷样本,基于车型定位、价格段、能源形式、公开车主口碑和公开用户画像报告拟定；仅用于产品Demo，不代表真实调研结果。,2024增换购用户需求洞察｜汽车之家研究院,https://www.autohome.com.cn/news/202409/1300865.html
S096-04,雷克萨斯,雷克萨斯LX,雷克萨斯LX,125.00-155.00万,100万以上,常规混合动力,SUV,大型,4座；7座,江苏省,2026-07-01,41-45岁,女,私营业主/个体经营者,100万以上,已婚二孩及以上,3人,是,否,家中已有新能源车,增购,家中已有新能源车,120-160万,已下订,2个月以上,本人+配偶,子女；父母；KOL/博主,家庭出行升级；家庭品质升级,接送孩子；家庭出行,品牌直营店/4S店；小红书/抖音内容；车主群/社群讨论,是,空间舒适；价格权益；品牌认知,希望兼顾家人乘坐和周末出行；在意品牌形象和商务/社交场景认可度；希望同预算下配置和权益更划算,第三排舒适性；价格是否值得；车身尺寸是否好开,Cayenne；揽胜,继续比较,待定,,受访者关注空间舒适，主要用于接送孩子；同时对第三排舒适性仍有疑问，决策中会对比Cayenne；揽胜。,先围绕接送孩子场景切入，再把空间舒适转化为可感知体验；对第三排舒适性需结合竞品对比和真实用车成本解释。,公开资料方向拟定/模拟问卷样本,基于车型定位、价格段、能源形式、公开车主口碑和公开用户画像报告拟定；仅用于产品Demo，不代表真实调研结果。,2024增换购用户需求洞察｜汽车之家研究院,https://www.autohome.com.cn/news/202409/1300865.html
S096-05,雷克萨斯,雷克萨斯LX,雷克萨斯LX,125.00-155.00万,100万以上,常规混合动力,SUV,大型,4座；7座,江苏省,2026-07-06,36-40岁,男,企业高管/企业主,80-100万,已婚二孩及以上,5人及以上,是,是,无车,首购,无车,120-160万,已下订,1-2个月,家庭共同决策,子女；父母；车主评价,家庭品质升级；空间升级,长途自驾；家庭出行；接送孩子,品牌直营店/4S店；KOL评测；小红书/抖音内容,是,空间舒适；豪华感/质感；保值率；安全性,希望兼顾家人乘坐和周末出行,油耗是否偏高；高端服务体验；保值率,揽胜；奔驰GLS,倾向本品,待定,,受访者关注空间舒适，主要用于长途自驾；同时对油耗是否偏高仍有疑问，决策中会对比揽胜；奔驰GLS。,先围绕长途自驾场景切入，再把空间舒适转化为可感知体验；对油耗是否偏高需结合竞品对比和真实用车成本解释。,公开资料方向拟定/模拟问卷样本,基于车型定位、价格段、能源形式、公开车主口碑和公开用户画像报告拟定；仅用于产品Demo，不代表真实调研结果。,2024增换购用户需求洞察｜汽车之家研究院,https://www.autohome.com.cn/news/202409/1300865.html
S096-06,雷克萨斯,雷克萨斯LX,雷克萨斯LX,125.00-155.00万,100万以上,常规混合动力,SUV,大型,4座；7座,广东省,2026-07-20,31-35岁,男,企业高管/企业主,80-100万,三代同堂,3人,是,是,BBA/传统豪华车,换购,BBA/传统豪华车,120-160万,已试驾,2周-1个月,家庭共同决策,父母；配偶；车主评价,通勤代步；空间升级；换新能源,家庭出行；城市通勤,KOL评测；懂车帝/汽车之家口碑；小红书/抖音内容,是,可靠性；保值率；第三排/多人乘坐；家庭适配,希望兼顾家人乘坐和周末出行,车机/智能化是否落后；售后维修成本,奔驰GLS；路虎卫士；揽胜运动,继续比较,待定,,受访者关注可靠性，主要用于家庭出行；同时对车机/智能化是否落后仍有疑问，决策中会对比奔驰GLS；路虎卫士；揽胜运动。,先围绕家庭出行场景切入，再把可靠性转化为可感知体验；对车机/智能化是否落后需结合竞品对比和真实用车成本解释。,公开资料方向拟定/模拟问卷样本,基于车型定位、价格段、能源形式、公开车主口碑和公开用户画像报告拟定；仅用于产品Demo，不代表真实调研结果。,2024增换购用户需求洞察｜汽车之家研究院,https://www.autohome.com.cn/news/202409/1300865.html
S096-07,雷克萨斯,雷克萨斯LX,雷克萨斯LX,125.00-155.00万,100万以上,常规混合动力,SUV,大型,4座；7座,重庆市,2026-06-14,31-35岁,男,金融/地产从业者,80-100万,已婚二孩及以上,2人,是,是,BBA/传统豪华车,换购,BBA/传统豪华车,120-160万,已购/用车复盘,1-2个月,家庭共同决策,车主评价；父母；配偶,空间升级；家庭品质升级,长途自驾；城市通勤；多成员家庭出行,小红书/抖音内容；KOL评测,是,可靠性；空间舒适；豪华感/质感；保值率,希望兼顾家人乘坐和周末出行,保值率；第三排舒适性,路虎卫士；揽胜运动,价格合适会买,待定,,受访者关注可靠性，主要用于长途自驾；同时对保值率仍有疑问，决策中会对比路虎卫士；揽胜运动。,先围绕长途自驾场景切入，再把可靠性转化为可感知体验；对保值率需结合竞品对比和真实用车成本解释。,公开资料方向拟定/模拟问卷样本,基于车型定位、价格段、能源形式、公开车主口碑和公开用户画像报告拟定；仅用于产品Demo，不代表真实调研结果。,2024增换购用户需求洞察｜汽车之家研究院,https://www.autohome.com.cn/news/202409/1300865.html
S096-08,雷克萨斯,雷克萨斯LX,雷克萨斯LX,125.00-155.00万,100万以上,常规混合动力,SUV,大型,4座；7座,浙江省,2026-07-28,41-45岁,女,私营业主/个体经营者,80-100万,已婚一孩,1人,是,是,无车,首购,无车,120-160万,流失/转向竞品,1-2个月,家庭共同决策,父母；配偶,家庭品质升级；家庭出行升级；通勤代步,多成员家庭出行；接送孩子；城市通勤,KOL评测；懂车帝/汽车之家口碑,否,价格权益；第三排/多人乘坐；家庭适配；豪华感/质感,希望兼顾家人乘坐和周末出行；希望同预算下配置和权益更划算,停车便利性；竞品是否更强；车机/智能化是否落后,揽胜运动；Cayenne,继续比较,待定,,受访者关注价格权益，主要用于多成员家庭出行；同时对停车便利性仍有疑问，决策中会对比揽胜运动；Cayenne。,先围绕多成员家庭出行场景切入，再把价格权益转化为可感知体验；对停车便利性需结合竞品对比和真实用车成本解释。,公开资料方向拟定/模拟问卷样本,基于车型定位、价格段、能源形式、公开车主口碑和公开用户画像报告拟定；仅用于产品Demo，不代表真实调研结果。,2024增换购用户需求洞察｜汽车之家研究院,https://www.autohome.com.cn/news/202409/1300865.html
